{
  "stock_id": 8971.877270534635,
  "wap1_sum": 130.53669732809067,
  "wap1_mean": 78.87227426469326,
  "wap1_std": 80.23459796607494,
  "wap2_sum": 95.61692681908607,
  "wap2_mean": 53.39825315773487,
  "wap2_std": 78.06733472645283,
  "log_return1_sum": 112.06724265217781,
  "log_return1_realized_volatility": 87431.78368158638,
  "log_return1_mean": 64.82065886259079,
  "log_return1_std": 459.950567394495,
  "log_return2_sum": 85.2021995484829,
  "log_return2_realized_volatility": 18367.35941901803,
  "log_return2_mean": 84.01985739171505,
  "log_return2_std": 77.5474506765604,
  "wap_balance_sum": 404.28889152407646,
  "wap_balance_mean": 147.81071653962135,
  "wap_balance_std": 104.42630669474602,
  "price_spread_sum": 1029.4150590747595,
  "price_spread_mean": 893.2745184451342,
  "price_spread_std": 187.57340554893017,
  "bid_spread_sum": 60.005384147167206,
  "bid_spread_mean": 1337.575762450695,
  "bid_spread_std": 104.35512094199657,
  "ask_spread_sum": 63.55740702152252,
  "ask_spread_mean": 1260.2032398432493,
  "ask_spread_std": 58.98920029401779,
  "total_volume_sum": 262.0807467997074,
  "total_volume_mean": 241.44074422121048,
  "total_volume_std": 126.59362249076366,
  "volume_imbalance_sum": 78.19358494877815,
  "volume_imbalance_mean": 1229.6177686154842,
  "volume_imbalance_std": 62.88628052175045,
  "wap1_sum_450": 61.086434081196785,
  "wap1_mean_450": 70.7813150882721,
  "wap1_std_450": 175.29750710725784,
  "wap2_sum_450": 83.01284033060074,
  "wap2_mean_450": 99.87526489794254,
  "wap2_std_450": 340.3445697426796,
  "log_return1_sum_450": 66.0980130136013,
  "log_return1_realized_volatility_450": 840.216777741909,
  "log_return1_mean_450": 73.63921821117401,
  "log_return1_std_450": 144.82611149549484,
  "log_return2_sum_450": 89.02775180339813,
  "log_return2_realized_volatility_450": 9249.38632644713,
  "log_return2_mean_450": 77.7576942294836,
  "log_return2_std_450": 71.97935669124126,
  "wap_balance_sum_450": 142.70812524855137,
  "wap_balance_mean_450": 89.5434952378273,
  "wap_balance_std_450": 97.16506265103817,
  "price_spread_sum_450": 449.5066036134958,
  "price_spread_mean_450": 601.7727310955524,
  "price_spread_std_450": 92.40199530124664,
  "bid_spread_sum_450": 68.6792039424181,
  "bid_spread_mean_450": 69.97951477766037,
  "bid_spread_std_450": 71.26788507401943,
  "ask_spread_sum_450": 67.57595306634903,
  "ask_spread_mean_450": 463.6175981014967,
  "ask_spread_std_450": 75.53404495120049,
  "total_volume_sum_450": 79.89730897545815,
  "total_volume_mean_450": 142.40344187617302,
  "total_volume_std_450": 90.71039916574955,
  "volume_imbalance_sum_450": 61.91507971286774,
  "volume_imbalance_mean_450": 61.222569942474365,
  "volume_imbalance_std_450": 59.861752808094025,
  "wap1_sum_300": 91.66584771871567,
  "wap1_mean_300": 48.58445389568806,
  "wap1_std_300": 105.07188235223293,
  "wap2_sum_300": 61.24921610951424,
  "wap2_mean_300": 44.936253011226654,
  "wap2_std_300": 123.0418986082077,
  "log_return1_sum_300": 58.200118601322174,
  "log_return1_realized_volatility_300": 12509.12366476655,
  "log_return1_mean_300": 94.35616382956505,
  "log_return1_std_300": 458.73566268384457,
  "log_return2_sum_300": 66.4479601085186,
  "log_return2_realized_volatility_300": 2205.3904960900545,
  "log_return2_mean_300": 81.34236586093903,
  "log_return2_std_300": 111.47495497763157,
  "wap_balance_sum_300": 152.65439565479755,
  "wap_balance_mean_300": 439.42266492545605,
  "wap_balance_std_300": 80.04539096355438,
  "price_spread_sum_300": 863.4179286509752,
  "price_spread_mean_300": 876.8155111372471,
  "price_spread_std_300": 76.64028209447861,
  "bid_spread_sum_300": 58.45697325468063,
  "bid_spread_mean_300": 70.27698500454426,
  "bid_spread_std_300": 73.32983550429344,
  "ask_spread_sum_300": 74.69818271696568,
  "ask_spread_mean_300": 90.56478987634182,
  "ask_spread_std_300": 82.18909177184105,
  "total_volume_sum_300": 64.85674804449081,
  "total_volume_mean_300": 76.0309190750122,
  "total_volume_std_300": 137.8365897089243,
  "volume_imbalance_sum_300": 37.911836206912994,
  "volume_imbalance_mean_300": 77.91636911034584,
  "volume_imbalance_std_300": 65.25408953428268,
  "wap1_sum_150": 76.18498203158379,
  "wap1_mean_150": 58.93611207604408,
  "wap1_std_150": 84.66191327571869,
  "wap2_sum_150": 55.99517019093037,
  "wap2_mean_150": 47.526832938194275,
  "wap2_std_150": 82.31213606894016,
  "log_return1_sum_150": 79.98765158653259,
  "log_return1_realized_volatility_150": 239393.43380859494,
  "log_return1_mean_150": 62.547107964754105,
  "log_return1_std_150": 564.4546851664782,
  "log_return2_sum_150": 68.66246421635151,
  "log_return2_realized_volatility_150": 7872.152466386557,
  "log_return2_mean_150": 60.184197783470154,
  "log_return2_std_150": 149.20056679844856,
  "wap_balance_sum_150": 443.74387300014496,
  "wap_balance_mean_150": 240.80317628383636,
  "wap_balance_std_150": 126.96579033136368,
  "price_spread_sum_150": 384.3026946336031,
  "price_spread_mean_150": 839.9640807658434,
  "price_spread_std_150": 117.35128033161163,
  "bid_spread_sum_150": 48.05122372508049,
  "bid_spread_mean_150": 66.97431388497353,
  "bid_spread_std_150": 78.3452503234148,
  "ask_spread_sum_150": 66.64898373186588,
  "ask_spread_mean_150": 73.65999951958656,
  "ask_spread_std_150": 55.00853317975998,
  "total_volume_sum_150": 136.57213282585144,
  "total_volume_mean_150": 74.50109754502773,
  "total_volume_std_150": 65.26416772603989,
  "volume_imbalance_sum_150": 59.73894304037094,
  "volume_imbalance_mean_150": 158.74699737131596,
  "volume_imbalance_std_150": 268.35045596957207,
  "trade_log_return_realized_volatility": 2172.472281843424,
  "trade_seconds_in_bucket_count_unique": 349.79922319948673,
  "trade_size_sum": 97.48140110075474,
  "trade_order_count_mean": 334.54054805636406,
  "trade_log_return_realized_volatility_450": 963.1583534032106,
  "trade_seconds_in_bucket_count_unique_450": 304.36985129117966,
  "trade_size_sum_450": 116.51807871460915,
  "trade_order_count_mean_450": 141.37017422914505,
  "trade_log_return_realized_volatility_300": 244.89488284289837,
  "trade_seconds_in_bucket_count_unique_300": 194.18259951472282,
  "trade_size_sum_300": 140.8657423555851,
  "trade_order_count_mean_300": 131.25133474171162,
  "trade_log_return_realized_volatility_150": 255.80272290110588,
  "trade_seconds_in_bucket_count_unique_150": 233.37815310060978,
  "trade_size_sum_150": 140.531513184309,
  "trade_order_count_mean_150": 147.22911456227303,
  "log_return1_realized_volatility_mean_stock": 502.76136699318886,
  "log_return1_realized_volatility_std_stock": 31.026173159480095,
  "log_return1_realized_volatility_max_stock": 20.18596188724041,
  "log_return1_realized_volatility_min_stock": 100.39712376892567,
  "log_return2_realized_volatility_mean_stock": 59.04972104728222,
  "log_return2_realized_volatility_std_stock": 33.15144491195679,
  "log_return2_realized_volatility_max_stock": 23.897506058216095,
  "log_return2_realized_volatility_min_stock": 63.947981119155884,
  "log_return1_realized_volatility_450_mean_stock": 711.5060325115919,
  "log_return1_realized_volatility_450_std_stock": 52.62741920351982,
  "log_return1_realized_volatility_450_max_stock": 13.692157924175262,
  "log_return1_realized_volatility_450_min_stock": 22.21840411424637,
  "log_return2_realized_volatility_450_mean_stock": 198.6197510957718,
  "log_return2_realized_volatility_450_std_stock": 15.914728865027428,
  "log_return2_realized_volatility_450_max_stock": 18.496640980243683,
  "log_return2_realized_volatility_450_min_stock": 20.87781199812889,
  "log_return1_realized_volatility_300_mean_stock": 220.7033587396145,
  "log_return1_realized_volatility_300_std_stock": 10.882996022701263,
  "log_return1_realized_volatility_300_max_stock": 21.605935007333755,
  "log_return1_realized_volatility_300_min_stock": 49.017171919345856,
  "log_return2_realized_volatility_300_mean_stock": 160.1146001815796,