{
  "stock_id": 9980.550281696022,
  "wap1_sum": 143.90770611166954,
  "wap1_mean": 72.44263243675232,
  "wap1_std": 118.15669624507427,
  "wap2_sum": 94.92838381230831,
  "wap2_mean": 85.82853901386261,
  "wap2_std": 101.52816473692656,
  "log_return1_sum": 111.79739701747894,
  "log_return1_realized_volatility": 99379.44807484746,
  "log_return1_mean": 71.38673432171345,
  "log_return1_std": 374.03046756982803,
  "log_return2_sum": 89.27034315466881,
  "log_return2_realized_volatility": 17756.03410577774,
  "log_return2_mean": 108.78446421027184,
  "log_return2_std": 79.23744584619999,
  "wap_balance_sum": 519.186484515667,
  "wap_balance_mean": 194.22306364774704,
  "wap_balance_std": 117.62237213551998,
  "price_spread_sum": 1270.535127311945,
  "price_spread_mean": 1574.8398618623614,
  "price_spread_std": 176.54211881756783,
  "bid_spread_sum": 88.50021414458752,
  "bid_spread_mean": 1354.0575672835112,
  "bid_spread_std": 110.61423480510712,
  "ask_spread_sum": 63.703736916184425,
  "ask_spread_mean": 872.639730617404,
  "ask_spread_std": 89.14987890422344,
  "total_volume_sum": 289.92488174140453,
  "total_volume_mean": 278.85040217638016,
  "total_volume_std": 235.95937687158585,
  "volume_imbalance_sum": 51.41645720601082,
  "volume_imbalance_mean": 531.7877663820982,
  "volume_imbalance_std": 111.54412683844566,
  "wap1_sum_450": 129.67048378288746,
  "wap1_mean_450": 67.06547506153584,
  "wap1_std_450": 339.24234449863434,
  "wap2_sum_450": 69.35348940640688,
  "wap2_mean_450": 121.33535476028919,
  "wap2_std_450": 225.800219476223,
  "log_return1_sum_450": 76.54475789517164,
  "log_return1_realized_volatility_450": 1155.3152915090322,
  "log_return1_mean_450": 91.18993684649467,
  "log_return1_std_450": 300.76018537580967,
  "log_return2_sum_450": 100.47225099802017,
  "log_return2_realized_volatility_450": 9624.706432960927,
  "log_return2_mean_450": 111.1409306153655,
  "log_return2_std_450": 157.30244967341423,
  "wap_balance_sum_450": 185.76948431134224,
  "wap_balance_mean_450": 92.70369520783424,
  "wap_balance_std_450": 120.88405919075012,
  "price_spread_sum_450": 344.0531857833266,
  "price_spread_mean_450": 670.9170982092619,
  "price_spread_std_450": 103.48214665055275,
  "bid_spread_sum_450": 76.03391256928444,
  "bid_spread_mean_450": 70.96817483007908,
  "bid_spread_std_450": 108.22424100339413,
  "ask_spread_sum_450": 66.13570795953274,
  "ask_spread_mean_450": 970.886141911149,
  "ask_spread_std_450": 64.57636485993862,
  "total_volume_sum_450": 79.42297115921974,
  "total_volume_mean_450": 85.56160604953766,
  "total_volume_std_450": 93.89502967894077,
  "volume_imbalance_sum_450": 62.966752246022224,
  "volume_imbalance_mean_450": 82.97800403833389,
  "volume_imbalance_std_450": 78.1453228443861,
  "wap1_sum_300": 90.5023497492075,
  "wap1_mean_300": 74.14797785878181,
  "wap1_std_300": 115.11924237012863,
  "wap2_sum_300": 60.33875331282616,
  "wap2_mean_300": 63.11208488047123,
  "wap2_std_300": 126.37730850279331,
  "log_return1_sum_300": 78.23841924220324,
  "log_return1_realized_volatility_300": 22190.225923419,
  "log_return1_mean_300": 94.84390504658222,
  "log_return1_std_300": 674.1775798499584,
  "log_return2_sum_300": 65.51563194394112,
  "log_return2_realized_volatility_300": 2701.8271009996533,
  "log_return2_mean_300": 97.47330412268639,
  "log_return2_std_300": 101.12438841164112,
  "wap_balance_sum_300": 211.74035668373108,
  "wap_balance_mean_300": 163.38397839665413,
  "wap_balance_std_300": 79.11683283746243,
  "price_spread_sum_300": 838.0924929380417,
  "price_spread_mean_300": 1459.5840772092342,
  "price_spread_std_300": 94.96560180187225,
  "bid_spread_sum_300": 51.970091074705124,
  "bid_spread_mean_300": 71.98909604549408,
  "bid_spread_std_300": 75.37772028148174,
  "ask_spread_sum_300": 57.10610182583332,
  "ask_spread_mean_300": 329.55689960718155,
  "ask_spread_std_300": 112.62978059053421,
  "total_volume_sum_300": 75.58740496635437,
  "total_volume_mean_300": 98.73076888918877,
  "total_volume_std_300": 91.4681957513094,
  "volume_imbalance_sum_300": 47.047339752316475,
  "volume_imbalance_mean_300": 496.3859820961952,
  "volume_imbalance_std_300": 231.90801520645618,
  "wap1_sum_150": 107.35294346511364,
  "wap1_mean_150": 61.34060429036617,
  "wap1_std_150": 91.29828080534935,
  "wap2_sum_150": 70.97551327198744,
  "wap2_mean_150": 42.258262142539024,
  "wap2_std_150": 96.59360608458519,
  "log_return1_sum_150": 85.13005600869656,
  "log_return1_realized_volatility_150": 249134.0946051404,
  "log_return1_mean_150": 79.71301802992821,
  "log_return1_std_150": 444.47110721468925,
  "log_return2_sum_150": 70.59927915036678,
  "log_return2_realized_volatility_150": 10208.147063657641,
  "log_return2_mean_150": 75.96611198782921,
  "log_return2_std_150": 123.44848008453846,
  "wap_balance_sum_150": 205.6444343328476,
  "wap_balance_mean_150": 123.69804193079472,
  "wap_balance_std_150": 111.31445175409317,
  "price_spread_sum_150": 411.4377898275852,
  "price_spread_mean_150": 396.69048584997654,
  "price_spread_std_150": 98.73980076611042,
  "bid_spread_sum_150": 69.74999199807644,
  "bid_spread_mean_150": 75.32941497862339,
  "bid_spread_std_150": 63.54022917151451,
  "ask_spread_sum_150": 75.49346686899662,
  "ask_spread_mean_150": 74.99426192045212,
  "ask_spread_std_150": 54.89899989962578,
  "total_volume_sum_150": 145.66515624523163,
  "total_volume_mean_150": 126.11953139305115,
  "total_volume_std_150": 79.0610952526331,
  "volume_imbalance_sum_150": 72.34165723621845,
  "volume_imbalance_mean_150": 153.0011157542467,
  "volume_imbalance_std_150": 124.5748233050108,
  "trade_log_return_realized_volatility": 2454.647616893053,
  "trade_seconds_in_bucket_count_unique": 351.52825927734375,
  "trade_size_sum": 141.06124356389046,
  "trade_order_count_mean": 222.73213815689087,
  "trade_log_return_realized_volatility_450": 1003.3993959203362,
  "trade_seconds_in_bucket_count_unique_450": 253.98815017938614,
  "trade_size_sum_450": 137.95723432302475,
  "trade_order_count_mean_450": 180.48133082687855,
  "trade_log_return_realized_volatility_300": 251.85368439555168,
  "trade_seconds_in_bucket_count_unique_300": 256.96250246465206,
  "trade_size_sum_300": 161.22261674702168,
  "trade_order_count_mean_300": 200.563295468688,
  "trade_log_return_realized_volatility_150": 176.23899863660336,
  "trade_seconds_in_bucket_count_unique_150": 203.663863748312,
  "trade_size_sum_150": 139.07031279802322,
  "trade_order_count_mean_150": 170.32388362288475,
  "log_return1_realized_volatility_mean_stock": 442.53308476507664,
  "log_return1_realized_volatility_std_stock": 44.70115202665329,
  "log_return1_realized_volatility_max_stock": 20.08583115041256,
  "log_return1_realized_volatility_min_stock": 70.5016124099493,
  "log_return2_realized_volatility_mean_stock": 97.02828660607338,
  "log_return2_realized_volatility_std_stock": 75.66234737634659,
  "log_return2_realized_volatility_max_stock": 23.89413794875145,
  "log_return2_realized_volatility_min_stock": 68.3194817751646,
  "log_return1_realized_volatility_450_mean_stock": 754.7148589491844,
  "log_return1_realized_volatility_450_std_stock": 38.27382434904575,
  "log_return1_realized_volatility_450_max_stock": 15.483421072363853,
  "log_return1_realized_volatility_450_min_stock": 24.709176898002625,
  "log_return2_realized_volatility_450_mean_stock": 128.15743701159954,
  "log_return2_realized_volatility_450_std_stock": 67.92205718159676,
  "log_return2_realized_volatility_450_max_stock": 21.292394131422043,
  "log_return2_realized_volatility_450_min_stock": 18.876078069210052,
  "log_return1_realized_volatility_300_mean_stock": 327.69580191373825,
  "log_return1_realized_volatility_300_std_stock": 18.73628404736519,
  "log_return1_realized_volatility_300_max_stock": 18.94756019115448,
  "log_return1_realized_volatility_300_min_stock": 49.735552832484245,
  "log_return2_realized_volatility_300_mean_stock": 178.58225691318512,