{
  "stock_id": 10388.327667966485,
  "wap1_sum": 119.4971861243248,
  "wap1_mean": 84.89898100495338,
  "wap1_std": 130.93706533312798,
  "wap2_sum": 95.01809597015381,
  "wap2_mean": 67.67717391252518,
  "wap2_std": 103.54046282172203,
  "log_return1_sum": 107.19479389488697,
  "log_return1_realized_volatility": 103090.45194994658,
  "log_return1_mean": 76.5499476492405,
  "log_return1_std": 292.8241267502308,
  "log_return2_sum": 122.08780675381422,
  "log_return2_realized_volatility": 20535.667765811086,
  "log_return2_mean": 74.12685659527779,
  "log_return2_std": 78.30238254368305,
  "wap_balance_sum": 562.5959370881319,
  "wap_balance_mean": 182.59930588304996,
  "wap_balance_std": 112.45183892548084,
  "price_spread_sum": 1276.354147553444,
  "price_spread_mean": 685.793041691184,
  "price_spread_std": 155.0020687058568,
  "bid_spread_sum": 92.14677287638187,
  "bid_spread_mean": 1413.108303040266,
  "bid_spread_std": 130.05653703212738,
  "ask_spread_sum": 61.194054931402206,
  "ask_spread_mean": 1375.5214843004942,
  "ask_spread_std": 76.88955986499786,
  "total_volume_sum": 277.3706940859556,
  "total_volume_mean": 333.7410534918308,
  "total_volume_std": 282.27608705312014,
  "volume_imbalance_sum": 63.77464896440506,
  "volume_imbalance_mean": 906.493552967906,
  "volume_imbalance_std": 251.4649247378111,
  "wap1_sum_450": 115.74072636663914,
  "wap1_mean_450": 62.4977510869503,
  "wap1_std_450": 309.13421934843063,
  "wap2_sum_450": 76.09593524038792,
  "wap2_mean_450": 130.9396152794361,
  "wap2_std_450": 298.3100149333477,
  "log_return1_sum_450": 80.60924676060677,
  "log_return1_realized_volatility_450": 1235.211920492351,
  "log_return1_mean_450": 86.87486691772938,
  "log_return1_std_450": 329.7716709077358,
  "log_return2_sum_450": 107.78503216803074,
  "log_return2_realized_volatility_450": 9952.615684114397,
  "log_return2_mean_450": 107.98712307959795,
  "log_return2_std_450": 118.87523549050093,
  "wap_balance_sum_450": 161.23121857643127,
  "wap_balance_mean_450": 91.00995000451803,
  "wap_balance_std_450": 79.05575599521399,
  "price_spread_sum_450": 409.8107198178768,
  "price_spread_mean_450": 704.6320442184806,
  "price_spread_std_450": 88.27881073951721,
  "bid_spread_sum_450": 111.4841089695692,
  "bid_spread_mean_450": 114.06515127420425,
  "bid_spread_std_450": 90.78723560273647,
  "ask_spread_sum_450": 77.0645900964737,
  "ask_spread_mean_450": 1013.6233615726233,
  "ask_spread_std_450": 87.83062627911568,
  "total_volume_sum_450": 98.44027993083,
  "total_volume_mean_450": 201.33058137446642,
  "total_volume_std_450": 84.71307121217251,
  "volume_imbalance_sum_450": 72.02685169875622,
  "volume_imbalance_mean_450": 72.53769220411777,
  "volume_imbalance_std_450": 63.23918789625168,
  "wap1_sum_300": 84.77544969320297,
  "wap1_mean_300": 81.35592156648636,
  "wap1_std_300": 135.57233367860317,
  "wap2_sum_300": 64.39881214499474,
  "wap2_mean_300": 59.92088796943426,
  "wap2_std_300": 112.79668581485748,
  "log_return1_sum_300": 85.00098177790642,
  "log_return1_realized_volatility_300": 22234.265231244266,
  "log_return1_mean_300": 101.27487087249756,
  "log_return1_std_300": 525.2830161005259,
  "log_return2_sum_300": 75.6369823217392,
  "log_return2_realized_volatility_300": 2023.4967612475157,
  "log_return2_mean_300": 86.8606958836317,
  "log_return2_std_300": 149.4194867014885,
  "wap_balance_sum_300": 211.0333857834339,
  "wap_balance_mean_300": 355.6279730349779,
  "wap_balance_std_300": 99.28853392601013,
  "price_spread_sum_300": 1575.637886211276,
  "price_spread_mean_300": 1473.4842456281185,
  "price_spread_std_300": 93.77076764404774,
  "bid_spread_sum_300": 64.16365596652031,
  "bid_spread_mean_300": 74.94991312921047,
  "bid_spread_std_300": 91.26064923405647,
  "ask_spread_sum_300": 75.76455081999302,
  "ask_spread_mean_300": 96.84154989570379,
  "ask_spread_std_300": 102.68822795897722,
  "total_volume_sum_300": 89.06464901566505,
  "total_volume_mean_300": 77.47654910385609,
  "total_volume_std_300": 98.98679909110069,
  "volume_imbalance_sum_300": 64.87473194301128,
  "volume_imbalance_mean_300": 304.09711170196533,
  "volume_imbalance_std_300": 71.5085267573595,
  "wap1_sum_150": 85.38257981836796,
  "wap1_mean_150": 56.97876700013876,
  "wap1_std_150": 82.81603304296732,
  "wap2_sum_150": 71.44513016939163,
  "wap2_mean_150": 42.648607045412064,
  "wap2_std_150": 143.56789802014828,
  "log_return1_sum_150": 96.7477401047945,
  "log_return1_realized_volatility_150": 258929.37805763632,
  "log_return1_mean_150": 70.15782200545073,
  "log_return1_std_150": 458.5834017023444,
  "log_return2_sum_150": 79.57986275106668,
  "log_return2_realized_volatility_150": 9714.93132454902,
  "log_return2_mean_150": 71.34848384559155,
  "log_return2_std_150": 92.32323624193668,
  "wap_balance_sum_150": 421.5306125432253,
  "wap_balance_mean_150": 164.91809333860874,
  "wap_balance_std_150": 110.63454876840115,
  "price_spread_sum_150": 157.21572521328926,
  "price_spread_mean_150": 526.2949185371399,
  "price_spread_std_150": 108.22398932278156,
  "bid_spread_sum_150": 72.52384685724974,
  "bid_spread_mean_150": 84.54609597474337,
  "bid_spread_std_150": 70.47945016622543,
  "ask_spread_sum_150": 66.58784592151642,
  "ask_spread_mean_150": 144.28083975613117,
  "ask_spread_std_150": 62.401760905981064,
  "total_volume_sum_150": 106.06278577446938,
  "total_volume_mean_150": 124.54187977313995,
  "total_volume_std_150": 83.66417917609215,
  "volume_imbalance_sum_150": 45.11629195511341,
  "volume_imbalance_mean_150": 170.02063250541687,
  "volume_imbalance_std_150": 59.26728592813015,
  "trade_log_return_realized_volatility": 2866.9370293468237,
  "trade_seconds_in_bucket_count_unique": 358.0628586113453,
  "trade_size_sum": 121.90385910868645,
  "trade_order_count_mean": 223.7843971773982,
  "trade_log_return_realized_volatility_450": 1107.7293103784323,
  "trade_seconds_in_bucket_count_unique_450": 232.12605483829975,
  "trade_size_sum_450": 106.74416969716549,
  "trade_order_count_mean_450": 179.82307831943035,
  "trade_log_return_realized_volatility_300": 193.29957017302513,
  "trade_seconds_in_bucket_count_unique_300": 310.5989745333791,
  "trade_size_sum_300": 174.6444498449564,
  "trade_order_count_mean_300": 206.07226793467999,
  "trade_log_return_realized_volatility_150": 213.28553925454617,
  "trade_seconds_in_bucket_count_unique_150": 235.34738877415657,
  "trade_size_sum_150": 127.69476002454758,
  "trade_order_count_mean_150": 200.86311389505863,
  "log_return1_realized_volatility_mean_stock": 512.0954569280148,
  "log_return1_realized_volatility_std_stock": 62.5218641012907,
  "log_return1_realized_volatility_max_stock": 19.214120984077454,
  "log_return1_realized_volatility_min_stock": 97.64433453977108,
  "log_return2_realized_volatility_mean_stock": 65.16269421577454,
  "log_return2_realized_volatility_std_stock": 44.418824672698975,
  "log_return2_realized_volatility_max_stock": 26.417345955967903,
  "log_return2_realized_volatility_min_stock": 49.58871376514435,
  "log_return1_realized_volatility_450_mean_stock": 686.8380166143179,
  "log_return1_realized_volatility_450_std_stock": 43.23397155106068,
  "log_return1_realized_volatility_450_max_stock": 23.297041907906532,
  "log_return1_realized_volatility_450_min_stock": 29.244173228740692,
  "log_return2_realized_volatility_450_mean_stock": 113.38157100975513,
  "log_return2_realized_volatility_450_std_stock": 50.896224081516266,
  "log_return2_realized_volatility_450_max_stock": 32.857939928770065,
  "log_return2_realized_volatility_450_min_stock": 24.89693509042263,
  "log_return1_realized_volatility_300_mean_stock": 392.08050242066383,
  "log_return1_realized_volatility_300_std_stock": 19.62644900381565,
  "log_return1_realized_volatility_300_max_stock": 18.421817049384117,
  "log_return1_realized_volatility_300_min_stock": 45.031250178813934,
  "log_return2_realized_volatility_300_mean_stock": 199.3021927922964,