{
  "stock_id": 7165.633706793189,
  "wap1_sum": 127.07534678280354,
  "wap1_mean": 86.14974677562714,
  "wap1_std": 139.2754101753235,
  "wap2_sum": 85.66462425887585,
  "wap2_mean": 92.54376292228699,
  "wap2_std": 120.19549070298672,
  "log_return1_sum": 110.5763382166624,
  "log_return1_realized_volatility": 76239.97989462316,
  "log_return1_mean": 133.7924783229828,
  "log_return1_std": 367.8859165608883,
  "log_return2_sum": 113.24019673466682,
  "log_return2_realized_volatility": 8679.879728749394,
  "log_return2_mean": 134.03525824844837,
  "log_return2_std": 220.55903562903404,
  "wap_balance_sum": 370.06527122855186,
  "wap_balance_mean": 293.645406126976,
  "wap_balance_std": 258.81321942806244,
  "price_spread_sum": 699.5098032355309,
  "price_spread_mean": 856.8262143582106,
  "price_spread_std": 193.06370870769024,
  "bid_spread_sum": 109.58159683644772,
  "bid_spread_mean": 105.6087232530117,
  "bid_spread_std": 122.92590233683586,
  "ask_spread_sum": 100.2224541157484,
  "ask_spread_mean": 874.3977052271366,
  "ask_spread_std": 114.96544414758682,
  "total_volume_sum": 111.35361884534359,
  "total_volume_mean": 182.39566379785538,
  "total_volume_std": 98.9630254805088,
  "volume_imbalance_sum": 68.96665824949741,
  "volume_imbalance_mean": 100.68593659996986,
  "volume_imbalance_std": 180.15836782753468,
  "wap1_sum_450": 96.45948512852192,
  "wap1_mean_450": 133.70718176662922,
  "wap1_std_450": 208.71998851001263,
  "wap2_sum_450": 150.35933010280132,
  "wap2_mean_450": 96.5260439813137,
  "wap2_std_450": 247.95842710137367,
  "log_return1_sum_450": 108.15020695328712,
  "log_return1_realized_volatility_450": 624.8351241797209,
  "log_return1_mean_450": 135.6113241314888,
  "log_return1_std_450": 242.31496910750866,
  "log_return2_sum_450": 135.75693683326244,
  "log_return2_realized_volatility_450": 2570.7274532467127,
  "log_return2_mean_450": 112.96732668578625,
  "log_return2_std_450": 187.69632282853127,
  "wap_balance_sum_450": 175.21705070137978,
  "wap_balance_mean_450": 524.7429529428482,
  "wap_balance_std_450": 152.26805149018764,
  "price_spread_sum_450": 428.99142791330814,
  "price_spread_mean_450": 1070.0318795442581,
  "price_spread_std_450": 254.59638644754887,
  "bid_spread_sum_450": 135.6721574664116,
  "bid_spread_mean_450": 117.34069703519344,
  "bid_spread_std_450": 106.23565508425236,
  "ask_spread_sum_450": 93.67123882472515,
  "ask_spread_mean_450": 816.7839516401291,
  "ask_spread_std_450": 86.36888732016087,
  "total_volume_sum_450": 321.75505247712135,
  "total_volume_mean_450": 116.10235188901424,
  "total_volume_std_450": 123.72743897140026,
  "volume_imbalance_sum_450": 86.66663247346878,
  "volume_imbalance_mean_450": 85.71251866221428,
  "volume_imbalance_std_450": 82.63757310807705,
  "wap1_sum_300": 85.45364485681057,
  "wap1_mean_300": 73.12375228106976,
  "wap1_std_300": 140.380381077528,
  "wap2_sum_300": 74.19844283163548,
  "wap2_mean_300": 69.610919252038,
  "wap2_std_300": 147.07969222962856,
  "log_return1_sum_300": 103.17775771021843,
  "log_return1_realized_volatility_300": 5364.582809224725,
  "log_return1_mean_300": 111.45248490571976,
  "log_return1_std_300": 715.6888754814863,
  "log_return2_sum_300": 139.29967014491558,
  "log_return2_realized_volatility_300": 830.5591151565313,
  "log_return2_mean_300": 117.70212407410145,
  "log_return2_std_300": 103.80511009693146,
  "wap_balance_sum_300": 198.4318272024393,
  "wap_balance_mean_300": 660.4234148412943,
  "wap_balance_std_300": 141.10418859124184,
  "price_spread_sum_300": 757.3018329441547,
  "price_spread_mean_300": 639.2669723331928,
  "price_spread_std_300": 115.68318781256676,
  "bid_spread_sum_300": 95.51518185436726,
  "bid_spread_mean_300": 103.04700291156769,
  "bid_spread_std_300": 99.85927000641823,
  "ask_spread_sum_300": 89.65211093425751,
  "ask_spread_mean_300": 117.72428475320339,
  "ask_spread_std_300": 128.54838709533215,
  "total_volume_sum_300": 117.13736283779144,
  "total_volume_mean_300": 96.95235994458199,
  "total_volume_std_300": 164.33312386274338,
  "volume_imbalance_sum_300": 69.16379478573799,
  "volume_imbalance_mean_300": 102.08381800353527,
  "volume_imbalance_std_300": 89.7758788317442,
  "wap1_sum_150": 86.97478985786438,
  "wap1_mean_150": 83.62663765251637,
  "wap1_std_150": 81.48697167634964,
  "wap2_sum_150": 85.68686883151531,
  "wap2_mean_150": 61.75687301158905,
  "wap2_std_150": 166.26996830105782,
  "log_return1_sum_150": 98.57947552204132,
  "log_return1_realized_volatility_150": 157544.16393443942,
  "log_return1_mean_150": 97.9500691741705,
  "log_return1_std_150": 212.34723491966724,
  "log_return2_sum_150": 91.17025466263294,
  "log_return2_realized_volatility_150": 3515.121573150158,
  "log_return2_mean_150": 106.395508736372,
  "log_return2_std_150": 219.76746809482574,
  "wap_balance_sum_150": 214.41648897528648,
  "wap_balance_mean_150": 120.60409617424011,
  "wap_balance_std_150": 123.8853619992733,
  "price_spread_sum_150": 481.7148534953594,
  "price_spread_mean_150": 326.95504918694496,
  "price_spread_std_150": 157.79961934685707,
  "bid_spread_sum_150": 90.33645394444466,
  "bid_spread_mean_150": 105.94307394325733,
  "bid_spread_std_150": 96.4995810687542,
  "ask_spread_sum_150": 104.14986377954483,
  "ask_spread_mean_150": 93.29939283430576,
  "ask_spread_std_150": 80.58903259038925,
  "total_volume_sum_150": 241.94885124266148,
  "total_volume_mean_150": 104.64648112654686,
  "total_volume_std_150": 106.48556818068027,
  "volume_imbalance_sum_150": 81.38092976808548,
  "volume_imbalance_mean_150": 798.4065007269382,
  "volume_imbalance_std_150": 127.82324042916298,
  "trade_log_return_realized_volatility": 794.2858379483223,
  "trade_seconds_in_bucket_count_unique": 254.25352431833744,
  "trade_size_sum": 132.99654798209667,
  "trade_order_count_mean": 194.38142904639244,
  "trade_log_return_realized_volatility_450": 809.1175243407488,
  "trade_seconds_in_bucket_count_unique_450": 223.9432204067707,
  "trade_size_sum_450": 181.87378585338593,
  "trade_order_count_mean_450": 244.49768516421318,
  "trade_log_return_realized_volatility_300": 283.3384785801172,
  "trade_seconds_in_bucket_count_unique_300": 213.83872292935848,
  "trade_size_sum_300": 133.01276025176048,
  "trade_order_count_mean_300": 226.3117130100727,
  "trade_log_return_realized_volatility_150": 198.08048462867737,
  "trade_seconds_in_bucket_count_unique_150": 190.0932280421257,
  "trade_size_sum_150": 151.01563400030136,
  "trade_order_count_mean_150": 161.41149507462978,
  "log_return1_realized_volatility_mean_stock": 282.17281752824783,
  "log_return1_realized_volatility_std_stock": 57.510386019945145,
  "log_return1_realized_volatility_max_stock": 28.257991135120392,
  "log_return1_realized_volatility_min_stock": 47.08162894845009,
  "log_return2_realized_volatility_mean_stock": 104.27716162800789,
  "log_return2_realized_volatility_std_stock": 43.06385192275047,
  "log_return2_realized_volatility_max_stock": 32.00467994809151,
  "log_return2_realized_volatility_min_stock": 71.28238742053509,
  "log_return1_realized_volatility_450_mean_stock": 351.29656824469566,
  "log_return1_realized_volatility_450_std_stock": 37.66009910404682,
  "log_return1_realized_volatility_450_max_stock": 17.24841906130314,
  "log_return1_realized_volatility_450_min_stock": 33.83142305910587,
  "log_return2_realized_volatility_450_mean_stock": 117.44621321558952,
  "log_return2_realized_volatility_450_std_stock": 35.118754133582115,
  "log_return2_realized_volatility_450_max_stock": 19.505847916007042,
  "log_return2_realized_volatility_450_min_stock": 23.77604205906391,
  "log_return1_realized_volatility_300_mean_stock": 114.23017174005508,
  "log_return1_realized_volatility_300_std_stock": 18.287180244922638,
  "log_return1_realized_volatility_300_max_stock": 25.221200808882713,
  "log_return1_realized_volatility_300_min_stock": 53.5878741145134,
  "log_return2_realized_volatility_300_mean_stock": 49.52470126748085,