{
  "stock_id": 9388.56589576602,
  "wap1_sum": 134.68032874166965,
  "wap1_mean": 79.19414241611958,
  "wap1_std": 91.85203072428703,
  "wap2_sum": 101.28445456922054,
  "wap2_mean": 61.423955246806145,
  "wap2_std": 94.88180120289326,
  "log_return1_sum": 126.28743417561054,
  "log_return1_realized_volatility": 96811.5538956821,
  "log_return1_mean": 123.11647836863995,
  "log_return1_std": 2366.112524032593,
  "log_return2_sum": 103.66868603229523,
  "log_return2_realized_volatility": 18929.999220699072,
  "log_return2_mean": 92.48398032784462,
  "log_return2_std": 89.57610274851322,
  "wap_balance_sum": 463.6528623253107,
  "wap_balance_mean": 103.65507633984089,
  "wap_balance_std": 115.20468080043793,
  "price_spread_sum": 1285.378330692649,
  "price_spread_mean": 1281.8330441117287,
  "price_spread_std": 182.71599964797497,
  "bid_spread_sum": 82.79897992312908,
  "bid_spread_mean": 1351.4951979368925,
  "bid_spread_std": 103.87707830965519,
  "ask_spread_sum": 75.65624801814556,
  "ask_spread_mean": 959.504343777895,
  "ask_spread_std": 87.49306705594063,
  "total_volume_sum": 300.37829303741455,
  "total_volume_mean": 293.49606519937515,
  "total_volume_std": 235.16907653212547,
  "volume_imbalance_sum": 66.56957183778286,
  "volume_imbalance_mean": 610.4134724885225,
  "volume_imbalance_std": 133.0871610790491,
  "wap1_sum_450": 145.06290510296822,
  "wap1_mean_450": 105.3043032437563,
  "wap1_std_450": 317.36882139742374,
  "wap2_sum_450": 65.64745832979679,
  "wap2_mean_450": 105.81384608149529,
  "wap2_std_450": 228.79439494013786,
  "log_return1_sum_450": 79.85231837630272,
  "log_return1_realized_volatility_450": 1165.0622362196445,
  "log_return1_mean_450": 105.84218090772629,
  "log_return1_std_450": 339.53989450633526,
  "log_return2_sum_450": 91.18242263793945,
  "log_return2_realized_volatility_450": 9437.404443770647,
  "log_return2_mean_450": 96.75611364841461,
  "log_return2_std_450": 139.36809085309505,
  "wap_balance_sum_450": 229.1651794463396,
  "wap_balance_mean_450": 88.47170387208462,
  "wap_balance_std_450": 119.31936329603195,
  "price_spread_sum_450": 419.18700014054775,
  "price_spread_mean_450": 681.494086638093,
  "price_spread_std_450": 128.9799501001835,
  "bid_spread_sum_450": 110.31440423429012,
  "bid_spread_mean_450": 86.61922235786915,
  "bid_spread_std_450": 90.21340388059616,
  "ask_spread_sum_450": 77.24895694851875,
  "ask_spread_mean_450": 1750.1046113967896,
  "ask_spread_std_450": 89.5039609670639,
  "total_volume_sum_450": 115.9513311162591,
  "total_volume_mean_450": 169.39313092827797,
  "total_volume_std_450": 104.2531051337719,
  "volume_imbalance_sum_450": 74.87472297251225,
  "volume_imbalance_mean_450": 79.01652610301971,
  "volume_imbalance_std_450": 75.95167173445225,
  "wap1_sum_300": 81.66521753370762,
  "wap1_mean_300": 72.21234682202339,
  "wap1_std_300": 128.83786614239216,
  "wap2_sum_300": 151.63250297307968,
  "wap2_mean_300": 69.97710871696472,
  "wap2_std_300": 121.86226034164429,
  "log_return1_sum_300": 96.02919919788837,
  "log_return1_realized_volatility_300": 23710.811826825142,
  "log_return1_mean_300": 108.68276460468769,
  "log_return1_std_300": 643.474655970931,
  "log_return2_sum_300": 98.77632136642933,
  "log_return2_realized_volatility_300": 2937.7962240427732,
  "log_return2_mean_300": 94.19387196004391,
  "log_return2_std_300": 151.35748636722565,
  "wap_balance_sum_300": 244.68403461575508,
  "wap_balance_mean_300": 399.43220932781696,
  "wap_balance_std_300": 103.22355309128761,
  "price_spread_sum_300": 1106.9854441434145,
  "price_spread_mean_300": 589.3378061950207,
  "price_spread_std_300": 84.13730175793171,
  "bid_spread_sum_300": 67.76917806267738,
  "bid_spread_mean_300": 106.83949725329876,
  "bid_spread_std_300": 107.81781049072742,
  "ask_spread_sum_300": 87.78244799375534,
  "ask_spread_mean_300": 104.88895206153393,
  "ask_spread_std_300": 110.97717009484768,
  "total_volume_sum_300": 100.65522086620331,
  "total_volume_mean_300": 110.0503755658865,
  "total_volume_std_300": 105.45053446292877,
  "volume_imbalance_sum_300": 63.83374311029911,
  "volume_imbalance_mean_300": 117.27571368217468,
  "volume_imbalance_std_300": 61.707292050123215,
  "wap1_sum_150": 103.48576387763023,
  "wap1_mean_150": 79.63905577361584,
  "wap1_std_150": 73.82281494885683,
  "wap2_sum_150": 104.40989769995213,
  "wap2_mean_150": 49.06831866502762,
  "wap2_std_150": 195.18125633895397,
  "log_return1_sum_150": 83.82762210071087,
  "log_return1_realized_volatility_150": 248471.1338198334,
  "log_return1_mean_150": 97.15411932766438,
  "log_return1_std_150": 386.1104197949171,
  "log_return2_sum_150": 66.71743795275688,
  "log_return2_realized_volatility_150": 9152.906850263476,
  "log_return2_mean_150": 60.657359182834625,
  "log_return2_std_150": 83.87225192785263,
  "wap_balance_sum_150": 327.5272730141878,
  "wap_balance_mean_150": 136.6355695426464,
  "wap_balance_std_150": 97.06869401037693,
  "price_spread_sum_150": 308.11401745676994,
  "price_spread_mean_150": 764.9373633563519,
  "price_spread_std_150": 107.42683833837509,
  "bid_spread_sum_150": 69.12926298379898,
  "bid_spread_mean_150": 91.5484887957573,
  "bid_spread_std_150": 80.63665996491909,
  "ask_spread_sum_150": 62.271674036979675,
  "ask_spread_mean_150": 114.42754253745079,
  "ask_spread_std_150": 82.19797219336033,
  "total_volume_sum_150": 80.10355810821056,
  "total_volume_mean_150": 99.91460683941841,
  "total_volume_std_150": 78.04676435887814,
  "volume_imbalance_sum_150": 101.28630743920803,
  "volume_imbalance_mean_150": 412.2205399572849,
  "volume_imbalance_std_150": 56.022944048047066,
  "trade_log_return_realized_volatility": 3309.739249229431,
  "trade_seconds_in_bucket_count_unique": 345.3914558291435,
  "trade_size_sum": 112.91724082827568,
  "trade_order_count_mean": 248.05452309548855,
  "trade_log_return_realized_volatility_450": 902.9026097506285,
  "trade_seconds_in_bucket_count_unique_450": 203.8313424885273,
  "trade_size_sum_450": 146.16093672811985,
  "trade_order_count_mean_450": 174.34678161144257,
  "trade_log_return_realized_volatility_300": 706.3923983573914,
  "trade_seconds_in_bucket_count_unique_300": 263.52360485494137,
  "trade_size_sum_300": 142.9666355252266,
  "trade_order_count_mean_300": 173.11378510296345,
  "trade_log_return_realized_volatility_150": 192.98654600977898,
  "trade_seconds_in_bucket_count_unique_150": 175.24644139409065,
  "trade_size_sum_150": 119.93046243488789,
  "trade_order_count_mean_150": 172.9840860068798,
  "log_return1_realized_volatility_mean_stock": 447.8904436826706,
  "log_return1_realized_volatility_std_stock": 35.921646788716316,
  "log_return1_realized_volatility_max_stock": 17.221235021948814,
  "log_return1_realized_volatility_min_stock": 57.92448763549328,
  "log_return2_realized_volatility_mean_stock": 137.64081628620625,
  "log_return2_realized_volatility_std_stock": 92.15654000639915,
  "log_return2_realized_volatility_max_stock": 20.081420108675957,
  "log_return2_realized_volatility_min_stock": 96.56223464012146,
  "log_return1_realized_volatility_450_mean_stock": 820.2285175174475,
  "log_return1_realized_volatility_450_std_stock": 39.05773948132992,
  "log_return1_realized_volatility_450_max_stock": 14.896147891879082,
  "log_return1_realized_volatility_450_min_stock": 28.946943819522858,
  "log_return2_realized_volatility_450_mean_stock": 140.06548576056957,
  "log_return2_realized_volatility_450_std_stock": 49.75901433825493,
  "log_return2_realized_volatility_450_max_stock": 25.370718881487846,
  "log_return2_realized_volatility_450_min_stock": 28.97160641849041,
  "log_return1_realized_volatility_300_mean_stock": 336.6061043739319,
  "log_return1_realized_volatility_300_std_stock": 18.600703105330467,
  "log_return1_realized_volatility_300_max_stock": 25.207704916596413,
  "log_return1_realized_volatility_300_min_stock": 67.01955570280552,
  "log_return2_realized_volatility_300_mean_stock": 87.72661902010441,