{
  "stock_id": 7982.775079458952,
  "wap1_sum": 126.83430370688438,
  "wap1_mean": 79.9080001860857,
  "wap1_std": 96.14974221587181,
  "wap2_sum": 96.7814560085535,
  "wap2_mean": 66.08173295855522,
  "wap2_std": 111.5755682438612,
  "log_return1_sum": 93.91266104578972,
  "log_return1_realized_volatility": 91946.864141047,
  "log_return1_mean": 73.72755293548107,
  "log_return1_std": 2485.4171774834394,
  "log_return2_sum": 76.38018292188644,
  "log_return2_realized_volatility": 22822.685850828886,
  "log_return2_mean": 90.33242942392826,
  "log_return2_std": 141.9738378971815,
  "wap_balance_sum": 425.3830926269293,
  "wap_balance_mean": 124.65843433141708,
  "wap_balance_std": 146.87328931689262,
  "price_spread_sum": 1312.7791295945644,
  "price_spread_mean": 1323.0476908385754,
  "price_spread_std": 193.3685836493969,
  "bid_spread_sum": 81.07143068313599,
  "bid_spread_mean": 1317.3869790285826,
  "bid_spread_std": 102.32481762766838,
  "ask_spread_sum": 87.03125782310963,
  "ask_spread_mean": 939.1186703145504,
  "ask_spread_std": 106.82173745334148,
  "total_volume_sum": 259.2185958325863,
  "total_volume_mean": 225.5336011350155,
  "total_volume_std": 255.23433056473732,
  "volume_imbalance_sum": 59.90576082468033,
  "volume_imbalance_mean": 1315.4578442275524,
  "volume_imbalance_std": 241.8229872584343,
  "wap1_sum_450": 129.05278742313385,
  "wap1_mean_450": 85.93997414410114,
  "wap1_std_450": 230.99333608150482,
  "wap2_sum_450": 105.97701986134052,
  "wap2_mean_450": 86.98530608415604,
  "wap2_std_450": 241.7657086700201,
  "log_return1_sum_450": 98.12050503492355,
  "log_return1_realized_volatility_450": 1035.0936659127474,
  "log_return1_mean_450": 87.10643024742603,
  "log_return1_std_450": 339.2486193627119,
  "log_return2_sum_450": 95.47898390889168,
  "log_return2_realized_volatility_450": 9293.461855232716,
  "log_return2_mean_450": 91.84381327033043,
  "log_return2_std_450": 93.23828227818012,
  "wap_balance_sum_450": 189.9353046566248,
  "wap_balance_mean_450": 146.3300134986639,
  "wap_balance_std_450": 116.81490002572536,
  "price_spread_sum_450": 286.65625420212746,
  "price_spread_mean_450": 712.7596310228109,
  "price_spread_std_450": 161.16535341739655,
  "bid_spread_sum_450": 87.96971771121025,
  "bid_spread_mean_450": 120.66977187991142,
  "bid_spread_std_450": 94.5203702300787,
  "ask_spread_sum_450": 67.33631800115108,
  "ask_spread_mean_450": 916.5690912306309,
  "ask_spread_std_450": 67.38344113528728,
  "total_volume_sum_450": 102.80548290908337,
  "total_volume_mean_450": 84.9690697491169,
  "total_volume_std_450": 72.65560881793499,
  "volume_imbalance_sum_450": 71.85769093036652,
  "volume_imbalance_mean_450": 140.76419386267662,
  "volume_imbalance_std_450": 51.836456805467606,
  "wap1_sum_300": 76.632738083601,
  "wap1_mean_300": 84.34809392690659,
  "wap1_std_300": 100.20262455940247,
  "wap2_sum_300": 78.7997777312994,
  "wap2_mean_300": 58.653177946805954,
  "wap2_std_300": 103.50664226710796,
  "log_return1_sum_300": 84.51400822401047,
  "log_return1_realized_volatility_300": 25393.403637707233,
  "log_return1_mean_300": 100.62109187245369,
  "log_return1_std_300": 564.0968982279301,
  "log_return2_sum_300": 64.08250780403614,
  "log_return2_realized_volatility_300": 2621.845116376877,
  "log_return2_mean_300": 89.93230666220188,
  "log_return2_std_300": 72.59588432312012,
  "wap_balance_sum_300": 163.63373824954033,
  "wap_balance_mean_300": 444.9927708655596,
  "wap_balance_std_300": 109.68761049211025,
  "price_spread_sum_300": 1153.4447318315506,
  "price_spread_mean_300": 575.8158784210682,
  "price_spread_std_300": 86.20954091846943,
  "bid_spread_sum_300": 65.23712311685085,
  "bid_spread_mean_300": 86.59451311826706,
  "bid_spread_std_300": 70.63084411621094,
  "ask_spread_sum_300": 70.62331067025661,
  "ask_spread_mean_300": 105.35232384502888,
  "ask_spread_std_300": 84.67799481749535,
  "total_volume_sum_300": 78.27425788342953,
  "total_volume_mean_300": 97.15183889865875,
  "total_volume_std_300": 155.06437279284,
  "volume_imbalance_sum_300": 55.91826193034649,
  "volume_imbalance_mean_300": 83.41104164719582,
  "volume_imbalance_std_300": 62.001744851469994,
  "wap1_sum_150": 75.05741867423058,
  "wap1_mean_150": 59.94074612855911,
  "wap1_std_150": 72.37552593648434,
  "wap2_sum_150": 72.95380519330502,
  "wap2_mean_150": 53.78373937308788,
  "wap2_std_150": 87.95403715968132,
  "log_return1_sum_150": 89.19511161744595,
  "log_return1_realized_volatility_150": 232130.74062035978,
  "log_return1_mean_150": 71.42446900904179,
  "log_return1_std_150": 203.3215530514717,
  "log_return2_sum_150": 88.85501417517662,
  "log_return2_realized_volatility_150": 7670.540964215994,
  "log_return2_mean_150": 53.71470111608505,
  "log_return2_std_150": 84.38449652493,
  "wap_balance_sum_150": 296.12114652991295,
  "wap_balance_mean_150": 133.29688048362732,
  "wap_balance_std_150": 122.20487682521343,
  "price_spread_sum_150": 179.558400914073,
  "price_spread_mean_150": 929.8597089499235,
  "price_spread_std_150": 83.73581697046757,
  "bid_spread_sum_150": 63.40970526635647,
  "bid_spread_mean_150": 70.27045395970345,
  "bid_spread_std_150": 74.16740491986275,
  "ask_spread_sum_150": 62.15656615793705,
  "ask_spread_mean_150": 87.20265386998653,
  "ask_spread_std_150": 58.00378808379173,
  "total_volume_sum_150": 127.06933028995991,
  "total_volume_mean_150": 118.9644081145525,
  "total_volume_std_150": 149.13562758266926,
  "volume_imbalance_sum_150": 60.09992678463459,
  "volume_imbalance_mean_150": 365.6691710948944,
  "volume_imbalance_std_150": 56.04271402955055,
  "trade_log_return_realized_volatility": 3559.483873128891,
  "trade_seconds_in_bucket_count_unique": 358.3560985028744,
  "trade_size_sum": 104.00474333763123,
  "trade_order_count_mean": 242.47991290688515,
  "trade_log_return_realized_volatility_450": 823.7216489911079,
  "trade_seconds_in_bucket_count_unique_450": 239.44892172515392,
  "trade_size_sum_450": 135.47225381433964,
  "trade_order_count_mean_450": 202.50792294740677,
  "trade_log_return_realized_volatility_300": 240.14616061747074,
  "trade_seconds_in_bucket_count_unique_300": 281.53154170513153,
  "trade_size_sum_300": 168.58268636465073,
  "trade_order_count_mean_300": 137.98092648386955,
  "trade_log_return_realized_volatility_150": 157.00272035598755,
  "trade_seconds_in_bucket_count_unique_150": 226.8401820063591,
  "trade_size_sum_150": 116.06220529973507,
  "trade_order_count_mean_150": 227.22269867360592,
  "log_return1_realized_volatility_mean_stock": 459.65392078459263,
  "log_return1_realized_volatility_std_stock": 30.523783892393112,
  "log_return1_realized_volatility_max_stock": 21.673001885414124,
  "log_return1_realized_volatility_min_stock": 80.76937206089497,
  "log_return2_realized_volatility_mean_stock": 129.0872655659914,
  "log_return2_realized_volatility_std_stock": 83.40149316191673,
  "log_return2_realized_volatility_max_stock": 29.021086126565933,
  "log_return2_realized_volatility_min_stock": 88.11353380978107,
  "log_return1_realized_volatility_450_mean_stock": 914.5265696793795,
  "log_return1_realized_volatility_450_std_stock": 47.70077334344387,
  "log_return1_realized_volatility_450_max_stock": 24.292351081967354,
  "log_return1_realized_volatility_450_min_stock": 26.036749854683876,
  "log_return2_realized_volatility_450_mean_stock": 123.72367823123932,
  "log_return2_realized_volatility_450_std_stock": 68.76560243964195,
  "log_return2_realized_volatility_450_max_stock": 26.7024929523468,
  "log_return2_realized_volatility_450_min_stock": 29.607263028621674,
  "log_return1_realized_volatility_300_mean_stock": 323.338217318058,
  "log_return1_realized_volatility_300_std_stock": 23.09710069000721,
  "log_return1_realized_volatility_300_max_stock": 28.37077097594738,
  "log_return1_realized_volatility_300_min_stock": 66.64363445341587,
  "log_return2_realized_volatility_300_mean_stock": 90.78494253754616,