{
  "stock_id": 9548.647945538163,
  "wap1_sum": 149.25953179597855,
  "wap1_mean": 68.84282079339027,
  "wap1_std": 93.86458851397038,
  "wap2_sum": 118.4881147891283,
  "wap2_mean": 67.6578990072012,
  "wap2_std": 103.96562469750643,
  "log_return1_sum": 93.87987859547138,
  "log_return1_realized_volatility": 97932.72484584898,
  "log_return1_mean": 90.45593620836735,
  "log_return1_std": 475.27596339583397,
  "log_return2_sum": 90.96954955160618,
  "log_return2_realized_volatility": 18379.479653805494,
  "log_return2_mean": 90.04169017076492,
  "log_return2_std": 64.70907813310623,
  "wap_balance_sum": 523.7891671806574,
  "wap_balance_mean": 129.23393115401268,
  "wap_balance_std": 135.9439440369606,
  "price_spread_sum": 1558.592784538865,
  "price_spread_mean": 1000.7826694399118,
  "price_spread_std": 185.6268036812544,
  "bid_spread_sum": 98.56927500665188,
  "bid_spread_mean": 1321.0087182670832,
  "bid_spread_std": 125.24556486308575,
  "ask_spread_sum": 72.492741137743,
  "ask_spread_mean": 1037.3913236409426,
  "ask_spread_std": 103.6543595045805,
  "total_volume_sum": 240.40848273038864,
  "total_volume_mean": 241.41845107078552,
  "total_volume_std": 204.45892815291882,
  "volume_imbalance_sum": 54.85566706955433,
  "volume_imbalance_mean": 1212.4257697016,
  "volume_imbalance_std": 146.50324502587318,
  "wap1_sum_450": 127.72810822725296,
  "wap1_mean_450": 102.92859841883183,
  "wap1_std_450": 284.5686142593622,
  "wap2_sum_450": 69.18107882142067,
  "wap2_mean_450": 105.50011034309864,
  "wap2_std_450": 218.01707437634468,
  "log_return1_sum_450": 95.89250926673412,
  "log_return1_realized_volatility_450": 1354.3415240645409,
  "log_return1_mean_450": 103.76013541221619,
  "log_return1_std_450": 264.78733149170876,
  "log_return2_sum_450": 82.72942338883877,
  "log_return2_realized_volatility_450": 9260.784113243222,
  "log_return2_mean_450": 68.965356528759,
  "log_return2_std_450": 126.19367063045502,
  "wap_balance_sum_450": 159.80371956527233,
  "wap_balance_mean_450": 89.89406982064247,
  "wap_balance_std_450": 107.00690644979477,
  "price_spread_sum_450": 311.80476327240467,
  "price_spread_mean_450": 593.6627416163683,
  "price_spread_std_450": 102.3909429460764,
  "bid_spread_sum_450": 84.45769323408604,
  "bid_spread_mean_450": 89.70081761479378,
  "bid_spread_std_450": 109.3210887759924,
  "ask_spread_sum_450": 77.36487191915512,
  "ask_spread_mean_450": 825.2887282371521,
  "ask_spread_std_450": 77.2568590939045,
  "total_volume_sum_450": 201.5358794927597,
  "total_volume_mean_450": 143.89780122041702,
  "total_volume_std_450": 85.1028500199318,
  "volume_imbalance_sum_450": 74.98519797623158,
  "volume_imbalance_mean_450": 102.7340440005064,
  "volume_imbalance_std_450": 74.85804870724678,
  "wap1_sum_300": 82.32880100607872,
  "wap1_mean_300": 67.33260424435139,
  "wap1_std_300": 123.20536474883556,
  "wap2_sum_300": 44.30281899869442,
  "wap2_mean_300": 49.58932501077652,
  "wap2_std_300": 147.1993995755911,
  "log_return1_sum_300": 84.26395836472511,
  "log_return1_realized_volatility_300": 22822.70127044618,
  "log_return1_mean_300": 113.63530863821507,
  "log_return1_std_300": 518.2989467084408,
  "log_return2_sum_300": 70.10956279933453,
  "log_return2_realized_volatility_300": 2049.6592899113894,
  "log_return2_mean_300": 82.99257503449917,
  "log_return2_std_300": 132.12616509199142,
  "wap_balance_sum_300": 230.9567884132266,
  "wap_balance_mean_300": 404.20906983315945,
  "wap_balance_std_300": 95.71180388331413,
  "price_spread_sum_300": 798.8838054835796,
  "price_spread_mean_300": 881.7745193094015,
  "price_spread_std_300": 75.72744482755661,
  "bid_spread_sum_300": 68.15862099826336,
  "bid_spread_mean_300": 105.22840677201748,
  "bid_spread_std_300": 67.32527573406696,
  "ask_spread_sum_300": 66.43324510753155,
  "ask_spread_mean_300": 119.92359206080437,
  "ask_spread_std_300": 126.98629473149776,
  "total_volume_sum_300": 82.07325886189938,
  "total_volume_mean_300": 95.38736398518085,
  "total_volume_std_300": 119.5548043102026,
  "volume_imbalance_sum_300": 60.49018985033035,
  "volume_imbalance_mean_300": 292.52120240032673,
  "volume_imbalance_std_300": 50.42391116917133,
  "wap1_sum_150": 75.74668298661709,
  "wap1_mean_150": 56.56281118094921,
  "wap1_std_150": 54.38645701110363,
  "wap2_sum_150": 88.50794957578182,
  "wap2_mean_150": 61.43318420648575,
  "wap2_std_150": 181.77979804575443,
  "log_return1_sum_150": 76.78891715407372,
  "log_return1_realized_volatility_150": 241781.82936176658,
  "log_return1_mean_150": 81.05885919928551,
  "log_return1_std_150": 296.43518080562353,
  "log_return2_sum_150": 67.52358309924603,
  "log_return2_realized_volatility_150": 9170.274694599211,
  "log_return2_mean_150": 82.10340155661106,
  "log_return2_std_150": 89.97031970322132,
  "wap_balance_sum_150": 298.18404376506805,
  "wap_balance_mean_150": 140.89248996973038,
  "wap_balance_std_150": 84.53288947045803,
  "price_spread_sum_150": 208.50573182106018,
  "price_spread_mean_150": 952.5575070530176,
  "price_spread_std_150": 112.3790570423007,
  "bid_spread_sum_150": 67.64498075842857,
  "bid_spread_mean_150": 62.80008290708065,
  "bid_spread_std_150": 75.3218616694212,
  "ask_spread_sum_150": 82.59869477152824,
  "ask_spread_mean_150": 79.53642366826534,
  "ask_spread_std_150": 75.39170625805855,
  "total_volume_sum_150": 122.63132137060165,
  "total_volume_mean_150": 118.76962800323963,
  "total_volume_std_150": 104.67111571133137,
  "volume_imbalance_sum_150": 89.18414954841137,
  "volume_imbalance_mean_150": 188.15328952670097,
  "volume_imbalance_std_150": 73.35574497282505,
  "trade_log_return_realized_volatility": 2766.9953961372375,
  "trade_seconds_in_bucket_count_unique": 433.17413929104805,
  "trade_size_sum": 122.20395919680595,
  "trade_order_count_mean": 244.99074691534042,
  "trade_log_return_realized_volatility_450": 881.1611218750477,
  "trade_seconds_in_bucket_count_unique_450": 258.0286696255207,
  "trade_size_sum_450": 155.0314137339592,
  "trade_order_count_mean_450": 178.81868989765644,
  "trade_log_return_realized_volatility_300": 219.07621493935585,
  "trade_seconds_in_bucket_count_unique_300": 290.1491746008396,
  "trade_size_sum_300": 131.23213686048985,
  "trade_order_count_mean_300": 189.8575086146593,
  "trade_log_return_realized_volatility_150": 212.70634643733501,
  "trade_seconds_in_bucket_count_unique_150": 243.16887386143208,
  "trade_size_sum_150": 91.03271199762821,
  "trade_order_count_mean_150": 177.12303644418716,
  "log_return1_realized_volatility_mean_stock": 412.29632210731506,
  "log_return1_realized_volatility_std_stock": 37.08935311436653,
  "log_return1_realized_volatility_max_stock": 28.87103183567524,
  "log_return1_realized_volatility_min_stock": 78.25775992870331,
  "log_return2_realized_volatility_mean_stock": 125.4271634966135,
  "log_return2_realized_volatility_std_stock": 40.029879584908485,
  "log_return2_realized_volatility_max_stock": 39.94226476550102,
  "log_return2_realized_volatility_min_stock": 102.5466701388359,
  "log_return1_realized_volatility_450_mean_stock": 774.9308016449213,
  "log_return1_realized_volatility_450_std_stock": 35.85755401849747,
  "log_return1_realized_volatility_450_max_stock": 18.10673101246357,
  "log_return1_realized_volatility_450_min_stock": 24.253212094306946,
  "log_return2_realized_volatility_450_mean_stock": 149.9276120364666,
  "log_return2_realized_volatility_450_std_stock": 60.530549973249435,
  "log_return2_realized_volatility_450_max_stock": 20.672953993082047,
  "log_return2_realized_volatility_450_min_stock": 26.00316907465458,
  "log_return1_realized_volatility_300_mean_stock": 285.571670204401,
  "log_return1_realized_volatility_300_std_stock": 25.474952965974808,
  "log_return1_realized_volatility_300_max_stock": 24.560002624988556,
  "log_return1_realized_volatility_300_min_stock": 62.75596609711647,
  "log_return2_realized_volatility_300_mean_stock": 228.64645591378212,