{
  "stock_id": 9000.489010155201,
  "wap1_sum": 138.35479667782784,
  "wap1_mean": 98.55300495028496,
  "wap1_std": 94.13791711628437,
  "wap2_sum": 81.02943854033947,
  "wap2_mean": 83.67815589904785,
  "wap2_std": 97.57231521606445,
  "log_return1_sum": 98.39409798383713,
  "log_return1_realized_volatility": 89747.83019635081,
  "log_return1_mean": 95.604925096035,
  "log_return1_std": 343.67514780163765,
  "log_return2_sum": 123.90512876212597,
  "log_return2_realized_volatility": 21880.615511730313,
  "log_return2_mean": 94.55981600284576,
  "log_return2_std": 235.31261499226093,
  "wap_balance_sum": 409.7019456475973,
  "wap_balance_mean": 103.78687803447247,
  "wap_balance_std": 111.35177148878574,
  "price_spread_sum": 1049.0184225291014,
  "price_spread_mean": 841.2295068800449,
  "price_spread_std": 197.97872230410576,
  "bid_spread_sum": 86.23753124475479,
  "bid_spread_mean": 1335.9951160252094,
  "bid_spread_std": 79.04458168148994,
  "ask_spread_sum": 56.0714430809021,
  "ask_spread_mean": 1045.7973098307848,
  "ask_spread_std": 82.43023099005222,
  "total_volume_sum": 254.85736998915672,
  "total_volume_mean": 179.95444671809673,
  "total_volume_std": 100.99695514142513,
  "volume_imbalance_sum": 50.35539183020592,
  "volume_imbalance_mean": 1184.9366410970688,
  "volume_imbalance_std": 216.01703689992428,
  "wap1_sum_450": 131.39864321053028,
  "wap1_mean_450": 86.89999483525753,
  "wap1_std_450": 269.33403185009956,
  "wap2_sum_450": 70.84175722301006,
  "wap2_mean_450": 105.47535753250122,
  "wap2_std_450": 326.95739674568176,
  "log_return1_sum_450": 95.73213984072208,
  "log_return1_realized_volatility_450": 1135.752325847745,
  "log_return1_mean_450": 111.58901280164719,
  "log_return1_std_450": 197.9771487414837,
  "log_return2_sum_450": 90.00813089311123,
  "log_return2_realized_volatility_450": 9088.909535512328,
  "log_return2_mean_450": 78.03321570158005,
  "log_return2_std_450": 105.28319953382015,
  "wap_balance_sum_450": 176.68682783842087,
  "wap_balance_mean_450": 115.10170942544937,
  "wap_balance_std_450": 94.88286183774471,
  "price_spread_sum_450": 468.2635300010443,
  "price_spread_mean_450": 1039.3978203684092,
  "price_spread_std_450": 111.2382345199585,
  "bid_spread_sum_450": 75.95281398296356,
  "bid_spread_mean_450": 77.70288196206093,
  "bid_spread_std_450": 95.78274223208427,
  "ask_spread_sum_450": 71.82444083690643,
  "ask_spread_mean_450": 967.0890022218227,
  "ask_spread_std_450": 88.25120913982391,
  "total_volume_sum_450": 153.0967841297388,
  "total_volume_mean_450": 85.70834289491177,
  "total_volume_std_450": 128.80161814391613,
  "volume_imbalance_sum_450": 60.57115224003792,
  "volume_imbalance_mean_450": 76.58737605810165,
  "volume_imbalance_std_450": 70.19440411031246,
  "wap1_sum_300": 121.7128473520279,
  "wap1_mean_300": 43.073510974645615,
  "wap1_std_300": 122.91668954491615,
  "wap2_sum_300": 51.18294782936573,
  "wap2_mean_300": 61.61261588335037,
  "wap2_std_300": 168.5972049087286,
  "log_return1_sum_300": 71.19959668070078,
  "log_return1_realized_volatility_300": 21517.06305935979,
  "log_return1_mean_300": 99.23909409344196,
  "log_return1_std_300": 451.195128262043,
  "log_return2_sum_300": 97.86009001731873,
  "log_return2_realized_volatility_300": 1730.814447581768,
  "log_return2_mean_300": 97.21287807822227,
  "log_return2_std_300": 179.40973003208637,
  "wap_balance_sum_300": 122.76690523326397,
  "wap_balance_mean_300": 141.54646779596806,
  "wap_balance_std_300": 104.14972288906574,
  "price_spread_sum_300": 1366.8646788150072,
  "price_spread_mean_300": 1104.7243296056986,
  "price_spread_std_300": 98.07782746851444,
  "bid_spread_sum_300": 60.01250593364239,
  "bid_spread_mean_300": 76.93136608600616,
  "bid_spread_std_300": 96.31492558121681,
  "ask_spread_sum_300": 70.15880659222603,
  "ask_spread_mean_300": 99.1318536400795,
  "ask_spread_std_300": 80.23792380094528,
  "total_volume_sum_300": 71.21779063344002,
  "total_volume_mean_300": 69.96952512860298,
  "total_volume_std_300": 150.88885194063187,
  "volume_imbalance_sum_300": 56.09247608482838,
  "volume_imbalance_mean_300": 276.7805802375078,
  "volume_imbalance_std_300": 85.66116116940975,
  "wap1_sum_150": 71.25458545982838,
  "wap1_mean_150": 44.3247861713171,
  "wap1_std_150": 75.02643989026546,
  "wap2_sum_150": 61.681077152490616,
  "wap2_mean_150": 46.380382761359215,
  "wap2_std_150": 76.77871899306774,
  "log_return1_sum_150": 95.84365619719028,
  "log_return1_realized_volatility_150": 221310.69323223084,
  "log_return1_mean_150": 65.75033377110958,
  "log_return1_std_150": 388.70869371294975,
  "log_return2_sum_150": 73.60844576358795,
  "log_return2_realized_volatility_150": 11559.973973870277,
  "log_return2_mean_150": 81.29766358435154,
  "log_return2_std_150": 86.0178769826889,
  "wap_balance_sum_150": 260.70824059844017,
  "wap_balance_mean_150": 339.8347859084606,
  "wap_balance_std_150": 191.74183604121208,
  "price_spread_sum_150": 240.8487904369831,
  "price_spread_mean_150": 400.8246439099312,
  "price_spread_std_150": 105.25849314033985,
  "bid_spread_sum_150": 70.73249016702175,
  "bid_spread_mean_150": 79.36212891340256,
  "bid_spread_std_150": 56.00194975733757,
  "ask_spread_sum_150": 68.2972270399332,
  "ask_spread_mean_150": 90.97978302836418,
  "ask_spread_std_150": 60.511527851223946,
  "total_volume_sum_150": 188.62286871671677,
  "total_volume_mean_150": 73.21692106127739,
  "total_volume_std_150": 92.06726798415184,
  "volume_imbalance_sum_150": 47.72667394578457,
  "volume_imbalance_mean_150": 148.81909887492657,
  "volume_imbalance_std_150": 107.04040187597275,
  "trade_log_return_realized_volatility": 2234.885763093829,
  "trade_seconds_in_bucket_count_unique": 277.12444822490215,
  "trade_size_sum": 139.41085924208164,
  "trade_order_count_mean": 204.60250034928322,
  "trade_log_return_realized_volatility_450": 892.3032180517912,
  "trade_seconds_in_bucket_count_unique_450": 230.34070321917534,
  "trade_size_sum_450": 142.51409959048033,
  "trade_order_count_mean_450": 176.4542255550623,
  "trade_log_return_realized_volatility_300": 155.05592262744904,
  "trade_seconds_in_bucket_count_unique_300": 245.8577019572258,
  "trade_size_sum_300": 150.65741361677647,
  "trade_order_count_mean_300": 171.6361380815506,
  "trade_log_return_realized_volatility_150": 149.51524376869202,
  "trade_seconds_in_bucket_count_unique_150": 173.29242829978466,
  "trade_size_sum_150": 120.44004116952419,
  "trade_order_count_mean_150": 184.7490744292736,
  "log_return1_realized_volatility_mean_stock": 501.9711680114269,
  "log_return1_realized_volatility_std_stock": 16.73088701069355,
  "log_return1_realized_volatility_max_stock": 18.055342942476273,
  "log_return1_realized_volatility_min_stock": 90.61260358989239,
  "log_return2_realized_volatility_mean_stock": 97.93932151794434,
  "log_return2_realized_volatility_std_stock": 80.92766059935093,
  "log_return2_realized_volatility_max_stock": 41.23601621389389,
  "log_return2_realized_volatility_min_stock": 54.815515249967575,
  "log_return1_realized_volatility_450_mean_stock": 797.7554468810558,
  "log_return1_realized_volatility_450_std_stock": 22.713661044836044,
  "log_return1_realized_volatility_450_max_stock": 27.08780185878277,
  "log_return1_realized_volatility_450_min_stock": 31.806322991847992,
  "log_return2_realized_volatility_450_mean_stock": 144.70013730227947,
  "log_return2_realized_volatility_450_std_stock": 42.6776901781559,
  "log_return2_realized_volatility_450_max_stock": 22.31749890744686,
  "log_return2_realized_volatility_450_min_stock": 23.485488802194595,
  "log_return1_realized_volatility_300_mean_stock": 305.38323733210564,
  "log_return1_realized_volatility_300_std_stock": 13.2379849255085,
  "log_return1_realized_volatility_300_max_stock": 20.11631590127945,
  "log_return1_realized_volatility_300_min_stock": 73.4827560633421,
  "log_return2_realized_volatility_300_mean_stock": 103.59604281187057,