{
  "stock_id": 8636.438092768192,
  "wap1_sum": 147.19483798742294,
  "wap1_mean": 68.34615391492844,
  "wap1_std": 85.53449068963528,
  "wap2_sum": 91.33208532631397,
  "wap2_mean": 80.85463398694992,
  "wap2_std": 89.6007591933012,
  "log_return1_sum": 112.58289797604084,
  "log_return1_realized_volatility": 100445.70276203752,
  "log_return1_mean": 69.02914598584175,
  "log_return1_std": 2433.9053143411875,
  "log_return2_sum": 84.18239599466324,
  "log_return2_realized_volatility": 19628.45126798749,
  "log_return2_mean": 82.7653451114893,
  "log_return2_std": 85.70925976336002,
  "wap_balance_sum": 472.05787448585033,
  "wap_balance_mean": 256.7399052679539,
  "wap_balance_std": 153.81374222040176,
  "price_spread_sum": 1451.4538874924183,
  "price_spread_mean": 778.5429231375456,
  "price_spread_std": 173.01976388692856,
  "bid_spread_sum": 73.89963500201702,
  "bid_spread_mean": 1396.3636187314987,
  "bid_spread_std": 87.66382330656052,
  "ask_spread_sum": 62.238937973976135,
  "ask_spread_mean": 1306.6224319040775,
  "ask_spread_std": 87.15180097520351,
  "total_volume_sum": 288.41004171967506,
  "total_volume_mean": 342.8735908269882,
  "total_volume_std": 206.91649815440178,
  "volume_imbalance_sum": 60.803960874676704,
  "volume_imbalance_mean": 640.4678940474987,
  "volume_imbalance_std": 154.8287904560566,
  "wap1_sum_450": 115.94284462928772,
  "wap1_mean_450": 91.61779855191708,
  "wap1_std_450": 238.9889689385891,
  "wap2_sum_450": 71.930554702878,
  "wap2_mean_450": 74.23072299361229,
  "wap2_std_450": 272.08370062708855,
  "log_return1_sum_450": 85.26919071376324,
  "log_return1_realized_volatility_450": 1217.9112795740366,
  "log_return1_mean_450": 89.10337695479393,
  "log_return1_std_450": 466.1532689332962,
  "log_return2_sum_450": 84.52497820556164,
  "log_return2_realized_volatility_450": 9622.179468393326,
  "log_return2_mean_450": 69.41477876901627,
  "log_return2_std_450": 110.19168674945831,
  "wap_balance_sum_450": 170.69756345450878,
  "wap_balance_mean_450": 143.3904831111431,
  "wap_balance_std_450": 101.96353696286678,
  "price_spread_sum_450": 438.54764200747013,
  "price_spread_mean_450": 625.4264255017042,
  "price_spread_std_450": 110.6446582376957,
  "bid_spread_sum_450": 42.902351796627045,
  "bid_spread_mean_450": 83.69631600379944,
  "bid_spread_std_450": 97.8452087789774,
  "ask_spread_sum_450": 54.417012959718704,
  "ask_spread_mean_450": 1038.9193399697542,
  "ask_spread_std_450": 71.07368811964989,
  "total_volume_sum_450": 90.75514148175716,
  "total_volume_mean_450": 166.26773190498352,
  "total_volume_std_450": 105.50979241728783,
  "volume_imbalance_sum_450": 54.61167985200882,
  "volume_imbalance_mean_450": 60.64981299638748,
  "volume_imbalance_std_450": 63.425694063305855,
  "wap1_sum_300": 70.34594225883484,
  "wap1_mean_300": 59.87892200052738,
  "wap1_std_300": 91.9085562825203,
  "wap2_sum_300": 84.52857534587383,
  "wap2_mean_300": 39.90230895578861,
  "wap2_std_300": 124.23227432370186,
  "log_return1_sum_300": 79.84760105609894,
  "log_return1_realized_volatility_300": 22679.68046914041,
  "log_return1_mean_300": 93.07023106515408,
  "log_return1_std_300": 644.7135786116123,
  "log_return2_sum_300": 76.67662471532822,
  "log_return2_realized_volatility_300": 2003.7331704348326,
  "log_return2_mean_300": 109.85296247899532,
  "log_return2_std_300": 128.7938157916069,
  "wap_balance_sum_300": 152.39423272013664,
  "wap_balance_mean_300": 338.46345686912537,
  "wap_balance_std_300": 79.80347619950771,
  "price_spread_sum_300": 1071.3913320153952,
  "price_spread_mean_300": 1585.1177504360676,
  "price_spread_std_300": 89.240552932024,
  "bid_spread_sum_300": 67.2183428555727,
  "bid_spread_mean_300": 82.43699190020561,
  "bid_spread_std_300": 75.45957870781422,
  "ask_spread_sum_300": 74.69766688346863,
  "ask_spread_mean_300": 94.55729140341282,
  "ask_spread_std_300": 72.59050822257996,
  "total_volume_sum_300": 69.57434278726578,
  "total_volume_mean_300": 118.18458580970764,
  "total_volume_std_300": 82.89500966668129,
  "volume_imbalance_sum_300": 58.40588487684727,
  "volume_imbalance_mean_300": 161.84945897758007,
  "volume_imbalance_std_300": 62.94252189993858,
  "wap1_sum_150": 69.71636512875557,
  "wap1_mean_150": 64.79947723448277,
  "wap1_std_150": 81.53874011337757,
  "wap2_sum_150": 81.16029107570648,
  "wap2_mean_150": 49.4842918664217,
  "wap2_std_150": 139.0050162523985,
  "log_return1_sum_150": 67.47407127916813,
  "log_return1_realized_volatility_150": 258962.76890292764,
  "log_return1_mean_150": 85.59136049449444,
  "log_return1_std_150": 399.3353967219591,
  "log_return2_sum_150": 60.72514092922211,
  "log_return2_realized_volatility_150": 10305.922289654613,
  "log_return2_mean_150": 52.9467529207468,
  "log_return2_std_150": 75.78045517206192,
  "wap_balance_sum_150": 477.2155312150717,
  "wap_balance_mean_150": 117.80068390071392,
  "wap_balance_std_150": 110.61030776798725,
  "price_spread_sum_150": 271.5540224611759,
  "price_spread_mean_150": 761.7530883401632,
  "price_spread_std_150": 82.34818214178085,
  "bid_spread_sum_150": 83.84167259931564,
  "bid_spread_mean_150": 72.32686011493206,
  "bid_spread_std_150": 72.92619623243809,
  "ask_spread_sum_150": 79.37531541287899,
  "ask_spread_mean_150": 79.36139422655106,
  "ask_spread_std_150": 64.78536409139633,
  "total_volume_sum_150": 101.83144924044609,
  "total_volume_mean_150": 108.84122702479362,
  "total_volume_std_150": 132.14944763481617,
  "volume_imbalance_sum_150": 53.99520120024681,
  "volume_imbalance_mean_150": 352.18691769242287,
  "volume_imbalance_std_150": 103.40506666898727,
  "trade_log_return_realized_volatility": 3470.964916050434,
  "trade_seconds_in_bucket_count_unique": 367.6835313439369,
  "trade_size_sum": 149.2752275466919,
  "trade_order_count_mean": 258.0938191264868,
  "trade_log_return_realized_volatility_450": 975.3762622028589,
  "trade_seconds_in_bucket_count_unique_450": 308.07936704158783,
  "trade_size_sum_450": 107.20073617994785,
  "trade_order_count_mean_450": 187.6193723976612,
  "trade_log_return_realized_volatility_300": 783.9891973137856,
  "trade_seconds_in_bucket_count_unique_300": 348.3990006297827,
  "trade_size_sum_300": 162.98649975657463,
  "trade_order_count_mean_300": 160.78267143666744,
  "trade_log_return_realized_volatility_150": 225.52984143793583,
  "trade_seconds_in_bucket_count_unique_150": 258.4877245724201,
  "trade_size_sum_150": 111.34420958161354,
  "trade_order_count_mean_150": 232.2159100472927,
  "log_return1_realized_volatility_mean_stock": 567.3100492358208,
  "log_return1_realized_volatility_std_stock": 23.72372879087925,
  "log_return1_realized_volatility_max_stock": 24.292541086673737,
  "log_return1_realized_volatility_min_stock": 128.13798561692238,
  "log_return2_realized_volatility_mean_stock": 144.47142896056175,
  "log_return2_realized_volatility_std_stock": 64.4087986946106,
  "log_return2_realized_volatility_max_stock": 27.168043062090874,
  "log_return2_realized_volatility_min_stock": 84.38687685132027,
  "log_return1_realized_volatility_450_mean_stock": 965.273996040225,
  "log_return1_realized_volatility_450_std_stock": 41.9912289083004,
  "log_return1_realized_volatility_450_max_stock": 23.956700176000595,
  "log_return1_realized_volatility_450_min_stock": 33.43652503192425,
  "log_return2_realized_volatility_450_mean_stock": 199.7049012631178,
  "log_return2_realized_volatility_450_std_stock": 67.41186080873013,
  "log_return2_realized_volatility_450_max_stock": 31.893020153045654,
  "log_return2_realized_volatility_450_min_stock": 32.35242848098278,
  "log_return1_realized_volatility_300_mean_stock": 257.0081216394901,
  "log_return1_realized_volatility_300_std_stock": 17.407789140939713,
  "log_return1_realized_volatility_300_max_stock": 22.684736043214798,
  "log_return1_realized_volatility_300_min_stock": 81.39039984345436,
  "log_return2_realized_volatility_300_mean_stock": 92.4697772860527,