{
  "stock_id": 10310.100970625877,
  "wap1_sum": 112.79882028698921,
  "wap1_mean": 85.604666672647,
  "wap1_std": 86.87896379083395,
  "wap2_sum": 109.30862031877041,
  "wap2_mean": 71.10141476988792,
  "wap2_std": 95.57377083599567,
  "log_return1_sum": 85.69019427895546,
  "log_return1_realized_volatility": 98302.1499683559,
  "log_return1_mean": 90.14284501969814,
  "log_return1_std": 2469.5774270296097,
  "log_return2_sum": 95.12787498533726,
  "log_return2_realized_volatility": 19623.079420417547,
  "log_return2_mean": 104.13016982376575,
  "log_return2_std": 68.04562009871006,
  "wap_balance_sum": 421.92232771217823,
  "wap_balance_mean": 217.80546914041042,
  "wap_balance_std": 137.0882256180048,
  "price_spread_sum": 1448.1684172824025,
  "price_spread_mean": 886.1155583411455,
  "price_spread_std": 149.09648007154465,
  "bid_spread_sum": 68.96099571883678,
  "bid_spread_mean": 490.93968130648136,
  "bid_spread_std": 107.62395387887955,
  "ask_spread_sum": 76.08810091018677,
  "ask_spread_mean": 1345.4476732313633,
  "ask_spread_std": 79.41520497202873,
  "total_volume_sum": 279.6880298778415,
  "total_volume_mean": 292.22032411396503,
  "total_volume_std": 298.84535601735115,
  "volume_imbalance_sum": 47.71957792341709,
  "volume_imbalance_mean": 1252.3800398260355,
  "volume_imbalance_std": 119.0155058503151,
  "wap1_sum_450": 113.70885182917118,
  "wap1_mean_450": 87.36938318610191,
  "wap1_std_450": 329.6618354469538,
  "wap2_sum_450": 106.52429027855396,
  "wap2_mean_450": 103.70041264593601,
  "wap2_std_450": 251.1962031275034,
  "log_return1_sum_450": 114.39259149134159,
  "log_return1_realized_volatility_450": 1414.6820506751537,
  "log_return1_mean_450": 94.59490711987019,
  "log_return1_std_450": 481.29578836262226,
  "log_return2_sum_450": 94.61958588659763,
  "log_return2_realized_volatility_450": 9534.804714292288,
  "log_return2_mean_450": 77.25454166531563,
  "log_return2_std_450": 125.31331571936607,
  "wap_balance_sum_450": 168.4855074584484,
  "wap_balance_mean_450": 151.62170910835266,
  "wap_balance_std_450": 113.67463229596615,
  "price_spread_sum_450": 380.9180513098836,
  "price_spread_mean_450": 143.10361449420452,
  "price_spread_std_450": 84.27564392983913,
  "bid_spread_sum_450": 61.226384058594704,
  "bid_spread_mean_450": 80.65267017483711,
  "bid_spread_std_450": 103.36415939033031,
  "ask_spread_sum_450": 62.82461915910244,
  "ask_spread_mean_450": 1017.1289326921105,
  "ask_spread_std_450": 82.96835803985596,
  "total_volume_sum_450": 90.84422785043716,
  "total_volume_mean_450": 166.0166383832693,
  "total_volume_std_450": 91.75205111503601,
  "volume_imbalance_sum_450": 66.20923419296741,
  "volume_imbalance_mean_450": 77.05824999511242,
  "volume_imbalance_std_450": 66.4918387979269,
  "wap1_sum_300": 75.67395174503326,
  "wap1_mean_300": 88.46996411681175,
  "wap1_std_300": 137.31081467866898,
  "wap2_sum_300": 88.09433686733246,
  "wap2_mean_300": 58.98440267145634,
  "wap2_std_300": 123.32491756975651,
  "log_return1_sum_300": 90.04401920735836,
  "log_return1_realized_volatility_300": 22552.97090831399,
  "log_return1_mean_300": 95.66559983789921,
  "log_return1_std_300": 614.3561098277569,
  "log_return2_sum_300": 78.31589195132256,
  "log_return2_realized_volatility_300": 2618.7556076049805,
  "log_return2_mean_300": 101.00596253573895,
  "log_return2_std_300": 142.7369934618473,
  "wap_balance_sum_300": 160.76318238675594,
  "wap_balance_mean_300": 367.4848698526621,
  "wap_balance_std_300": 103.11891041696072,
  "price_spread_sum_300": 1477.015494555235,
  "price_spread_mean_300": 913.7432881891727,
  "price_spread_std_300": 90.78061999380589,
  "bid_spread_sum_300": 71.21388193964958,
  "bid_spread_mean_300": 75.31676019728184,
  "bid_spread_std_300": 75.05188842117786,
  "ask_spread_sum_300": 58.43421183526516,
  "ask_spread_mean_300": 96.14574879407883,
  "ask_spread_std_300": 87.60632145404816,
  "total_volume_sum_300": 89.45669102668762,
  "total_volume_mean_300": 120.92813268303871,
  "total_volume_std_300": 93.85842269659042,
  "volume_imbalance_sum_300": 49.17588375508785,
  "volume_imbalance_mean_300": 275.83928936719894,
  "volume_imbalance_std_300": 61.10439012944698,
  "wap1_sum_150": 88.02237908542156,
  "wap1_mean_150": 54.97689399123192,
  "wap1_std_150": 78.1026653945446,
  "wap2_sum_150": 63.220376655459404,
  "wap2_mean_150": 39.73416793346405,
  "wap2_std_150": 168.61390393972397,
  "log_return1_sum_150": 102.85217082500458,
  "log_return1_realized_volatility_150": 252707.19932497293,
  "log_return1_mean_150": 77.28414390981197,
  "log_return1_std_150": 577.8982893377542,
  "log_return2_sum_150": 58.91714505851269,
  "log_return2_realized_volatility_150": 10601.655537046492,
  "log_return2_mean_150": 60.32151383161545,
  "log_return2_std_150": 82.15743471682072,
  "wap_balance_sum_150": 288.04764683544636,
  "wap_balance_mean_150": 125.40963852405548,
  "wap_balance_std_150": 118.6435105651617,
  "price_spread_sum_150": 258.8363967984915,
  "price_spread_mean_150": 1990.9515000581741,
  "price_spread_std_150": 92.00457291305065,
  "bid_spread_sum_150": 70.50198972225189,
  "bid_spread_mean_150": 70.01725099980831,
  "bid_spread_std_150": 79.05673711001873,
  "ask_spread_sum_150": 91.74670289456844,
  "ask_spread_mean_150": 72.52535186707973,
  "ask_spread_std_150": 74.22494246065617,
  "total_volume_sum_150": 78.7077781111002,
  "total_volume_mean_150": 348.55941992998123,
  "total_volume_std_150": 149.87166087329388,
  "volume_imbalance_sum_150": 111.51183089613914,
  "volume_imbalance_mean_150": 193.39259973168373,
  "volume_imbalance_std_150": 117.28415302932262,
  "trade_log_return_realized_volatility": 3436.0197440087795,
  "trade_seconds_in_bucket_count_unique": 363.1378087103367,
  "trade_size_sum": 111.08669610321522,
  "trade_order_count_mean": 230.8283048272133,
  "trade_log_return_realized_volatility_450": 930.7903660088778,
  "trade_seconds_in_bucket_count_unique_450": 261.96227775514126,
  "trade_size_sum_450": 117.41153103113174,
  "trade_order_count_mean_450": 208.6463649123907,
  "trade_log_return_realized_volatility_300": 425.63952012360096,
  "trade_seconds_in_bucket_count_unique_300": 324.52913896739483,
  "trade_size_sum_300": 153.71179570257664,
  "trade_order_count_mean_300": 174.6169020086527,
  "trade_log_return_realized_volatility_150": 93.94140961766243,
  "trade_seconds_in_bucket_count_unique_150": 204.58983193337917,
  "trade_size_sum_150": 88.49004778265953,
  "trade_order_count_mean_150": 233.81703552603722,
  "log_return1_realized_volatility_mean_stock": 469.9155728071928,
  "log_return1_realized_volatility_std_stock": 38.3138410449028,
  "log_return1_realized_volatility_max_stock": 19.38385498523712,
  "log_return1_realized_volatility_min_stock": 55.420762583613396,
  "log_return2_realized_volatility_mean_stock": 99.35775829851627,
  "log_return2_realized_volatility_std_stock": 77.270527780056,
  "log_return2_realized_volatility_max_stock": 23.655605912208557,
  "log_return2_realized_volatility_min_stock": 95.00385941565037,
  "log_return1_realized_volatility_450_mean_stock": 809.0930251926184,
  "log_return1_realized_volatility_450_std_stock": 33.77893313765526,
  "log_return1_realized_volatility_450_max_stock": 16.696595072746277,
  "log_return1_realized_volatility_450_min_stock": 28.640252128243446,
  "log_return2_realized_volatility_450_mean_stock": 191.20621238648891,
  "log_return2_realized_volatility_450_std_stock": 46.36815494298935,
  "log_return2_realized_volatility_450_max_stock": 20.363069981336594,
  "log_return2_realized_volatility_450_min_stock": 22.33860495686531,
  "log_return1_realized_volatility_300_mean_stock": 304.3367176055908,
  "log_return1_realized_volatility_300_std_stock": 38.51500152051449,
  "log_return1_realized_volatility_300_max_stock": 23.77469915151596,
  "log_return1_realized_volatility_300_min_stock": 67.56347201764584,
  "log_return2_realized_volatility_300_mean_stock": 171.34803840517998,