{
  "stock_id": 9085.383213207126,
  "wap1_sum": 119.8484511077404,
  "wap1_mean": 80.83637648820877,
  "wap1_std": 78.29519097507,
  "wap2_sum": 82.13772565126419,
  "wap2_mean": 55.74057976901531,
  "wap2_std": 94.6626900434494,
  "log_return1_sum": 78.89981676638126,
  "log_return1_realized_volatility": 107644.60582640767,
  "log_return1_mean": 57.35187268257141,
  "log_return1_std": 1135.466009914875,
  "log_return2_sum": 108.15334117412567,
  "log_return2_realized_volatility": 22339.086058586836,
  "log_return2_mean": 76.67137017846107,
  "log_return2_std": 112.60768701136112,
  "wap_balance_sum": 263.01200383901596,
  "wap_balance_mean": 82.83175405859947,
  "wap_balance_std": 94.4275860786438,
  "price_spread_sum": 769.0946352779865,
  "price_spread_mean": 693.5550586879253,
  "price_spread_std": 178.3208208680153,
  "bid_spread_sum": 78.5851480960846,
  "bid_spread_mean": 1140.3799582272768,
  "bid_spread_std": 97.4309169203043,
  "ask_spread_sum": 64.73021572828293,
  "ask_spread_mean": 1273.2407001405954,
  "ask_spread_std": 65.4384122043848,
  "total_volume_sum": 128.2747357338667,
  "total_volume_mean": 200.71610987186432,
  "total_volume_std": 132.82970155775547,
  "volume_imbalance_sum": 50.205977097153664,
  "volume_imbalance_mean": 1690.068142607808,
  "volume_imbalance_std": 324.44262282550335,
  "wap1_sum_450": 96.23613737523556,
  "wap1_mean_450": 74.0044163018465,
  "wap1_std_450": 182.3753858357668,
  "wap2_sum_450": 85.83165690302849,
  "wap2_mean_450": 98.34907953441143,
  "wap2_std_450": 267.8501672446728,
  "log_return1_sum_450": 94.27647916972637,
  "log_return1_realized_volatility_450": 660.4363156110048,
  "log_return1_mean_450": 99.35861249268055,
  "log_return1_std_450": 278.67543064057827,
  "log_return2_sum_450": 96.21067050099373,
  "log_return2_realized_volatility_450": 3885.2852202504873,
  "log_return2_mean_450": 78.18312901258469,
  "log_return2_std_450": 82.53615905344486,
  "wap_balance_sum_450": 137.81552571058273,
  "wap_balance_mean_450": 532.8005765080452,
  "wap_balance_std_450": 105.58310367166996,
  "price_spread_sum_450": 457.42343693971634,
  "price_spread_mean_450": 239.73698960244656,
  "price_spread_std_450": 139.48416882753372,
  "bid_spread_sum_450": 78.43167212605476,
  "bid_spread_mean_450": 82.84938886761665,
  "bid_spread_std_450": 76.51237800717354,
  "ask_spread_sum_450": 68.88986101746559,
  "ask_spread_mean_450": 877.5131910145283,
  "ask_spread_std_450": 86.62409494817257,
  "total_volume_sum_450": 114.9680544435978,
  "total_volume_mean_450": 82.89019802212715,
  "total_volume_std_450": 74.64682601392269,
  "volume_imbalance_sum_450": 63.75115609169006,
  "volume_imbalance_mean_450": 91.72188487648964,
  "volume_imbalance_std_450": 58.99188110232353,
  "wap1_sum_300": 75.29574683308601,
  "wap1_mean_300": 44.97556388378143,
  "wap1_std_300": 126.36582736670971,
  "wap2_sum_300": 40.26455095410347,
  "wap2_mean_300": 36.71272413432598,
  "wap2_std_300": 116.65418642014265,
  "log_return1_sum_300": 80.84215131402016,
  "log_return1_realized_volatility_300": 7757.753585040569,
  "log_return1_mean_300": 87.9367139339447,
  "log_return1_std_300": 225.74059192836285,
  "log_return2_sum_300": 90.22086045145988,
  "log_return2_realized_volatility_300": 1863.4832199662924,
  "log_return2_mean_300": 87.12286707758904,
  "log_return2_std_300": 128.83052019774914,
  "wap_balance_sum_300": 192.95201893150806,
  "wap_balance_mean_300": 108.69632318615913,
  "wap_balance_std_300": 91.79433412849903,
  "price_spread_sum_300": 972.2063648849726,
  "price_spread_mean_300": 1297.5526110231876,
  "price_spread_std_300": 96.73881082236767,
  "bid_spread_sum_300": 60.16028042137623,
  "bid_spread_mean_300": 56.270517125725746,
  "bid_spread_std_300": 74.26151016354561,
  "ask_spread_sum_300": 65.73068898916245,
  "ask_spread_mean_300": 79.02341750264168,
  "ask_spread_std_300": 74.41583892703056,
  "total_volume_sum_300": 65.40793186426163,
  "total_volume_mean_300": 68.60609717667103,
  "total_volume_std_300": 51.327370911836624,
  "volume_imbalance_sum_300": 53.351950868964195,
  "volume_imbalance_mean_300": 71.899967238307,
  "volume_imbalance_std_300": 53.42167782783508,
  "wap1_sum_150": 86.67559050023556,
  "wap1_mean_150": 49.71656510233879,
  "wap1_std_150": 75.0379449725151,
  "wap2_sum_150": 70.03091371059418,
  "wap2_mean_150": 43.68878096342087,
  "wap2_std_150": 67.87564876675606,
  "log_return1_sum_150": 69.98313042521477,
  "log_return1_realized_volatility_150": 220614.04148325324,
  "log_return1_mean_150": 72.29927325248718,
  "log_return1_std_150": 559.9903283566236,
  "log_return2_sum_150": 78.97678318619728,
  "log_return2_realized_volatility_150": 7875.356378391385,
  "log_return2_mean_150": 70.56832687556744,
  "log_return2_std_150": 124.52618843317032,
  "wap_balance_sum_150": 265.88412046432495,
  "wap_balance_mean_150": 263.3181958347559,
  "wap_balance_std_150": 86.77225609123707,
  "price_spread_sum_150": 372.036131978035,
  "price_spread_mean_150": 429.57361951470375,
  "price_spread_std_150": 94.9685529768467,
  "bid_spread_sum_150": 58.890197187662125,
  "bid_spread_mean_150": 59.0320590287447,
  "bid_spread_std_150": 64.86587293446064,
  "ask_spread_sum_150": 67.15557612478733,
  "ask_spread_mean_150": 64.46225616335869,
  "ask_spread_std_150": 58.93740190565586,
  "total_volume_sum_150": 72.95291739702225,
  "total_volume_mean_150": 109.45794492959976,
  "total_volume_std_150": 58.78357721865177,
  "volume_imbalance_sum_150": 40.507162153720856,
  "volume_imbalance_mean_150": 109.23390959203243,
  "volume_imbalance_std_150": 91.6860764324665,
  "trade_log_return_realized_volatility": 1002.9674709737301,
  "trade_seconds_in_bucket_count_unique": 197.7695582807064,
  "trade_size_sum": 118.17375685274601,
  "trade_order_count_mean": 242.77379283308983,
  "trade_log_return_realized_volatility_450": 1254.9522829204798,
  "trade_seconds_in_bucket_count_unique_450": 250.0705389380455,
  "trade_size_sum_450": 121.85200962424278,
  "trade_order_count_mean_450": 190.46219313144684,
  "trade_log_return_realized_volatility_300": 402.8696828186512,
  "trade_seconds_in_bucket_count_unique_300": 192.14711363613605,
  "trade_size_sum_300": 99.23629802465439,
  "trade_order_count_mean_300": 193.23496946692467,
  "trade_log_return_realized_volatility_150": 134.62267144024372,
  "trade_seconds_in_bucket_count_unique_150": 175.05929884314537,
  "trade_size_sum_150": 143.55444431304932,
  "trade_order_count_mean_150": 146.58183908462524,
  "log_return1_realized_volatility_mean_stock": 322.29465605318546,
  "log_return1_realized_volatility_std_stock": 41.866658955812454,
  "log_return1_realized_volatility_max_stock": 9.713513940572739,
  "log_return1_realized_volatility_min_stock": 86.21927517652512,
  "log_return2_realized_volatility_mean_stock": 98.74806740880013,
  "log_return2_realized_volatility_std_stock": 19.157136023044586,
  "log_return2_realized_volatility_max_stock": 37.72536137700081,
  "log_return2_realized_volatility_min_stock": 61.71973177790642,
  "log_return1_realized_volatility_450_mean_stock": 774.7139759212732,
  "log_return1_realized_volatility_450_std_stock": 15.231318071484566,
  "log_return1_realized_volatility_450_max_stock": 18.126922860741615,
  "log_return1_realized_volatility_450_min_stock": 16.573325097560883,
  "log_return2_realized_volatility_450_mean_stock": 189.86079174280167,
  "log_return2_realized_volatility_450_std_stock": 16.493992060422897,
  "log_return2_realized_volatility_450_max_stock": 18.527949929237366,
  "log_return2_realized_volatility_450_min_stock": 15.488515079021454,
  "log_return1_realized_volatility_300_mean_stock": 352.58529031276703,
  "log_return1_realized_volatility_300_std_stock": 13.078788995742798,
  "log_return1_realized_volatility_300_max_stock": 7.972562938928604,
  "log_return1_realized_volatility_300_min_stock": 40.464127123355865,
  "log_return2_realized_volatility_300_mean_stock": 20.41061720252037,