{
  "stock_id": 9953.550268813968,
  "wap1_sum": 136.11669686436653,
  "wap1_mean": 60.39171412587166,
  "wap1_std": 97.75961042940617,
  "wap2_sum": 100.48083552718163,
  "wap2_mean": 65.31572970747948,
  "wap2_std": 84.22577644884586,
  "log_return1_sum": 104.32974189519882,
  "log_return1_realized_volatility": 102161.73477354646,
  "log_return1_mean": 65.2567679733038,
  "log_return1_std": 267.9938760995865,
  "log_return2_sum": 80.39072231948376,
  "log_return2_realized_volatility": 19789.122135400772,
  "log_return2_mean": 69.8106709420681,
  "log_return2_std": 63.06777638196945,
  "wap_balance_sum": 509.35712414979935,
  "wap_balance_mean": 212.13453420996666,
  "wap_balance_std": 84.80494393408298,
  "price_spread_sum": 1361.9434594213963,
  "price_spread_mean": 735.3545072823763,
  "price_spread_std": 166.52336226403713,
  "bid_spread_sum": 60.70007313787937,
  "bid_spread_mean": 1402.2630639076233,
  "bid_spread_std": 95.96993708610535,
  "ask_spread_sum": 53.954430103302,
  "ask_spread_mean": 1265.663339778781,
  "ask_spread_std": 75.09455651044846,
  "total_volume_sum": 293.7033059448004,
  "total_volume_mean": 253.31526248157024,
  "total_volume_std": 226.58092035353184,
  "volume_imbalance_sum": 33.031337916851044,
  "volume_imbalance_mean": 913.3163397908211,
  "volume_imbalance_std": 85.10500429570675,
  "wap1_sum_450": 72.15137219429016,
  "wap1_mean_450": 68.41070826351643,
  "wap1_std_450": 225.0006311237812,
  "wap2_sum_450": 58.760261595249176,
  "wap2_mean_450": 98.22257836163044,
  "wap2_std_450": 350.54693469405174,
  "log_return1_sum_450": 57.088996946811676,
  "log_return1_realized_volatility_450": 1245.9975936710835,
  "log_return1_mean_450": 76.58454716205597,
  "log_return1_std_450": 254.66125512123108,
  "log_return2_sum_450": 76.26939778029919,
  "log_return2_realized_volatility_450": 9978.970739260316,
  "log_return2_mean_450": 81.10906159877777,
  "log_return2_std_450": 107.35345995426178,
  "wap_balance_sum_450": 124.17068034410477,
  "wap_balance_mean_450": 60.47748598456383,
  "wap_balance_std_450": 71.40985608100891,
  "price_spread_sum_450": 384.5149400830269,
  "price_spread_mean_450": 649.3480485081673,
  "price_spread_std_450": 56.484102964401245,
  "bid_spread_sum_450": 107.02613072097301,
  "bid_spread_mean_450": 70.00615599751472,
  "bid_spread_std_450": 82.32868491113186,
  "ask_spread_sum_450": 53.789623975753784,
  "ask_spread_mean_450": 982.0178691148758,
  "ask_spread_std_450": 62.45867218077183,
  "total_volume_sum_450": 74.24448230862617,
  "total_volume_mean_450": 207.9136823862791,
  "total_volume_std_450": 62.6814030110836,
  "volume_imbalance_sum_450": 54.91054010391235,
  "volume_imbalance_mean_450": 59.25860212743282,
  "volume_imbalance_std_450": 43.89950703084469,
  "wap1_sum_300": 68.05151833593845,
  "wap1_mean_300": 67.20906141400337,
  "wap1_std_300": 97.0894360691309,
  "wap2_sum_300": 61.92746937274933,
  "wap2_mean_300": 39.21489800512791,
  "wap2_std_300": 105.70689672231674,
  "log_return1_sum_300": 84.55100913345814,
  "log_return1_realized_volatility_300": 22641.36012636125,
  "log_return1_mean_300": 77.14545977115631,
  "log_return1_std_300": 637.0965500175953,
  "log_return2_sum_300": 51.658058166503906,
  "log_return2_realized_volatility_300": 2273.433123111725,
  "log_return2_mean_300": 76.9151858240366,
  "log_return2_std_300": 122.44493982195854,
  "wap_balance_sum_300": 221.93858136236668,
  "wap_balance_mean_300": 376.6626678109169,
  "wap_balance_std_300": 99.07730975747108,
  "price_spread_sum_300": 837.482174873352,
  "price_spread_mean_300": 1557.8969001322985,
  "price_spread_std_300": 75.94250908493996,
  "bid_spread_sum_300": 53.229991018772125,
  "bid_spread_mean_300": 81.92076086997986,
  "bid_spread_std_300": 54.49545603990555,
  "ask_spread_sum_300": 37.38375698029995,
  "ask_spread_mean_300": 90.96974705159664,
  "ask_spread_std_300": 71.40414106845856,
  "total_volume_sum_300": 65.9478909522295,
  "total_volume_mean_300": 67.99191904067993,
  "total_volume_std_300": 73.07911002635956,
  "volume_imbalance_sum_300": 44.340222135186195,
  "volume_imbalance_mean_300": 259.9647045135498,
  "volume_imbalance_std_300": 42.21501883864403,
  "wap1_sum_150": 68.93825291097164,
  "wap1_mean_150": 35.15881872177124,
  "wap1_std_150": 54.98502743244171,
  "wap2_sum_150": 65.36040511727333,
  "wap2_mean_150": 39.30805295705795,
  "wap2_std_150": 117.9510577917099,
  "log_return1_sum_150": 58.72894686460495,
  "log_return1_realized_volatility_150": 258559.7053605467,
  "log_return1_mean_150": 73.44192171096802,
  "log_return1_std_150": 423.1255962252617,
  "log_return2_sum_150": 56.606687411665916,
  "log_return2_realized_volatility_150": 10605.141603827477,
  "log_return2_mean_150": 36.12869493663311,
  "log_return2_std_150": 59.57854999601841,
  "wap_balance_sum_150": 367.1511737257242,
  "wap_balance_mean_150": 104.07787081599236,
  "wap_balance_std_150": 87.79134836792946,
  "price_spread_sum_150": 316.4911527335644,
  "price_spread_mean_150": 705.608294531703,
  "price_spread_std_150": 78.04144716262817,
  "bid_spread_sum_150": 64.9946359694004,
  "bid_spread_mean_150": 68.2268335968256,
  "bid_spread_std_150": 61.23900617659092,
  "ask_spread_sum_150": 57.1741324365139,
  "ask_spread_mean_150": 56.44880400598049,
  "ask_spread_std_150": 55.43360301852226,
  "total_volume_sum_150": 76.43205879628658,
  "total_volume_mean_150": 80.73763981461525,
  "total_volume_std_150": 99.1007060110569,
  "volume_imbalance_sum_150": 60.45453929901123,
  "volume_imbalance_mean_150": 162.13889099657536,
  "volume_imbalance_std_150": 98.02045838534832,
  "trade_log_return_realized_volatility": 2778.4005744308233,
  "trade_seconds_in_bucket_count_unique": 372.40985687077045,
  "trade_size_sum": 81.39405693113804,
  "trade_order_count_mean": 255.28572137653828,
  "trade_log_return_realized_volatility_450": 903.3379621207714,
  "trade_seconds_in_bucket_count_unique_450": 282.0357195585966,
  "trade_size_sum_450": 98.97823223471642,
  "trade_order_count_mean_450": 139.10124464333057,
  "trade_log_return_realized_volatility_300": 232.48688969016075,
  "trade_seconds_in_bucket_count_unique_300": 287.30735698342323,
  "trade_size_sum_300": 134.73757728934288,
  "trade_order_count_mean_300": 132.47626662254333,
  "trade_log_return_realized_volatility_150": 204.47289672493935,
  "trade_seconds_in_bucket_count_unique_150": 156.75450029969215,
  "trade_size_sum_150": 85.92803819477558,
  "trade_order_count_mean_150": 180.15305776894093,
  "log_return1_realized_volatility_mean_stock": 448.7183159291744,
  "log_return1_realized_volatility_std_stock": 30.817306265234947,
  "log_return1_realized_volatility_max_stock": 13.320896118879318,
  "log_return1_realized_volatility_min_stock": 79.1297478377819,
  "log_return2_realized_volatility_mean_stock": 130.8129693865776,
  "log_return2_realized_volatility_std_stock": 46.239456325769424,
  "log_return2_realized_volatility_max_stock": 23.73927503824234,
  "log_return2_realized_volatility_min_stock": 53.46068798005581,
  "log_return1_realized_volatility_450_mean_stock": 890.3436310142279,
  "log_return1_realized_volatility_450_std_stock": 25.158130943775177,
  "log_return1_realized_volatility_450_max_stock": 8.194762945175171,
  "log_return1_realized_volatility_450_min_stock": 10.224504053592682,
  "log_return2_realized_volatility_450_mean_stock": 151.11597046256065,
  "log_return2_realized_volatility_450_std_stock": 62.43200007081032,
  "log_return2_realized_volatility_450_max_stock": 16.22276097536087,
  "log_return2_realized_volatility_450_min_stock": 13.975716203451157,
  "log_return1_realized_volatility_300_mean_stock": 315.5029246509075,
  "log_return1_realized_volatility_300_std_stock": 18.891551077365875,
  "log_return1_realized_volatility_300_max_stock": 11.38899390399456,
  "log_return1_realized_volatility_300_min_stock": 36.36027857661247,
  "log_return2_realized_volatility_300_mean_stock": 185.68738108873367,