{
  "stock_id": 7456.717343747616,
  "wap1_sum": 96.58527119457722,
  "wap1_mean": 72.63653028011322,
  "wap1_std": 119.07272489368916,
  "wap2_sum": 79.14130955934525,
  "wap2_mean": 70.03507103025913,
  "wap2_std": 117.40824277698994,
  "log_return1_sum": 108.1296501904726,
  "log_return1_realized_volatility": 71764.51324002445,
  "log_return1_mean": 87.74266397953033,
  "log_return1_std": 397.0467719435692,
  "log_return2_sum": 84.0375058054924,
  "log_return2_realized_volatility": 8870.522781565785,
  "log_return2_mean": 94.43787515163422,
  "log_return2_std": 211.32532869279385,
  "wap_balance_sum": 371.2817476093769,
  "wap_balance_mean": 242.57647305727005,
  "wap_balance_std": 157.53756979107857,
  "price_spread_sum": 949.2509206682444,
  "price_spread_mean": 502.06521677970886,
  "price_spread_std": 160.0870285630226,
  "bid_spread_sum": 77.9478070884943,
  "bid_spread_mean": 815.2254510223866,
  "bid_spread_std": 93.48983699083328,
  "ask_spread_sum": 56.719876289367676,
  "ask_spread_mean": 1126.980176731944,
  "ask_spread_std": 89.79491302371025,
  "total_volume_sum": 145.67995092272758,
  "total_volume_mean": 168.49984484910965,
  "total_volume_std": 84.16342648863792,
  "volume_imbalance_sum": 50.16778998076916,
  "volume_imbalance_mean": 1226.0879057198763,
  "volume_imbalance_std": 154.44436718523502,
  "wap1_sum_450": 118.3852329403162,
  "wap1_mean_450": 78.06258881092072,
  "wap1_std_450": 232.484998986125,
  "wap2_sum_450": 71.18017980456352,
  "wap2_mean_450": 83.3045821338892,
  "wap2_std_450": 264.76652331650257,
  "log_return1_sum_450": 94.92531907558441,
  "log_return1_realized_volatility_450": 706.8154514431953,
  "log_return1_mean_450": 112.22913432121277,
  "log_return1_std_450": 295.797240331769,
  "log_return2_sum_450": 94.26927867531776,
  "log_return2_realized_volatility_450": 2205.9254990518093,
  "log_return2_mean_450": 89.87721717357635,
  "log_return2_std_450": 169.37074807286263,
  "wap_balance_sum_450": 508.56615449488163,
  "wap_balance_mean_450": 149.57656127214432,
  "wap_balance_std_450": 105.84745010733604,
  "price_spread_sum_450": 319.77113519608974,
  "price_spread_mean_450": 556.0105175673962,
  "price_spread_std_450": 225.8384273648262,
  "bid_spread_sum_450": 72.89269307255745,
  "bid_spread_mean_450": 112.80150890350342,
  "bid_spread_std_450": 112.53465111553669,
  "ask_spread_sum_450": 88.72142876684666,
  "ask_spread_mean_450": 171.88562855124474,
  "ask_spread_std_450": 92.36731973290443,
  "total_volume_sum_450": 228.8432474732399,
  "total_volume_mean_450": 94.11203201115131,
  "total_volume_std_450": 105.24298138916492,
  "volume_imbalance_sum_450": 77.19587309658527,
  "volume_imbalance_mean_450": 77.69150768220425,
  "volume_imbalance_std_450": 65.9728732407093,
  "wap1_sum_300": 103.52871362864971,
  "wap1_mean_300": 59.336610928177834,
  "wap1_std_300": 123.98961210250854,
  "wap2_sum_300": 74.78588193655014,
  "wap2_mean_300": 62.2722325026989,
  "wap2_std_300": 134.03715033829212,
  "log_return1_sum_300": 83.52954798936844,
  "log_return1_realized_volatility_300": 6398.859466448426,
  "log_return1_mean_300": 104.62826408445835,
  "log_return1_std_300": 744.4839636087418,
  "log_return2_sum_300": 74.3273644298315,
  "log_return2_realized_volatility_300": 1151.6834077984095,
  "log_return2_mean_300": 107.2246320694685,
  "log_return2_std_300": 109.1035585552454,
  "wap_balance_sum_300": 171.46146991848946,
  "wap_balance_mean_300": 757.3663647919893,
  "wap_balance_std_300": 115.66924695670605,
  "price_spread_sum_300": 483.11647495627403,
  "price_spread_mean_300": 552.7959071397781,
  "price_spread_std_300": 86.31189109385014,
  "bid_spread_sum_300": 63.77559503912926,
  "bid_spread_mean_300": 100.88115341961384,
  "bid_spread_std_300": 86.65744218230247,
  "ask_spread_sum_300": 83.30834755301476,
  "ask_spread_mean_300": 100.39635583758354,
  "ask_spread_std_300": 106.06942488253117,
  "total_volume_sum_300": 65.04259680211544,
  "total_volume_mean_300": 94.8090460896492,
  "total_volume_std_300": 98.52320800721645,
  "volume_imbalance_sum_300": 55.81893418729305,
  "volume_imbalance_mean_300": 96.10547409951687,
  "volume_imbalance_std_300": 70.27243287861347,
  "wap1_sum_150": 104.45140492916107,
  "wap1_mean_150": 52.89107295870781,
  "wap1_std_150": 61.52843478322029,
  "wap2_sum_150": 71.74479852616787,
  "wap2_mean_150": 43.54905216395855,
  "wap2_std_150": 106.39396539330482,
  "log_return1_sum_150": 73.04562298953533,
  "log_return1_realized_volatility_150": 169566.26569725573,
  "log_return1_mean_150": 65.89810875058174,
  "log_return1_std_150": 188.99815660715103,
  "log_return2_sum_150": 78.19068104028702,
  "log_return2_realized_volatility_150": 9467.683270066977,
  "log_return2_mean_150": 87.5766262114048,
  "log_return2_std_150": 97.51816903054714,
  "wap_balance_sum_150": 287.0753050595522,
  "wap_balance_mean_150": 177.75398927927017,
  "wap_balance_std_150": 80.80094788968563,
  "price_spread_sum_150": 364.7376713603735,
  "price_spread_mean_150": 271.11240865290165,
  "price_spread_std_150": 103.22010727226734,
  "bid_spread_sum_150": 73.70233409106731,
  "bid_spread_mean_150": 65.16051095724106,
  "bid_spread_std_150": 67.40082095563412,
  "ask_spread_sum_150": 101.91761204600334,
  "ask_spread_mean_150": 95.11291421949863,
  "ask_spread_std_150": 68.06638263165951,
  "total_volume_sum_150": 93.32712994515896,
  "total_volume_mean_150": 104.05985251069069,
  "total_volume_std_150": 83.57353526353836,
  "volume_imbalance_sum_150": 48.13819396495819,
  "volume_imbalance_mean_150": 50.496273189783096,
  "volume_imbalance_std_150": 176.52680926024914,
  "trade_log_return_realized_volatility": 964.1503970175982,
  "trade_seconds_in_bucket_count_unique": 288.63699047267437,
  "trade_size_sum": 116.79359383881092,
  "trade_order_count_mean": 212.6270870268345,
  "trade_log_return_realized_volatility_450": 667.6838371902704,
  "trade_seconds_in_bucket_count_unique_450": 215.98031550645828,
  "trade_size_sum_450": 104.91650800406933,
  "trade_order_count_mean_450": 254.64876967668533,
  "trade_log_return_realized_volatility_300": 289.77043791115284,
  "trade_seconds_in_bucket_count_unique_300": 187.60897785425186,
  "trade_size_sum_300": 107.14409106969833,
  "trade_order_count_mean_300": 203.6032183021307,
  "trade_log_return_realized_volatility_150": 218.66707669198513,
  "trade_seconds_in_bucket_count_unique_150": 143.78737670183182,
  "trade_size_sum_150": 123.40294671058655,
  "trade_order_count_mean_150": 155.25081200897694,
  "log_return1_realized_volatility_mean_stock": 452.29814507067204,
  "log_return1_realized_volatility_std_stock": 34.173033714294434,
  "log_return1_realized_volatility_max_stock": 24.085478842258453,
  "log_return1_realized_volatility_min_stock": 58.676885545253754,
  "log_return2_realized_volatility_mean_stock": 65.68930776417255,
  "log_return2_realized_volatility_std_stock": 39.13607197999954,
  "log_return2_realized_volatility_max_stock": 18.330924898386,
  "log_return2_realized_volatility_min_stock": 64.60448476672173,
  "log_return1_realized_volatility_450_mean_stock": 365.0395826101303,
  "log_return1_realized_volatility_450_std_stock": 49.965751469135284,
  "log_return1_realized_volatility_450_max_stock": 16.65958397090435,
  "log_return1_realized_volatility_450_min_stock": 27.765153914690018,
  "log_return2_realized_volatility_450_mean_stock": 122.41007271409035,
  "log_return2_realized_volatility_450_std_stock": 39.583053201437,
  "log_return2_realized_volatility_450_max_stock": 17.15086406469345,
  "log_return2_realized_volatility_450_min_stock": 19.74435493350029,
  "log_return1_realized_volatility_300_mean_stock": 172.21359753608704,
  "log_return1_realized_volatility_300_std_stock": 23.20683905482292,
  "log_return1_realized_volatility_300_max_stock": 18.973577052354813,
  "log_return1_realized_volatility_300_min_stock": 54.776009649038315,
  "log_return2_realized_volatility_300_mean_stock": 45.50548905134201,