{
  "stock_id": 10206.860712960362,
  "wap1_sum": 120.07565401494503,
  "wap1_mean": 69.25425560772419,
  "wap1_std": 80.28318151831627,
  "wap2_sum": 103.8673945069313,
  "wap2_mean": 68.29263506829739,
  "wap2_std": 83.2052488476038,
  "log_return1_sum": 122.37407597899437,
  "log_return1_realized_volatility": 98523.57395038009,
  "log_return1_mean": 77.76095405220985,
  "log_return1_std": 2389.3160427212715,
  "log_return2_sum": 91.18582746386528,
  "log_return2_realized_volatility": 19134.947924152017,
  "log_return2_mean": 81.24879597127438,
  "log_return2_std": 84.46525017917156,
  "wap_balance_sum": 472.35770216584206,
  "wap_balance_mean": 220.93918725848198,
  "wap_balance_std": 124.75060741603374,
  "price_spread_sum": 1514.6445550620556,
  "price_spread_mean": 832.3594480976462,
  "price_spread_std": 190.37542887032032,
  "bid_spread_sum": 77.82074780762196,
  "bid_spread_mean": 540.9792379289865,
  "bid_spread_std": 117.84657560288906,
  "ask_spread_sum": 70.61448885500431,
  "ask_spread_mean": 1348.8605519533157,
  "ask_spread_std": 98.25993357598782,
  "total_volume_sum": 232.44625274837017,
  "total_volume_mean": 277.6045698672533,
  "total_volume_std": 260.3835291862488,
  "volume_imbalance_sum": 57.82655203342438,
  "volume_imbalance_mean": 1407.5143411159515,
  "volume_imbalance_std": 224.07666258513927,
  "wap1_sum_450": 95.3429287225008,
  "wap1_mean_450": 78.42229324579239,
  "wap1_std_450": 322.0827333331108,
  "wap2_sum_450": 62.5510189384222,
  "wap2_mean_450": 124.49040687829256,
  "wap2_std_450": 244.69710621237755,
  "log_return1_sum_450": 87.82858721911907,
  "log_return1_realized_volatility_450": 1155.7126028090715,
  "log_return1_mean_450": 102.45054195821285,
  "log_return1_std_450": 429.6652088910341,
  "log_return2_sum_450": 85.26547573506832,
  "log_return2_realized_volatility_450": 9730.82918728888,
  "log_return2_mean_450": 74.88549001514912,
  "log_return2_std_450": 111.87924611568451,
  "wap_balance_sum_450": 127.57639952003956,
  "wap_balance_mean_450": 73.38017199933529,
  "wap_balance_std_450": 77.53135380148888,
  "price_spread_sum_450": 367.5719471871853,
  "price_spread_mean_450": 153.71769289672375,
  "price_spread_std_450": 100.58253893256187,
  "bid_spread_sum_450": 82.87341485917568,
  "bid_spread_mean_450": 97.17393720149994,
  "bid_spread_std_450": 93.78063374757767,
  "ask_spread_sum_450": 58.29563111066818,
  "ask_spread_mean_450": 1020.5481444597244,
  "ask_spread_std_450": 92.89676088094711,
  "total_volume_sum_450": 67.41764722764492,
  "total_volume_mean_450": 154.2925328016281,
  "total_volume_std_450": 118.87071639299393,
  "volume_imbalance_sum_450": 78.87215657532215,
  "volume_imbalance_mean_450": 65.75169986486435,
  "volume_imbalance_std_450": 58.40342327952385,
  "wap1_sum_300": 96.58642393350601,
  "wap1_mean_300": 71.70612768828869,
  "wap1_std_300": 144.15916319191456,
  "wap2_sum_300": 72.23602339625359,
  "wap2_mean_300": 53.002487912774086,
  "wap2_std_300": 113.9623531550169,
  "log_return1_sum_300": 80.11887820065022,
  "log_return1_realized_volatility_300": 22486.699971474707,
  "log_return1_mean_300": 88.36795814335346,
  "log_return1_std_300": 643.9028908312321,
  "log_return2_sum_300": 64.04523469507694,
  "log_return2_realized_volatility_300": 2609.1077650412917,
  "log_return2_mean_300": 73.95793716609478,
  "log_return2_std_300": 142.18706941604614,
  "wap_balance_sum_300": 209.21370193362236,
  "wap_balance_mean_300": 329.18984192609787,
  "wap_balance_std_300": 82.2445986121893,
  "price_spread_sum_300": 1131.3460774123669,
  "price_spread_mean_300": 649.4476929455996,
  "price_spread_std_300": 86.17287993431091,
  "bid_spread_sum_300": 58.32085281610489,
  "bid_spread_mean_300": 87.53763781487942,
  "bid_spread_std_300": 70.32925833761692,
  "ask_spread_sum_300": 66.2915307879448,
  "ask_spread_mean_300": 83.20396086573601,
  "ask_spread_std_300": 80.77141380310059,
  "total_volume_sum_300": 85.08825665712357,
  "total_volume_mean_300": 63.43403895199299,
  "total_volume_std_300": 95.34615561366081,
  "volume_imbalance_sum_300": 51.018788918852806,
  "volume_imbalance_mean_300": 346.6425686478615,
  "volume_imbalance_std_300": 57.37273728847504,
  "wap1_sum_150": 91.86324106156826,
  "wap1_mean_150": 59.59451696276665,
  "wap1_std_150": 77.49505403637886,
  "wap2_sum_150": 79.42478255927563,
  "wap2_mean_150": 44.01179800927639,
  "wap2_std_150": 134.8536532074213,
  "log_return1_sum_150": 76.6057792454958,
  "log_return1_realized_volatility_150": 253734.54900065064,
  "log_return1_mean_150": 76.14808815717697,
  "log_return1_std_150": 627.3960864394903,
  "log_return2_sum_150": 94.02267535030842,
  "log_return2_realized_volatility_150": 9632.991426892579,
  "log_return2_mean_150": 68.25783590972424,
  "log_return2_std_150": 63.25860646367073,
  "wap_balance_sum_150": 276.93165239691734,
  "wap_balance_mean_150": 87.9096170514822,
  "wap_balance_std_150": 91.66736483573914,
  "price_spread_sum_150": 141.47518818080425,
  "price_spread_mean_150": 2032.0737274587154,
  "price_spread_std_150": 93.9663488715887,
  "bid_spread_sum_150": 64.78005419671535,
  "bid_spread_mean_150": 82.32193204760551,
  "bid_spread_std_150": 58.26108406484127,
  "ask_spread_sum_150": 77.29176680743694,
  "ask_spread_mean_150": 79.34223671257496,
  "ask_spread_std_150": 65.90983781218529,
  "total_volume_sum_150": 71.10105988383293,
  "total_volume_mean_150": 110.78636127710342,
  "total_volume_std_150": 62.956179559230804,
  "volume_imbalance_sum_150": 46.522335812449455,
  "volume_imbalance_mean_150": 156.88854923844337,
  "volume_imbalance_std_150": 45.07459872961044,
  "trade_log_return_realized_volatility": 3255.913435474038,
  "trade_seconds_in_bucket_count_unique": 308.6466997861862,
  "trade_size_sum": 97.66835249960423,
  "trade_order_count_mean": 214.5934226512909,
  "trade_log_return_realized_volatility_450": 973.4097204655409,
  "trade_seconds_in_bucket_count_unique_450": 273.43215833604336,
  "trade_size_sum_450": 159.37239861488342,
  "trade_order_count_mean_450": 215.09088851511478,
  "trade_log_return_realized_volatility_300": 703.3709092140198,
  "trade_seconds_in_bucket_count_unique_300": 336.49636059999466,
  "trade_size_sum_300": 159.2366394251585,
  "trade_order_count_mean_300": 178.13803192973137,
  "trade_log_return_realized_volatility_150": 244.90383955836296,
  "trade_seconds_in_bucket_count_unique_150": 234.41359502077103,
  "trade_size_sum_150": 109.21504794061184,
  "trade_order_count_mean_150": 206.94835038483143,
  "log_return1_realized_volatility_mean_stock": 488.90233930945396,
  "log_return1_realized_volatility_std_stock": 42.37204498052597,
  "log_return1_realized_volatility_max_stock": 17.10451701283455,
  "log_return1_realized_volatility_min_stock": 74.49429768323898,
  "log_return2_realized_volatility_mean_stock": 104.00419603288174,
  "log_return2_realized_volatility_std_stock": 49.719014555215836,
  "log_return2_realized_volatility_max_stock": 24.98692388832569,
  "log_return2_realized_volatility_min_stock": 82.95891010761261,
  "log_return1_realized_volatility_450_mean_stock": 793.7720816284418,
  "log_return1_realized_volatility_450_std_stock": 35.71307820081711,
  "log_return1_realized_volatility_450_max_stock": 15.026001915335655,
  "log_return1_realized_volatility_450_min_stock": 42.92795239388943,
  "log_return2_realized_volatility_450_mean_stock": 189.1116377711296,
  "log_return2_realized_volatility_450_std_stock": 49.41744248569012,
  "log_return2_realized_volatility_450_max_stock": 17.190333992242813,
  "log_return2_realized_volatility_450_min_stock": 10.025224015116692,
  "log_return1_realized_volatility_300_mean_stock": 269.19391644001007,
  "log_return1_realized_volatility_300_std_stock": 14.869194060564041,
  "log_return1_realized_volatility_300_max_stock": 18.711910128593445,
  "log_return1_realized_volatility_300_min_stock": 44.122710064053535,
  "log_return2_realized_volatility_300_mean_stock": 149.39701227843761,