{
  "stock_id": 9939.98246473074,
  "wap1_sum": 124.22307533025742,
  "wap1_mean": 69.23292511701584,
  "wap1_std": 122.33216793835163,
  "wap2_sum": 80.6016274690628,
  "wap2_mean": 75.07858173549175,
  "wap2_std": 85.48767095804214,
  "log_return1_sum": 89.44228884577751,
  "log_return1_realized_volatility": 121824.39180707932,
  "log_return1_mean": 96.83954697847366,
  "log_return1_std": 146.23017951846123,
  "log_return2_sum": 83.90762734413147,
  "log_return2_realized_volatility": 11563.222662091255,
  "log_return2_mean": 97.98148280382156,
  "log_return2_std": 91.69577956199646,
  "wap_balance_sum": 312.38338017463684,
  "wap_balance_mean": 196.68399798870087,
  "wap_balance_std": 185.0566385090351,
  "price_spread_sum": 599.9088439494371,
  "price_spread_mean": 785.191412717104,
  "price_spread_std": 158.28300148248672,
  "bid_spread_sum": 72.05741703510284,
  "bid_spread_mean": 96.94156712293625,
  "bid_spread_std": 115.75196093320847,
  "ask_spread_sum": 71.74311712384224,
  "ask_spread_mean": 365.91024643182755,
  "ask_spread_std": 97.30747818946838,
  "total_volume_sum": 106.21287965774536,
  "total_volume_mean": 184.50633345544338,
  "total_volume_std": 70.39023634791374,
  "volume_imbalance_sum": 44.88984301686287,
  "volume_imbalance_mean": 392.92669102549553,
  "volume_imbalance_std": 444.6830085515976,
  "wap1_sum_450": 95.15240001678467,
  "wap1_mean_450": 77.08362823724747,
  "wap1_std_450": 138.6279728114605,
  "wap2_sum_450": 35.80140410363674,
  "wap2_mean_450": 90.01599365472794,
  "wap2_std_450": 305.10187885165215,
  "log_return1_sum_450": 99.48853066563606,
  "log_return1_realized_volatility_450": 614.5567457973957,
  "log_return1_mean_450": 135.3765800744295,
  "log_return1_std_450": 215.32073593139648,
  "log_return2_sum_450": 94.52219355106354,
  "log_return2_realized_volatility_450": 1818.545894742012,
  "log_return2_mean_450": 121.19007493555546,
  "log_return2_std_450": 321.0545603632927,
  "wap_balance_sum_450": 302.79244017601013,
  "wap_balance_mean_450": 328.60428363084793,
  "wap_balance_std_450": 93.92644530534744,
  "price_spread_sum_450": 356.7902596592903,
  "price_spread_mean_450": 214.69880804419518,
  "price_spread_std_450": 123.4634730219841,
  "bid_spread_sum_450": 104.15494146943092,
  "bid_spread_mean_450": 121.1499620527029,
  "bid_spread_std_450": 106.41843211650848,
  "ask_spread_sum_450": 114.98283395171165,
  "ask_spread_mean_450": 148.32123555243015,
  "ask_spread_std_450": 119.01665142178535,
  "total_volume_sum_450": 72.82075136899948,
  "total_volume_mean_450": 76.92012612521648,
  "total_volume_std_450": 139.65262708067894,
  "volume_imbalance_sum_450": 62.838273882865906,
  "volume_imbalance_mean_450": 97.72651979327202,
  "volume_imbalance_std_450": 100.19060745835304,
  "wap1_sum_300": 99.86392509937286,
  "wap1_mean_300": 41.89081284403801,
  "wap1_std_300": 105.98733741044998,
  "wap2_sum_300": 20.220413953065872,
  "wap2_mean_300": 35.22146084904671,
  "wap2_std_300": 141.92035414278507,
  "log_return1_sum_300": 89.69178181886673,
  "log_return1_realized_volatility_300": 9771.468363150954,
  "log_return1_mean_300": 96.65494281053543,
  "log_return1_std_300": 1369.9999719262123,
  "log_return2_sum_300": 95.07331302762032,
  "log_return2_realized_volatility_300": 1891.7983397245407,
  "log_return2_mean_300": 99.08809910714626,
  "log_return2_std_300": 226.73904317617416,
  "wap_balance_sum_300": 148.89963541924953,
  "wap_balance_mean_300": 770.3953087031841,
  "wap_balance_std_300": 108.62169006466866,
  "price_spread_sum_300": 831.1894134581089,
  "price_spread_mean_300": 1282.3711144030094,
  "price_spread_std_300": 96.55421397089958,
  "bid_spread_sum_300": 84.26840600371361,
  "bid_spread_mean_300": 99.60688687860966,
  "bid_spread_std_300": 81.45506888628006,
  "ask_spread_sum_300": 71.12833899259567,
  "ask_spread_mean_300": 144.3663168847561,
  "ask_spread_std_300": 87.22235605120659,
  "total_volume_sum_300": 140.50518092513084,
  "total_volume_mean_300": 92.6270791888237,
  "total_volume_std_300": 93.86724895238876,
  "volume_imbalance_sum_300": 64.74317108094692,
  "volume_imbalance_mean_300": 84.15943774580956,
  "volume_imbalance_std_300": 67.69219301640987,
  "wap1_sum_150": 96.9396308362484,
  "wap1_mean_150": 36.38702005147934,
  "wap1_std_150": 95.96256102621555,
  "wap2_sum_150": 40.20640003681183,
  "wap2_mean_150": 54.18161126971245,
  "wap2_std_150": 83.4309273660183,
  "log_return1_sum_150": 95.59420122206211,
  "log_return1_realized_volatility_150": 94550.34969732165,
  "log_return1_mean_150": 89.60958969593048,
  "log_return1_std_150": 226.26577092707157,
  "log_return2_sum_150": 92.8295528292656,
  "log_return2_realized_volatility_150": 2286.3441874682903,
  "log_return2_mean_150": 89.37539693713188,
  "log_return2_std_150": 239.23115342855453,
  "wap_balance_sum_150": 420.27282655239105,
  "wap_balance_mean_150": 289.35518831014633,
  "wap_balance_std_150": 89.52960434556007,
  "price_spread_sum_150": 313.4361443221569,
  "price_spread_mean_150": 383.9936988055706,
  "price_spread_std_150": 100.9339115023613,
  "bid_spread_sum_150": 81.57151983678341,
  "bid_spread_mean_150": 91.23204234242439,
  "bid_spread_std_150": 69.15407393872738,
  "ask_spread_sum_150": 100.88065175712109,
  "ask_spread_mean_150": 75.34952212870121,
  "ask_spread_std_150": 79.3531040251255,
  "total_volume_sum_150": 294.22211611270905,
  "total_volume_mean_150": 68.90675488114357,
  "total_volume_std_150": 64.04647523164749,
  "volume_imbalance_sum_150": 47.13119685649872,
  "volume_imbalance_mean_150": 132.87445017695427,
  "volume_imbalance_std_150": 61.83523127436638,
  "trade_log_return_realized_volatility": 716.3957591205835,
  "trade_seconds_in_bucket_count_unique": 223.19033220410347,
  "trade_size_sum": 166.68937873840332,
  "trade_order_count_mean": 279.54531741142273,
  "trade_log_return_realized_volatility_450": 788.2470727711916,
  "trade_seconds_in_bucket_count_unique_450": 224.72717028856277,
  "trade_size_sum_450": 152.96498891711235,
  "trade_order_count_mean_450": 292.06042532622814,
  "trade_log_return_realized_volatility_300": 383.6236621886492,
  "trade_seconds_in_bucket_count_unique_300": 231.6293637752533,
  "trade_size_sum_300": 130.21076983213425,
  "trade_order_count_mean_300": 172.98278775811195,
  "trade_log_return_realized_volatility_150": 211.01228147745132,
  "trade_seconds_in_bucket_count_unique_150": 172.2145117521286,
  "trade_size_sum_150": 120.60772159695625,
  "trade_order_count_mean_150": 170.70107355713844,
  "log_return1_realized_volatility_mean_stock": 142.47852662205696,
  "log_return1_realized_volatility_std_stock": 21.96766284108162,
  "log_return1_realized_volatility_max_stock": 8.635056048631668,
  "log_return1_realized_volatility_min_stock": 20.74410903453827,
  "log_return2_realized_volatility_mean_stock": 41.955379635095596,
  "log_return2_realized_volatility_std_stock": 10.355879068374634,
  "log_return2_realized_volatility_max_stock": 16.552341863512993,
  "log_return2_realized_volatility_min_stock": 20.86567610502243,
  "log_return1_realized_volatility_450_mean_stock": 96.61297208070755,
  "log_return1_realized_volatility_450_std_stock": 14.81228193640709,
  "log_return1_realized_volatility_450_max_stock": 8.219800025224686,
  "log_return1_realized_volatility_450_min_stock": 16.959912955760956,
  "log_return2_realized_volatility_450_mean_stock": 27.804480373859406,
  "log_return2_realized_volatility_450_std_stock": 18.10993269085884,
  "log_return2_realized_volatility_450_max_stock": 8.153692990541458,
  "log_return2_realized_volatility_450_min_stock": 15.334032893180847,
  "log_return1_realized_volatility_300_mean_stock": 9.302989959716797,
  "log_return1_realized_volatility_300_std_stock": 1.9469009637832642,
  "log_return1_realized_volatility_300_max_stock": 8.839187890291214,
  "log_return1_realized_volatility_300_min_stock": 9.106186002492905,
  "log_return2_realized_volatility_300_mean_stock": 15.474145829677582,