{
  "stock_id": 10327.247201904655,
  "wap1_sum": 137.6722659021616,
  "wap1_mean": 83.75899915397167,
  "wap1_std": 110.73103614151478,
  "wap2_sum": 119.45696820318699,
  "wap2_mean": 87.46497218310833,
  "wap2_std": 115.69449549913406,
  "log_return1_sum": 90.31286503374577,
  "log_return1_realized_volatility": 98606.86756457388,
  "log_return1_mean": 92.8310673609376,
  "log_return1_std": 2426.970296084881,
  "log_return2_sum": 127.27083550393581,
  "log_return2_realized_volatility": 19473.779939979315,
  "log_return2_mean": 111.25001409649849,
  "log_return2_std": 84.08969455957413,
  "wap_balance_sum": 465.90444771945477,
  "wap_balance_mean": 200.605740994215,
  "wap_balance_std": 120.85470694303513,
  "price_spread_sum": 1237.4476073086262,
  "price_spread_mean": 788.3108583465219,
  "price_spread_std": 164.98401928693056,
  "bid_spread_sum": 74.70545609295368,
  "bid_spread_mean": 513.2691101580858,
  "bid_spread_std": 122.46039784699678,
  "ask_spread_sum": 64.21572080254555,
  "ask_spread_mean": 1287.4204359948635,
  "ask_spread_std": 103.69713389873505,
  "total_volume_sum": 300.7083403170109,
  "total_volume_mean": 349.65135089308023,
  "total_volume_std": 307.4253780543804,
  "volume_imbalance_sum": 58.741818353533745,
  "volume_imbalance_mean": 1381.4414640516043,
  "volume_imbalance_std": 57.20799973607063,
  "wap1_sum_450": 92.31228762865067,
  "wap1_mean_450": 80.9563729763031,
  "wap1_std_450": 249.05426633358002,
  "wap2_sum_450": 98.4486321657896,
  "wap2_mean_450": 106.77304796874523,
  "wap2_std_450": 319.10224939882755,
  "log_return1_sum_450": 107.11050401628017,
  "log_return1_realized_volatility_450": 1388.0547952204943,
  "log_return1_mean_450": 104.72608391940594,
  "log_return1_std_450": 612.7825343981385,
  "log_return2_sum_450": 101.14540562033653,
  "log_return2_realized_volatility_450": 9784.773562386632,
  "log_return2_mean_450": 104.82518476992846,
  "log_return2_std_450": 123.29128456115723,
  "wap_balance_sum_450": 162.5280655324459,
  "wap_balance_mean_450": 187.12457214295864,
  "wap_balance_std_450": 154.02091132104397,
  "price_spread_sum_450": 456.2390584349632,
  "price_spread_mean_450": 191.16125867515802,
  "price_spread_std_450": 93.41178327798843,
  "bid_spread_sum_450": 116.46882240474224,
  "bid_spread_mean_450": 84.06088210642338,
  "bid_spread_std_450": 109.93970173597336,
  "ask_spread_sum_450": 94.9681973606348,
  "ask_spread_mean_450": 1070.1530213430524,
  "ask_spread_std_450": 79.25495570898056,
  "total_volume_sum_450": 115.32894528657198,
  "total_volume_mean_450": 167.61830051243305,
  "total_volume_std_450": 103.11306934058666,
  "volume_imbalance_sum_450": 73.98683229088783,
  "volume_imbalance_mean_450": 90.49988622963428,
  "volume_imbalance_std_450": 92.98419804871082,
  "wap1_sum_300": 94.51022696495056,
  "wap1_mean_300": 99.15208758413792,
  "wap1_std_300": 126.17835669219494,
  "wap2_sum_300": 90.78374116122723,
  "wap2_mean_300": 52.963790982961655,
  "wap2_std_300": 116.39082230627537,
  "log_return1_sum_300": 90.73709242790937,
  "log_return1_realized_volatility_300": 22653.60956478119,
  "log_return1_mean_300": 129.84534706175327,
  "log_return1_std_300": 721.8700748682022,
  "log_return2_sum_300": 96.80762250721455,
  "log_return2_realized_volatility_300": 1931.9640862345695,
  "log_return2_mean_300": 72.31271390616894,
  "log_return2_std_300": 138.58264592289925,
  "wap_balance_sum_300": 213.7561899125576,
  "wap_balance_mean_300": 354.33194403350353,
  "wap_balance_std_300": 87.13360200822353,
  "price_spread_sum_300": 999.6974988430738,
  "price_spread_mean_300": 1041.5416169762611,
  "price_spread_std_300": 105.75504118204117,
  "bid_spread_sum_300": 73.07027181982994,
  "bid_spread_mean_300": 82.92413004487753,
  "bid_spread_std_300": 72.14489530026913,
  "ask_spread_sum_300": 61.18757991492748,
  "ask_spread_mean_300": 90.0637793764472,
  "ask_spread_std_300": 105.6578920930624,
  "total_volume_sum_300": 100.94514302909374,
  "total_volume_mean_300": 201.41604240238667,
  "total_volume_std_300": 93.36826872825623,
  "volume_imbalance_sum_300": 61.00293204933405,
  "volume_imbalance_mean_300": 286.82828959822655,
  "volume_imbalance_std_300": 68.3402437120676,
  "wap1_sum_150": 95.7377745360136,
  "wap1_mean_150": 77.01392810046673,
  "wap1_std_150": 76.75064102560282,
  "wap2_sum_150": 87.34069295227528,
  "wap2_mean_150": 44.88556073606014,
  "wap2_std_150": 140.5337234735489,
  "log_return1_sum_150": 78.0889559686184,
  "log_return1_realized_volatility_150": 257049.9907983169,
  "log_return1_mean_150": 101.63552810996771,
  "log_return1_std_150": 586.6489996761084,
  "log_return2_sum_150": 71.88143613934517,
  "log_return2_realized_volatility_150": 9116.3506873101,
  "log_return2_mean_150": 84.14333732426167,
  "log_return2_std_150": 115.78751787543297,
  "wap_balance_sum_150": 301.16982784867287,
  "wap_balance_mean_150": 124.6608958542347,
  "wap_balance_std_150": 124.73076897859573,
  "price_spread_sum_150": 444.02476274967194,
  "price_spread_mean_150": 1997.5246711671352,
  "price_spread_std_150": 112.5912047624588,
  "bid_spread_sum_150": 82.51445290446281,
  "bid_spread_mean_150": 87.25520107150078,
  "bid_spread_std_150": 75.20092011988163,
  "ask_spread_sum_150": 79.73949126899242,
  "ask_spread_mean_150": 86.92923904955387,
  "ask_spread_std_150": 87.95684231072664,
  "total_volume_sum_150": 84.63603720068932,
  "total_volume_mean_150": 129.79125009477139,
  "total_volume_std_150": 117.16634702682495,
  "volume_imbalance_sum_150": 60.64945711195469,
  "volume_imbalance_mean_150": 188.49321322143078,
  "volume_imbalance_std_150": 105.4421242326498,
  "trade_log_return_realized_volatility": 3050.99302803725,
  "trade_seconds_in_bucket_count_unique": 423.9355828240514,
  "trade_size_sum": 93.59518823027611,
  "trade_order_count_mean": 277.9322860389948,
  "trade_log_return_realized_volatility_450": 941.0765455961227,
  "trade_seconds_in_bucket_count_unique_450": 299.08536154031754,
  "trade_size_sum_450": 142.18088299036026,
  "trade_order_count_mean_450": 206.86354836821556,
  "trade_log_return_realized_volatility_300": 188.4804735481739,
  "trade_seconds_in_bucket_count_unique_300": 311.6384299695492,
  "trade_size_sum_300": 161.4881493449211,
  "trade_order_count_mean_300": 191.90736208856106,
  "trade_log_return_realized_volatility_150": 894.8777218163013,
  "trade_seconds_in_bucket_count_unique_150": 269.2212174683809,
  "trade_size_sum_150": 99.47668699920177,
  "trade_order_count_mean_150": 246.3125729560852,
  "log_return1_realized_volatility_mean_stock": 538.1133099347353,
  "log_return1_realized_volatility_std_stock": 34.73459589481354,
  "log_return1_realized_volatility_max_stock": 14.575793996453285,
  "log_return1_realized_volatility_min_stock": 79.45559269189835,
  "log_return2_realized_volatility_mean_stock": 129.83456191420555,
  "log_return2_realized_volatility_std_stock": 86.29210785031319,
  "log_return2_realized_volatility_max_stock": 31.194755002856255,
  "log_return2_realized_volatility_min_stock": 92.20429135859013,
  "log_return1_realized_volatility_450_mean_stock": 711.8139274716377,
  "log_return1_realized_volatility_450_std_stock": 46.71168477833271,
  "log_return1_realized_volatility_450_max_stock": 23.444793045520782,
  "log_return1_realized_volatility_450_min_stock": 25.09628516435623,
  "log_return2_realized_volatility_450_mean_stock": 139.56717282533646,
  "log_return2_realized_volatility_450_std_stock": 20.933615893125534,
  "log_return2_realized_volatility_450_max_stock": 28.492688700556755,
  "log_return2_realized_volatility_450_min_stock": 20.483931109309196,
  "log_return1_realized_volatility_300_mean_stock": 305.59327034652233,
  "log_return1_realized_volatility_300_std_stock": 35.16277089715004,
  "log_return1_realized_volatility_300_max_stock": 24.2156849950552,
  "log_return1_realized_volatility_300_min_stock": 78.9245031028986,
  "log_return2_realized_volatility_300_mean_stock": 231.2443551570177,