{
  "stock_id": 5893.302682682872,
  "wap1_sum": 130.75291827321053,
  "wap1_mean": 76.62257491052151,
  "wap1_std": 162.6004670113325,
  "wap2_sum": 74.54453900456429,
  "wap2_mean": 98.17464023828506,
  "wap2_std": 117.77879476547241,
  "log_return1_sum": 93.14716398715973,
  "log_return1_realized_volatility": 51185.53863033652,
  "log_return1_mean": 97.99646618962288,
  "log_return1_std": 1675.2739287018776,
  "log_return2_sum": 105.01567329466343,
  "log_return2_realized_volatility": 9620.40861518681,
  "log_return2_mean": 108.89648893475533,
  "log_return2_std": 82.31124596297741,
  "wap_balance_sum": 353.2881152033806,
  "wap_balance_mean": 101.75763627886772,
  "wap_balance_std": 116.59753397107124,
  "price_spread_sum": 728.7834656238556,
  "price_spread_mean": 583.9742425978184,
  "price_spread_std": 147.33068391680717,
  "bid_spread_sum": 97.80210764706135,
  "bid_spread_mean": 87.47443705797195,
  "bid_spread_std": 93.27081269025803,
  "ask_spread_sum": 86.50790704786777,
  "ask_spread_mean": 334.1101009398699,
  "ask_spread_std": 92.75566484034061,
  "total_volume_sum": 124.20231565833092,
  "total_volume_mean": 211.72831954061985,
  "total_volume_std": 130.18845653533936,
  "volume_imbalance_sum": 81.81588464975357,
  "volume_imbalance_mean": 117.1599869132042,
  "volume_imbalance_std": 90.18075203895569,
  "wap1_sum_450": 94.54886697232723,
  "wap1_mean_450": 79.21398887038231,
  "wap1_std_450": 195.08668214082718,
  "wap2_sum_450": 70.20398016273975,
  "wap2_mean_450": 86.27133597433567,
  "wap2_std_450": 208.6709182858467,
  "log_return1_sum_450": 106.78671106696129,
  "log_return1_realized_volatility_450": 550.4446404725313,
  "log_return1_mean_450": 109.42591907083988,
  "log_return1_std_450": 729.0447521805763,
  "log_return2_sum_450": 103.3374920040369,
  "log_return2_realized_volatility_450": 6229.827972009778,
  "log_return2_mean_450": 109.97334611415863,
  "log_return2_std_450": 137.34457291662693,
  "wap_balance_sum_450": 178.88118135929108,
  "wap_balance_mean_450": 477.05173140764236,
  "wap_balance_std_450": 125.63531118631363,
  "price_spread_sum_450": 314.98328272998333,
  "price_spread_mean_450": 828.0896501094103,
  "price_spread_std_450": 265.9868261516094,
  "bid_spread_sum_450": 113.57139210402966,
  "bid_spread_mean_450": 195.48658391833305,
  "bid_spread_std_450": 110.99498894810677,
  "ask_spread_sum_450": 109.72650082409382,
  "ask_spread_mean_450": 694.8732204735279,
  "ask_spread_std_450": 114.36177590489388,
  "total_volume_sum_450": 101.21179841458797,
  "total_volume_mean_450": 102.22523191571236,
  "total_volume_std_450": 100.15385290980339,
  "volume_imbalance_sum_450": 94.62792059779167,
  "volume_imbalance_mean_450": 83.05260407924652,
  "volume_imbalance_std_450": 139.84821075201035,
  "wap1_sum_300": 89.0373163074255,
  "wap1_mean_300": 66.21683058142662,
  "wap1_std_300": 107.03949303925037,
  "wap2_sum_300": 88.5805701315403,
  "wap2_mean_300": 54.43172274529934,
  "wap2_std_300": 110.6525565981865,
  "log_return1_sum_300": 96.67276293039322,
  "log_return1_realized_volatility_300": 11564.861964195967,
  "log_return1_mean_300": 118.53912900388241,
  "log_return1_std_300": 440.5475229024887,
  "log_return2_sum_300": 97.44269271194935,
  "log_return2_realized_volatility_300": 780.6113523393869,
  "log_return2_mean_300": 102.32299700379372,
  "log_return2_std_300": 115.95668266713619,
  "wap_balance_sum_300": 277.75972779095173,
  "wap_balance_mean_300": 493.0638553351164,
  "wap_balance_std_300": 116.95308166742325,
  "price_spread_sum_300": 1009.8808590322733,
  "price_spread_mean_300": 460.65362134575844,
  "price_spread_std_300": 96.7217417806387,
  "bid_spread_sum_300": 88.52292813360691,
  "bid_spread_mean_300": 113.32990245521069,
  "bid_spread_std_300": 88.77365124225616,
  "ask_spread_sum_300": 97.57494740188122,
  "ask_spread_mean_300": 103.004010155797,
  "ask_spread_std_300": 100.27825890481472,
  "total_volume_sum_300": 72.47322683036327,
  "total_volume_mean_300": 118.62418287992477,
  "total_volume_std_300": 95.21718396246433,
  "volume_imbalance_sum_300": 61.81525518000126,
  "volume_imbalance_mean_300": 83.40172013640404,
  "volume_imbalance_std_300": 99.764818623662,
  "wap1_sum_150": 104.66469384729862,
  "wap1_mean_150": 71.2725368887186,
  "wap1_std_150": 219.64922280609608,
  "wap2_sum_150": 73.058891877532,
  "wap2_mean_150": 63.42176330089569,
  "wap2_std_150": 123.4625438451767,
  "log_return1_sum_150": 86.34440310299397,
  "log_return1_realized_volatility_150": 126353.75172244012,
  "log_return1_mean_150": 92.7699378579855,
  "log_return1_std_150": 310.00667737424374,
  "log_return2_sum_150": 85.91178208589554,
  "log_return2_realized_volatility_150": 4160.068309187889,
  "log_return2_mean_150": 89.2914838641882,
  "log_return2_std_150": 89.82098826766014,
  "wap_balance_sum_150": 354.65474957227707,
  "wap_balance_mean_150": 410.7115271240473,
  "wap_balance_std_150": 173.00956603884697,
  "price_spread_sum_150": 217.2875152528286,
  "price_spread_mean_150": 379.4694269746542,
  "price_spread_std_150": 99.31075796484947,
  "bid_spread_sum_150": 83.3302041888237,
  "bid_spread_mean_150": 132.65051746368408,
  "bid_spread_std_150": 82.54022380709648,
  "ask_spread_sum_150": 76.89622683823109,
  "ask_spread_mean_150": 130.52731919288635,
  "ask_spread_std_150": 78.89523355662823,
  "total_volume_sum_150": 78.95712211728096,
  "total_volume_mean_150": 88.9638002961874,
  "total_volume_std_150": 71.9937431961298,
  "volume_imbalance_sum_150": 64.9859491288662,
  "volume_imbalance_mean_150": 919.0409413576126,
  "volume_imbalance_std_150": 586.0121766477823,
  "trade_log_return_realized_volatility": 1558.7507355213165,
  "trade_seconds_in_bucket_count_unique": 258.92287577688694,
  "trade_size_sum": 138.6900068372488,
  "trade_order_count_mean": 193.88227766752243,
  "trade_log_return_realized_volatility_450": 673.3163539916277,
  "trade_seconds_in_bucket_count_unique_450": 210.67657761275768,
  "trade_size_sum_450": 141.80359706282616,
  "trade_order_count_mean_450": 232.14801314473152,
  "trade_log_return_realized_volatility_300": 412.14477756619453,
  "trade_seconds_in_bucket_count_unique_300": 242.70977526903152,
  "trade_size_sum_300": 116.87656185030937,
  "trade_order_count_mean_300": 163.7678420394659,
  "trade_log_return_realized_volatility_150": 151.52159489691257,
  "trade_seconds_in_bucket_count_unique_150": 184.01517812907696,
  "trade_size_sum_150": 125.30660949647427,
  "trade_order_count_mean_150": 197.27029679715633,
  "log_return1_realized_volatility_mean_stock": 226.4299394339323,
  "log_return1_realized_volatility_std_stock": 25.278741985559464,
  "log_return1_realized_volatility_max_stock": 25.651497021317482,
  "log_return1_realized_volatility_min_stock": 63.28244762122631,
  "log_return2_realized_volatility_mean_stock": 111.57018259167671,
  "log_return2_realized_volatility_std_stock": 56.80236381292343,
  "log_return2_realized_volatility_max_stock": 21.9397069811821,
  "log_return2_realized_volatility_min_stock": 56.91359156370163,
  "log_return1_realized_volatility_450_mean_stock": 325.45136301219463,
  "log_return1_realized_volatility_450_std_stock": 41.036628901958466,
  "log_return1_realized_volatility_450_max_stock": 22.421184986829758,
  "log_return1_realized_volatility_450_min_stock": 39.039957985281944,
  "log_return2_realized_volatility_450_mean_stock": 138.65573287010193,
  "log_return2_realized_volatility_450_std_stock": 26.266612365841866,
  "log_return2_realized_volatility_450_max_stock": 23.052380949258804,
  "log_return2_realized_volatility_450_min_stock": 32.426782831549644,
  "log_return1_realized_volatility_300_mean_stock": 132.18215990066528,
  "log_return1_realized_volatility_300_std_stock": 20.121700942516327,
  "log_return1_realized_volatility_300_max_stock": 35.563591822981834,
  "log_return1_realized_volatility_300_min_stock": 42.64186489582062,
  "log_return2_realized_volatility_300_mean_stock": 119.5805658698082,