{
  "stock_id": 9122.63066624105,
  "wap1_sum": 116.70277847349644,
  "wap1_mean": 77.87850125133991,
  "wap1_std": 97.00598309934139,
  "wap2_sum": 86.61748507618904,
  "wap2_mean": 54.73042117059231,
  "wap2_std": 94.67191410064697,
  "log_return1_sum": 104.2414918243885,
  "log_return1_realized_volatility": 89448.61805008352,
  "log_return1_mean": 67.66021399199963,
  "log_return1_std": 1325.805011227727,
  "log_return2_sum": 85.21731966733932,
  "log_return2_realized_volatility": 14617.080759420991,
  "log_return2_mean": 84.84288316965103,
  "log_return2_std": 69.6894123852253,
  "wap_balance_sum": 315.50007309019566,
  "wap_balance_mean": 160.97423918545246,
  "wap_balance_std": 185.62778812646866,
  "price_spread_sum": 1223.590712159872,
  "price_spread_mean": 653.9036542326212,
  "price_spread_std": 187.1735046952963,
  "bid_spread_sum": 85.59558647871017,
  "bid_spread_mean": 919.0651131421328,
  "bid_spread_std": 95.7036098241806,
  "ask_spread_sum": 59.5790319442749,
  "ask_spread_mean": 1221.5178862512112,
  "ask_spread_std": 113.52313949167728,
  "total_volume_sum": 232.10775113105774,
  "total_volume_mean": 333.92403906583786,
  "total_volume_std": 144.6468688994646,
  "volume_imbalance_sum": 46.4127511382103,
  "volume_imbalance_mean": 1284.291118979454,
  "volume_imbalance_std": 303.3132375329733,
  "wap1_sum_450": 88.3226579874754,
  "wap1_mean_450": 59.16787779331207,
  "wap1_std_450": 266.47746409475803,
  "wap2_sum_450": 100.73306380212307,
  "wap2_mean_450": 103.26000280678272,
  "wap2_std_450": 269.92515666782856,
  "log_return1_sum_450": 82.23097021877766,
  "log_return1_realized_volatility_450": 855.4489474743605,
  "log_return1_mean_450": 77.45128996670246,
  "log_return1_std_450": 223.25823558866978,
  "log_return2_sum_450": 104.5696405172348,
  "log_return2_realized_volatility_450": 8986.634515464306,
  "log_return2_mean_450": 84.34186212718487,
  "log_return2_std_450": 93.75452573597431,
  "wap_balance_sum_450": 263.58045656979084,
  "wap_balance_mean_450": 497.471492677927,
  "wap_balance_std_450": 122.66909055411816,
  "price_spread_sum_450": 388.5607419312,
  "price_spread_mean_450": 317.26733964681625,
  "price_spread_std_450": 105.83559788763523,
  "bid_spread_sum_450": 77.30147561430931,
  "bid_spread_mean_450": 69.10221922397614,
  "bid_spread_std_450": 109.3836351186037,
  "ask_spread_sum_450": 71.72027999162674,
  "ask_spread_mean_450": 736.4669215977192,
  "ask_spread_std_450": 73.36785128712654,
  "total_volume_sum_450": 143.13232673704624,
  "total_volume_mean_450": 155.52919274568558,
  "total_volume_std_450": 75.81137976050377,
  "volume_imbalance_sum_450": 72.91729202866554,
  "volume_imbalance_mean_450": 74.66990692913532,
  "volume_imbalance_std_450": 59.79562622308731,
  "wap1_sum_300": 89.08974106609821,
  "wap1_mean_300": 56.21840165555477,
  "wap1_std_300": 104.28621657192707,
  "wap2_sum_300": 70.41959923505783,
  "wap2_mean_300": 48.56668101251125,
  "wap2_std_300": 120.21182563900948,
  "log_return1_sum_300": 71.22488786280155,
  "log_return1_realized_volatility_300": 8176.4863309413195,
  "log_return1_mean_300": 110.17400825023651,
  "log_return1_std_300": 427.4075922369957,
  "log_return2_sum_300": 69.23569490015507,
  "log_return2_realized_volatility_300": 2438.9481557160616,
  "log_return2_mean_300": 99.71143056452274,
  "log_return2_std_300": 81.18356466293335,
  "wap_balance_sum_300": 155.0824082493782,
  "wap_balance_mean_300": 440.1379113942385,
  "wap_balance_std_300": 82.1069860458374,
  "price_spread_sum_300": 1326.7728903442621,
  "price_spread_mean_300": 948.8445986509323,
  "price_spread_std_300": 78.23768875002861,
  "bid_spread_sum_300": 67.12992903590202,
  "bid_spread_mean_300": 65.05566075444221,
  "bid_spread_std_300": 66.75205491483212,
  "ask_spread_sum_300": 68.04015403985977,
  "ask_spread_mean_300": 76.26287487149239,
  "ask_spread_std_300": 90.94375908374786,
  "total_volume_sum_300": 77.74959594011307,
  "total_volume_mean_300": 104.39823217689991,
  "total_volume_std_300": 176.84006889164448,
  "volume_imbalance_sum_300": 64.32465299963951,
  "volume_imbalance_mean_300": 73.59677869081497,
  "volume_imbalance_std_300": 63.33728891611099,
  "wap1_sum_150": 73.18762397766113,
  "wap1_mean_150": 60.953094974160194,
  "wap1_std_150": 58.38616192340851,
  "wap2_sum_150": 71.35563790798187,
  "wap2_mean_150": 42.60661795735359,
  "wap2_std_150": 76.61373555660248,
  "log_return1_sum_150": 71.88921192288399,
  "log_return1_realized_volatility_150": 244535.30174438655,
  "log_return1_mean_150": 72.27075406908989,
  "log_return1_std_150": 238.7701728194952,
  "log_return2_sum_150": 53.248287945985794,
  "log_return2_realized_volatility_150": 5073.3989033252,
  "log_return2_mean_150": 71.15783980488777,
  "log_return2_std_150": 121.50212652981281,
  "wap_balance_sum_150": 541.0577372610569,
  "wap_balance_mean_150": 82.43251113593578,
  "wap_balance_std_150": 96.88494311273098,
  "price_spread_sum_150": 199.88670559227467,
  "price_spread_mean_150": 797.151911586523,
  "price_spread_std_150": 99.24147291481495,
  "bid_spread_sum_150": 72.4004370868206,
  "bid_spread_mean_150": 77.4530218988657,
  "bid_spread_std_150": 82.94093735516071,
  "ask_spread_sum_150": 80.67547400295734,
  "ask_spread_mean_150": 73.8070296049118,
  "ask_spread_std_150": 62.80011025071144,
  "total_volume_sum_150": 91.9102838486433,
  "total_volume_mean_150": 67.69035685062408,
  "total_volume_std_150": 76.15154807269573,
  "volume_imbalance_sum_150": 86.36166097223759,
  "volume_imbalance_mean_150": 75.06705278158188,
  "volume_imbalance_std_150": 125.37407958507538,
  "trade_log_return_realized_volatility": 2391.4998346418142,
  "trade_seconds_in_bucket_count_unique": 315.58939938247204,
  "trade_size_sum": 134.81108671426773,
  "trade_order_count_mean": 174.89907498657703,
  "trade_log_return_realized_volatility_450": 1008.1082465350628,
  "trade_seconds_in_bucket_count_unique_450": 262.0260279625654,
  "trade_size_sum_450": 124.43007171154022,
  "trade_order_count_mean_450": 172.30633440613747,
  "trade_log_return_realized_volatility_300": 222.22718133032322,
  "trade_seconds_in_bucket_count_unique_300": 225.89215104281902,
  "trade_size_sum_300": 92.28124713897705,
  "trade_order_count_mean_300": 148.79951290786266,
  "trade_log_return_realized_volatility_150": 264.43141777813435,
  "trade_seconds_in_bucket_count_unique_150": 119.58198142051697,
  "trade_size_sum_150": 152.23218201100826,
  "trade_order_count_mean_150": 191.897180467844,
  "log_return1_realized_volatility_mean_stock": 496.01964719593525,
  "log_return1_realized_volatility_std_stock": 28.142345875501633,
  "log_return1_realized_volatility_max_stock": 18.98654791712761,
  "log_return1_realized_volatility_min_stock": 77.80005723237991,
  "log_return2_realized_volatility_mean_stock": 101.20107513666153,
  "log_return2_realized_volatility_std_stock": 36.95616340637207,
  "log_return2_realized_volatility_max_stock": 26.073493003845215,
  "log_return2_realized_volatility_min_stock": 74.97286818921566,
  "log_return1_realized_volatility_450_mean_stock": 509.22532799839973,
  "log_return1_realized_volatility_450_std_stock": 38.16508308053017,
  "log_return1_realized_volatility_450_max_stock": 20.289415806531906,
  "log_return1_realized_volatility_450_min_stock": 19.853988006711006,
  "log_return2_realized_volatility_450_mean_stock": 111.30446743965149,
  "log_return2_realized_volatility_450_std_stock": 54.746359914541245,
  "log_return2_realized_volatility_450_max_stock": 17.91783905029297,
  "log_return2_realized_volatility_450_min_stock": 11.393289029598236,
  "log_return1_realized_volatility_300_mean_stock": 359.47583371400833,
  "log_return1_realized_volatility_300_std_stock": 17.70145221054554,
  "log_return1_realized_volatility_300_max_stock": 16.836347997188568,
  "log_return1_realized_volatility_300_min_stock": 38.71900561451912,
  "log_return2_realized_volatility_300_mean_stock": 157.2654439508915,