{
  "stock_id": 9333.645069405437,
  "wap1_sum": 139.43236322700977,
  "wap1_mean": 78.53831611573696,
  "wap1_std": 113.56654173135757,
  "wap2_sum": 96.77136608958244,
  "wap2_mean": 76.65572109818459,
  "wap2_std": 104.33677169680595,
  "log_return1_sum": 103.19970440864563,
  "log_return1_realized_volatility": 90288.52800758183,
  "log_return1_mean": 95.32244800031185,
  "log_return1_std": 2460.5168248564005,
  "log_return2_sum": 93.39484079182148,
  "log_return2_realized_volatility": 23238.35562364757,
  "log_return2_mean": 101.84506583213806,
  "log_return2_std": 156.3255906254053,
  "wap_balance_sum": 436.9719401448965,
  "wap_balance_mean": 191.1546328663826,
  "wap_balance_std": 177.7826317101717,
  "price_spread_sum": 1414.1831198632717,
  "price_spread_mean": 1477.8085067272186,
  "price_spread_std": 197.28401872515678,
  "bid_spread_sum": 77.11155188083649,
  "bid_spread_mean": 1323.8994943201542,
  "bid_spread_std": 121.53351625800133,
  "ask_spread_sum": 60.47476716339588,
  "ask_spread_mean": 950.2637785226107,
  "ask_spread_std": 104.626590102911,
  "total_volume_sum": 258.07767060399055,
  "total_volume_mean": 287.89121674001217,
  "total_volume_std": 147.74694602191448,
  "volume_imbalance_sum": 59.300631895661354,
  "volume_imbalance_mean": 1296.5169480890036,
  "volume_imbalance_std": 149.6953076273203,
  "wap1_sum_450": 125.87163013219833,
  "wap1_mean_450": 87.53757971525192,
  "wap1_std_450": 232.51582305133343,
  "wap2_sum_450": 108.67731693387032,
  "wap2_mean_450": 89.21198756992817,
  "wap2_std_450": 243.46607741713524,
  "log_return1_sum_450": 108.73930902779102,
  "log_return1_realized_volatility_450": 964.9404565989971,
  "log_return1_mean_450": 94.24814119935036,
  "log_return1_std_450": 539.7485368102789,
  "log_return2_sum_450": 110.82477481663227,
  "log_return2_realized_volatility_450": 9262.048631608486,
  "log_return2_mean_450": 80.77119600772858,
  "log_return2_std_450": 109.05399475246668,
  "wap_balance_sum_450": 156.52769139409065,
  "wap_balance_mean_450": 148.89378154277802,
  "wap_balance_std_450": 138.23460160195827,
  "price_spread_sum_450": 342.40792171657085,
  "price_spread_mean_450": 634.5702739655972,
  "price_spread_std_450": 177.3038815408945,
  "bid_spread_sum_450": 68.83872310817242,
  "bid_spread_mean_450": 128.46911895275116,
  "bid_spread_std_450": 92.45573601126671,
  "ask_spread_sum_450": 70.59600993990898,
  "ask_spread_mean_450": 898.8337056338787,
  "ask_spread_std_450": 84.04291799664497,
  "total_volume_sum_450": 81.20828364789486,
  "total_volume_mean_450": 109.24675337970257,
  "total_volume_std_450": 95.81382738053799,
  "volume_imbalance_sum_450": 69.11958301067352,
  "volume_imbalance_mean_450": 85.4729480445385,
  "volume_imbalance_std_450": 71.10828426480293,
  "wap1_sum_300": 83.62622463703156,
  "wap1_mean_300": 88.74561494588852,
  "wap1_std_300": 128.23824833333492,
  "wap2_sum_300": 79.41687497496605,
  "wap2_mean_300": 66.9076788276434,
  "wap2_std_300": 122.71782726049423,
  "log_return1_sum_300": 81.465904712677,
  "log_return1_realized_volatility_300": 21653.175212204456,
  "log_return1_mean_300": 117.2549548894167,
  "log_return1_std_300": 579.4438894689083,
  "log_return2_sum_300": 77.68945510685444,
  "log_return2_realized_volatility_300": 2298.413448035717,
  "log_return2_mean_300": 85.12633503973484,
  "log_return2_std_300": 101.08289623260498,
  "wap_balance_sum_300": 188.33186618983746,
  "wap_balance_mean_300": 376.50212220847607,
  "wap_balance_std_300": 108.52440625429153,
  "price_spread_sum_300": 1111.626922428608,
  "price_spread_mean_300": 561.1759257763624,
  "price_spread_std_300": 90.75244516134262,
  "bid_spread_sum_300": 70.94654935598373,
  "bid_spread_mean_300": 107.48058295249939,
  "bid_spread_std_300": 83.26616406440735,
  "ask_spread_sum_300": 88.73697981238365,
  "ask_spread_mean_300": 101.23960684239864,
  "ask_spread_std_300": 114.4276909828186,
  "total_volume_sum_300": 84.40114383399487,
  "total_volume_mean_300": 157.50890225172043,
  "total_volume_std_300": 121.14224667847157,
  "volume_imbalance_sum_300": 60.09930680692196,
  "volume_imbalance_mean_300": 294.54341703653336,
  "volume_imbalance_std_300": 59.65281490981579,
  "wap1_sum_150": 84.0267892330885,
  "wap1_mean_150": 62.1400610357523,
  "wap1_std_150": 86.55670407414436,
  "wap2_sum_150": 73.31199008226395,
  "wap2_mean_150": 66.07796061038971,
  "wap2_std_150": 104.4042340517044,
  "log_return1_sum_150": 86.67221881449223,
  "log_return1_realized_volatility_150": 233167.04378063977,
  "log_return1_mean_150": 92.30719512701035,
  "log_return1_std_150": 217.3737320303917,
  "log_return2_sum_150": 67.94314827024937,
  "log_return2_realized_volatility_150": 10489.2049459517,
  "log_return2_mean_150": 67.31959602236748,
  "log_return2_std_150": 119.19376389682293,
  "wap_balance_sum_150": 286.0433332324028,
  "wap_balance_mean_150": 152.1147007793188,
  "wap_balance_std_150": 115.29463696479797,
  "price_spread_sum_150": 161.01554065942764,
  "price_spread_mean_150": 861.9490384608507,
  "price_spread_std_150": 85.49980428814888,
  "bid_spread_sum_150": 81.55066983401775,
  "bid_spread_mean_150": 62.15399783849716,
  "bid_spread_std_150": 87.46084168553352,
  "ask_spread_sum_150": 78.94200763106346,
  "ask_spread_mean_150": 123.03227399289608,
  "ask_spread_std_150": 69.87098582088947,
  "total_volume_sum_150": 121.62799859046936,
  "total_volume_mean_150": 129.14688231050968,
  "total_volume_std_150": 133.942204490304,
  "volume_imbalance_sum_150": 53.60004414618015,
  "volume_imbalance_mean_150": 192.56512726843357,
  "volume_imbalance_std_150": 85.73330774903297,
  "trade_log_return_realized_volatility": 2932.2319639474154,
  "trade_seconds_in_bucket_count_unique": 340.40443155169487,
  "trade_size_sum": 145.95463904738426,
  "trade_order_count_mean": 235.72121359407902,
  "trade_log_return_realized_volatility_450": 816.8944832384586,
  "trade_seconds_in_bucket_count_unique_450": 262.90675392746925,
  "trade_size_sum_450": 146.35988907516003,
  "trade_order_count_mean_450": 217.83393821120262,
  "trade_log_return_realized_volatility_300": 196.8263744264841,
  "trade_seconds_in_bucket_count_unique_300": 293.58697117865086,
  "trade_size_sum_300": 160.73277209699154,
  "trade_order_count_mean_300": 182.88014060258865,
  "trade_log_return_realized_volatility_150": 775.5212063193321,
  "trade_seconds_in_bucket_count_unique_150": 227.28763289749622,
  "trade_size_sum_150": 145.8504610657692,
  "trade_order_count_mean_150": 200.25755105912685,
  "log_return1_realized_volatility_mean_stock": 405.8566297143698,
  "log_return1_realized_volatility_std_stock": 50.4329414665699,
  "log_return1_realized_volatility_max_stock": 14.649128004908562,
  "log_return1_realized_volatility_min_stock": 84.83466450870037,
  "log_return2_realized_volatility_mean_stock": 99.79602897167206,
  "log_return2_realized_volatility_std_stock": 94.33946986496449,
  "log_return2_realized_volatility_max_stock": 23.53064188361168,
  "log_return2_realized_volatility_min_stock": 65.46708080172539,
  "log_return1_realized_volatility_450_mean_stock": 593.542837485671,
  "log_return1_realized_volatility_450_std_stock": 46.86522826552391,
  "log_return1_realized_volatility_450_max_stock": 23.443762212991714,
  "log_return1_realized_volatility_450_min_stock": 27.31329609453678,
  "log_return2_realized_volatility_450_mean_stock": 126.81707394123077,
  "log_return2_realized_volatility_450_std_stock": 61.54937210679054,
  "log_return2_realized_volatility_450_max_stock": 23.266417786478996,
  "log_return2_realized_volatility_450_min_stock": 19.859157979488373,
  "log_return1_realized_volatility_300_mean_stock": 303.82577711343765,
  "log_return1_realized_volatility_300_std_stock": 18.433602079749107,
  "log_return1_realized_volatility_300_max_stock": 33.383762925863266,
  "log_return1_realized_volatility_300_min_stock": 44.01965747773647,
  "log_return2_realized_volatility_300_mean_stock": 187.71050423383713,