{
  "stock_id": 9704.62668390572,
  "wap1_sum": 152.37307350337505,
  "wap1_mean": 83.2656367123127,
  "wap1_std": 88.18261116743088,
  "wap2_sum": 90.38950796425343,
  "wap2_mean": 83.55968786776066,
  "wap2_std": 105.20916523039341,
  "log_return1_sum": 111.91246692836285,
  "log_return1_realized_volatility": 96570.84142554551,
  "log_return1_mean": 74.80965791642666,
  "log_return1_std": 2441.4440744817257,
  "log_return2_sum": 90.32764512300491,
  "log_return2_realized_volatility": 18875.3726310879,
  "log_return2_mean": 93.25600326061249,
  "log_return2_std": 110.77180813252926,
  "wap_balance_sum": 499.6993357092142,
  "wap_balance_mean": 195.953303784132,
  "wap_balance_std": 132.45685118436813,
  "price_spread_sum": 1244.2870465666056,
  "price_spread_mean": 1293.1344427913427,
  "price_spread_std": 208.5320981144905,
  "bid_spread_sum": 89.55084231495857,
  "bid_spread_mean": 1409.31035515666,
  "bid_spread_std": 123.25720554590225,
  "ask_spread_sum": 53.581449061632156,
  "ask_spread_mean": 961.8954935669899,
  "ask_spread_std": 97.44521369040012,
  "total_volume_sum": 289.40896286070347,
  "total_volume_mean": 273.2914108932018,
  "total_volume_std": 273.8258859962225,
  "volume_imbalance_sum": 45.64626285433769,
  "volume_imbalance_mean": 1179.472724661231,
  "volume_imbalance_std": 99.59561716020107,
  "wap1_sum_450": 92.0211941152811,
  "wap1_mean_450": 79.72327084839344,
  "wap1_std_450": 265.05143715441227,
  "wap2_sum_450": 57.44880623370409,
  "wap2_mean_450": 101.48880404233932,
  "wap2_std_450": 287.2110624611378,
  "log_return1_sum_450": 83.87693259865046,
  "log_return1_realized_volatility_450": 1420.552216410637,
  "log_return1_mean_450": 98.1486092954874,
  "log_return1_std_450": 689.0562858581543,
  "log_return2_sum_450": 111.62080127000809,
  "log_return2_realized_volatility_450": 9393.671977490187,
  "log_return2_mean_450": 92.57847812771797,
  "log_return2_std_450": 144.46212039887905,
  "wap_balance_sum_450": 155.46367698907852,
  "wap_balance_mean_450": 155.31157110631466,
  "wap_balance_std_450": 128.07152451574802,
  "price_spread_sum_450": 403.4517923742533,
  "price_spread_mean_450": 599.6038541346788,
  "price_spread_std_450": 153.09541438519955,
  "bid_spread_sum_450": 75.09547331929207,
  "bid_spread_mean_450": 90.68523095548153,
  "bid_spread_std_450": 90.52976681292057,
  "ask_spread_sum_450": 58.53350701928139,
  "ask_spread_mean_450": 993.6946505755186,
  "ask_spread_std_450": 87.2991051375866,
  "total_volume_sum_450": 87.53058205544949,
  "total_volume_mean_450": 147.60460893809795,
  "total_volume_std_450": 87.99324987828732,
  "volume_imbalance_sum_450": 84.59491729736328,
  "volume_imbalance_mean_450": 116.19581559300423,
  "volume_imbalance_std_450": 64.50616303086281,
  "wap1_sum_300": 96.90871638059616,
  "wap1_mean_300": 75.33625107258558,
  "wap1_std_300": 122.0797858685255,
  "wap2_sum_300": 74.6918148547411,
  "wap2_mean_300": 55.40671317279339,
  "wap2_std_300": 82.2525657042861,
  "log_return1_sum_300": 102.56201116740704,
  "log_return1_realized_volatility_300": 22058.05872684717,
  "log_return1_mean_300": 115.6872918009758,
  "log_return1_std_300": 636.4394956678152,
  "log_return2_sum_300": 74.95223191380501,
  "log_return2_realized_volatility_300": 2680.346423536539,
  "log_return2_mean_300": 98.89937187731266,
  "log_return2_std_300": 132.58081686496735,
  "wap_balance_sum_300": 180.2154560238123,
  "wap_balance_mean_300": 392.97095760703087,
  "wap_balance_std_300": 107.67804716527462,
  "price_spread_sum_300": 1011.0463528484106,
  "price_spread_mean_300": 693.8732266277075,
  "price_spread_std_300": 90.6801788508892,
  "bid_spread_sum_300": 67.9686763137579,
  "bid_spread_mean_300": 85.5034350156784,
  "bid_spread_std_300": 80.50701895356178,
  "ask_spread_sum_300": 75.25956170260906,
  "ask_spread_mean_300": 90.55304203927517,
  "ask_spread_std_300": 96.20815716683865,
  "total_volume_sum_300": 95.60490389168262,
  "total_volume_mean_300": 171.3686036914587,
  "total_volume_std_300": 92.48462350666523,
  "volume_imbalance_sum_300": 60.3108996450901,
  "volume_imbalance_mean_300": 109.58983916044235,
  "volume_imbalance_std_300": 60.65582276880741,
  "wap1_sum_150": 87.76547384262085,
  "wap1_mean_150": 73.66537310183048,
  "wap1_std_150": 70.42189122736454,
  "wap2_sum_150": 91.3539928495884,
  "wap2_mean_150": 41.4744178801775,
  "wap2_std_150": 165.60825663805008,
  "log_return1_sum_150": 80.05347275733948,
  "log_return1_realized_volatility_150": 252899.33415685594,
  "log_return1_mean_150": 86.14856474101543,
  "log_return1_std_150": 392.09400978684425,
  "log_return2_sum_150": 67.28202207386494,
  "log_return2_realized_volatility_150": 9052.996733352542,
  "log_return2_mean_150": 69.6846791356802,
  "log_return2_std_150": 76.7474507689476,
  "wap_balance_sum_150": 266.9847344905138,
  "wap_balance_mean_150": 116.87216499447823,
  "wap_balance_std_150": 91.23616482317448,
  "price_spread_sum_150": 334.23990957438946,
  "price_spread_mean_150": 980.783185750246,
  "price_spread_std_150": 112.4938733279705,
  "bid_spread_sum_150": 62.92022788524628,
  "bid_spread_mean_150": 75.27844016253948,
  "bid_spread_std_150": 72.00070895254612,
  "ask_spread_sum_150": 66.65700855851173,
  "ask_spread_mean_150": 125.95673398673534,
  "ask_spread_std_150": 66.20047909021378,
  "total_volume_sum_150": 94.00093612074852,
  "total_volume_mean_150": 91.72964553534985,
  "total_volume_std_150": 157.24489605426788,
  "volume_imbalance_sum_150": 50.835805013775826,
  "volume_imbalance_mean_150": 353.38546735048294,
  "volume_imbalance_std_150": 63.695780128240585,
  "trade_log_return_realized_volatility": 3617.347783446312,
  "trade_seconds_in_bucket_count_unique": 465.7329400628805,
  "trade_size_sum": 153.7102054953575,
  "trade_order_count_mean": 298.2916957885027,
  "trade_log_return_realized_volatility_450": 911.5664063692093,
  "trade_seconds_in_bucket_count_unique_450": 288.5175706446171,
  "trade_size_sum_450": 97.44707085192204,
  "trade_order_count_mean_450": 191.49147401750088,
  "trade_log_return_realized_volatility_300": 259.78442929685116,
  "trade_seconds_in_bucket_count_unique_300": 296.2259261608124,
  "trade_size_sum_300": 148.4423545897007,
  "trade_order_count_mean_300": 175.4575662612915,
  "trade_log_return_realized_volatility_150": 263.7525002360344,
  "trade_seconds_in_bucket_count_unique_150": 209.61778393387794,
  "trade_size_sum_150": 91.11667597293854,
  "trade_order_count_mean_150": 197.3144337683916,
  "log_return1_realized_volatility_mean_stock": 509.6005656719208,
  "log_return1_realized_volatility_std_stock": 52.866088569164276,
  "log_return1_realized_volatility_max_stock": 18.021441996097565,
  "log_return1_realized_volatility_min_stock": 67.61541375517845,
  "log_return2_realized_volatility_mean_stock": 123.35650366544724,
  "log_return2_realized_volatility_std_stock": 68.62413811683655,
  "log_return2_realized_volatility_max_stock": 25.499851927161217,
  "log_return2_realized_volatility_min_stock": 56.58674667775631,
  "log_return1_realized_volatility_450_mean_stock": 731.0520802885294,
  "log_return1_realized_volatility_450_std_stock": 39.59262125194073,
  "log_return1_realized_volatility_450_max_stock": 18.369751900434494,
  "log_return1_realized_volatility_450_min_stock": 27.254551872611046,
  "log_return2_realized_volatility_450_mean_stock": 139.84290452301502,
  "log_return2_realized_volatility_450_std_stock": 41.82104140520096,
  "log_return2_realized_volatility_450_max_stock": 19.535184010863304,
  "log_return2_realized_volatility_450_min_stock": 18.687208026647568,
  "log_return1_realized_volatility_300_mean_stock": 302.0757368206978,
  "log_return1_realized_volatility_300_std_stock": 42.83928732573986,
  "log_return1_realized_volatility_300_max_stock": 22.981831088662148,
  "log_return1_realized_volatility_300_min_stock": 70.12996789813042,
  "log_return2_realized_volatility_300_mean_stock": 214.19019056856632,