{
  "stock_id": 7962.086551308632,
  "wap1_sum": 125.66894753277302,
  "wap1_mean": 79.24704258143902,
  "wap1_std": 86.63613612949848,
  "wap2_sum": 67.88017718493938,
  "wap2_mean": 83.09464560449123,
  "wap2_std": 118.07873736321926,
  "log_return1_sum": 100.31683422625065,
  "log_return1_realized_volatility": 83950.00344596803,
  "log_return1_mean": 76.71353979408741,
  "log_return1_std": 1085.9909236729145,
  "log_return2_sum": 111.24158464372158,
  "log_return2_realized_volatility": 19318.49865308404,
  "log_return2_mean": 81.76974207162857,
  "log_return2_std": 98.24758346378803,
  "wap_balance_sum": 373.27666464447975,
  "wap_balance_mean": 137.82244682312012,
  "wap_balance_std": 114.99301981925964,
  "price_spread_sum": 1020.98711194098,
  "price_spread_mean": 713.4012243300676,
  "price_spread_std": 159.99632893502712,
  "bid_spread_sum": 106.30065366625786,
  "bid_spread_mean": 75.7399292588234,
  "bid_spread_std": 111.36566281318665,
  "ask_spread_sum": 66.38448388874531,
  "ask_spread_mean": 1387.3028395920992,
  "ask_spread_std": 104.61548125743866,
  "total_volume_sum": 239.77801957726479,
  "total_volume_mean": 266.3157640695572,
  "total_volume_std": 63.2263413220644,
  "volume_imbalance_sum": 52.910728082060814,
  "volume_imbalance_mean": 1204.2351256161928,
  "volume_imbalance_std": 59.14149306714535,
  "wap1_sum_450": 86.88045032322407,
  "wap1_mean_450": 88.64023672044277,
  "wap1_std_450": 160.05604830384254,
  "wap2_sum_450": 98.05195102095604,
  "wap2_mean_450": 100.57320839166641,
  "wap2_std_450": 235.61527986824512,
  "log_return1_sum_450": 65.6448530703783,
  "log_return1_realized_volatility_450": 1381.5620428174734,
  "log_return1_mean_450": 112.77158831059933,
  "log_return1_std_450": 209.67297014594078,
  "log_return2_sum_450": 103.09694589674473,
  "log_return2_realized_volatility_450": 8307.23334634304,
  "log_return2_mean_450": 80.54523281753063,
  "log_return2_std_450": 108.25716549158096,
  "wap_balance_sum_450": 404.9110005348921,
  "wap_balance_mean_450": 128.7106313407421,
  "wap_balance_std_450": 147.39592917263508,
  "price_spread_sum_450": 368.8023372888565,
  "price_spread_mean_450": 1051.4624350070953,
  "price_spread_std_450": 107.59173958003521,
  "bid_spread_sum_450": 63.116940036416054,
  "bid_spread_mean_450": 84.98973742127419,
  "bid_spread_std_450": 92.2751436829567,
  "ask_spread_sum_450": 64.8109432309866,
  "ask_spread_mean_450": 530.2209893167019,
  "ask_spread_std_450": 87.63854937255383,
  "total_volume_sum_450": 187.3911850452423,
  "total_volume_mean_450": 85.66630290448666,
  "total_volume_std_450": 143.33879013359547,
  "volume_imbalance_sum_450": 69.61298391222954,
  "volume_imbalance_mean_450": 72.23346702754498,
  "volume_imbalance_std_450": 69.48317284882069,
  "wap1_sum_300": 115.85716460645199,
  "wap1_mean_300": 40.37199366092682,
  "wap1_std_300": 151.35737338662148,
  "wap2_sum_300": 45.98213389515877,
  "wap2_mean_300": 51.03757281601429,
  "wap2_std_300": 116.57453399896622,
  "log_return1_sum_300": 64.59318314492702,
  "log_return1_realized_volatility_300": 6690.308300092816,
  "log_return1_mean_300": 86.28647711873055,
  "log_return1_std_300": 836.3158379644156,
  "log_return2_sum_300": 86.2837545722723,
  "log_return2_realized_volatility_300": 1459.6271936148405,
  "log_return2_mean_300": 81.48720394074917,
  "log_return2_std_300": 95.553915604949,
  "wap_balance_sum_300": 149.7383123189211,
  "wap_balance_mean_300": 554.2929912805557,
  "wap_balance_std_300": 117.60950185358524,
  "price_spread_sum_300": 882.8665927648544,
  "price_spread_mean_300": 627.0102361440659,
  "price_spread_std_300": 72.6630467325449,
  "bid_spread_sum_300": 66.27263289690018,
  "bid_spread_mean_300": 76.61647880077362,
  "bid_spread_std_300": 77.06768688559532,
  "ask_spread_sum_300": 70.84370324015617,
  "ask_spread_mean_300": 94.14086250960827,
  "ask_spread_std_300": 101.5354463905096,
  "total_volume_sum_300": 86.1980757266283,
  "total_volume_mean_300": 65.76265314221382,
  "total_volume_std_300": 127.76741190254688,
  "volume_imbalance_sum_300": 66.50101564824581,
  "volume_imbalance_mean_300": 80.50462429225445,
  "volume_imbalance_std_300": 61.450229808688164,
  "wap1_sum_150": 73.71867184340954,
  "wap1_mean_150": 53.397655948996544,
  "wap1_std_150": 71.01264508068562,
  "wap2_sum_150": 89.1741336286068,
  "wap2_mean_150": 47.41159079968929,
  "wap2_std_150": 82.93145015835762,
  "log_return1_sum_150": 84.43693454563618,
  "log_return1_realized_volatility_150": 210198.10533733666,
  "log_return1_mean_150": 80.17242485284805,
  "log_return1_std_150": 332.7380603402853,
  "log_return2_sum_150": 69.35953091084957,
  "log_return2_realized_volatility_150": 7023.256746515632,
  "log_return2_mean_150": 70.03929364681244,
  "log_return2_std_150": 136.527306959033,
  "wap_balance_sum_150": 334.08782264590263,
  "wap_balance_mean_150": 116.97175513207912,
  "wap_balance_std_150": 92.5130908191204,
  "price_spread_sum_150": 142.44919849932194,
  "price_spread_mean_150": 443.0314177274704,
  "price_spread_std_150": 121.68487171828747,
  "bid_spread_sum_150": 65.79270792007446,
  "bid_spread_mean_150": 84.82373383641243,
  "bid_spread_std_150": 82.2560024112463,
  "ask_spread_sum_150": 76.56696698069572,
  "ask_spread_mean_150": 71.23778906464577,
  "ask_spread_std_150": 66.68740466237068,
  "total_volume_sum_150": 130.2896755039692,
  "total_volume_mean_150": 88.34484404325485,
  "total_volume_std_150": 63.999724954366684,
  "volume_imbalance_sum_150": 50.32019101083279,
  "volume_imbalance_mean_150": 988.766899600625,
  "volume_imbalance_std_150": 107.85617665946484,
  "trade_log_return_realized_volatility": 2103.612239331007,
  "trade_seconds_in_bucket_count_unique": 241.88047245144844,
  "trade_size_sum": 114.41499255597591,
  "trade_order_count_mean": 209.98468627035618,
  "trade_log_return_realized_volatility_450": 889.7183666080236,
  "trade_seconds_in_bucket_count_unique_450": 289.82461808621883,
  "trade_size_sum_450": 104.72772662341595,
  "trade_order_count_mean_450": 208.90610694885254,
  "trade_log_return_realized_volatility_300": 266.7431211620569,
  "trade_seconds_in_bucket_count_unique_300": 213.93888092041016,
  "trade_size_sum_300": 113.88304477930069,
  "trade_order_count_mean_300": 133.70877873897552,
  "trade_log_return_realized_volatility_150": 219.5636388361454,
  "trade_seconds_in_bucket_count_unique_150": 166.24445694684982,
  "trade_size_sum_150": 161.62005126476288,
  "trade_order_count_mean_150": 166.4873193204403,
  "log_return1_realized_volatility_mean_stock": 411.19512951374054,
  "log_return1_realized_volatility_std_stock": 47.38972294330597,
  "log_return1_realized_volatility_max_stock": 18.985619083046913,
  "log_return1_realized_volatility_min_stock": 38.08593192696571,
  "log_return2_realized_volatility_mean_stock": 54.116145581007004,
  "log_return2_realized_volatility_std_stock": 72.97512027621269,
  "log_return2_realized_volatility_max_stock": 26.74541711807251,
  "log_return2_realized_volatility_min_stock": 79.22302430868149,
  "log_return1_realized_volatility_450_mean_stock": 638.7049931883812,
  "log_return1_realized_volatility_450_std_stock": 34.617639034986496,
  "log_return1_realized_volatility_450_max_stock": 16.686562955379486,
  "log_return1_realized_volatility_450_min_stock": 23.57827715575695,
  "log_return2_realized_volatility_450_mean_stock": 121.27114455401897,
  "log_return2_realized_volatility_450_std_stock": 37.60857777297497,
  "log_return2_realized_volatility_450_max_stock": 13.770688116550446,
  "log_return2_realized_volatility_450_min_stock": 18.644075006246567,
  "log_return1_realized_volatility_300_mean_stock": 270.6904268562794,
  "log_return1_realized_volatility_300_std_stock": 16.701449051499367,
  "log_return1_realized_volatility_300_max_stock": 17.491431921720505,
  "log_return1_realized_volatility_300_min_stock": 52.103126138448715,
  "log_return2_realized_volatility_300_mean_stock": 119.831846088171,