{
  "stock_id": 10004.611073367298,
  "wap1_sum": 150.36471635103226,
  "wap1_mean": 95.52686510980129,
  "wap1_std": 107.53377316892147,
  "wap2_sum": 125.22485376894474,
  "wap2_mean": 74.01440319418907,
  "wap2_std": 124.62363500893116,
  "log_return1_sum": 90.70495726168156,
  "log_return1_realized_volatility": 97186.57296991348,
  "log_return1_mean": 88.54101373255253,
  "log_return1_std": 2463.2730249539018,
  "log_return2_sum": 111.02614583075047,
  "log_return2_realized_volatility": 19076.494959264994,
  "log_return2_mean": 102.17598316073418,
  "log_return2_std": 71.28997856378555,
  "wap_balance_sum": 506.9749940186739,
  "wap_balance_mean": 177.34347899258137,
  "wap_balance_std": 159.4428752809763,
  "price_spread_sum": 1234.0180455744267,
  "price_spread_mean": 1053.78526994586,
  "price_spread_std": 169.91381629556417,
  "bid_spread_sum": 107.94727799296379,
  "bid_spread_mean": 1355.507754161954,
  "bid_spread_std": 106.38883410394192,
  "ask_spread_sum": 91.09401486814022,
  "ask_spread_mean": 1240.4907594323158,
  "ask_spread_std": 89.17827394604683,
  "total_volume_sum": 278.7937257513404,
  "total_volume_mean": 338.2276073843241,
  "total_volume_std": 266.21300815045834,
  "volume_imbalance_sum": 51.94437588751316,
  "volume_imbalance_mean": 1256.528870254755,
  "volume_imbalance_std": 93.68632763624191,
  "wap1_sum_450": 98.1980529949069,
  "wap1_mean_450": 101.13601909577847,
  "wap1_std_450": 225.23083817958832,
  "wap2_sum_450": 68.45677582919598,
  "wap2_mean_450": 92.91180101037025,
  "wap2_std_450": 313.65790501236916,
  "log_return1_sum_450": 91.09379802644253,
  "log_return1_realized_volatility_450": 1394.4669638574123,
  "log_return1_mean_450": 106.09619475901127,
  "log_return1_std_450": 645.4948773831129,
  "log_return2_sum_450": 96.71683648228645,
  "log_return2_realized_volatility_450": 9456.119923621416,
  "log_return2_mean_450": 94.51656612753868,
  "log_return2_std_450": 102.57913205772638,
  "wap_balance_sum_450": 180.96160979568958,
  "wap_balance_mean_450": 174.95018400251865,
  "wap_balance_std_450": 132.44302999973297,
  "price_spread_sum_450": 455.2059606462717,
  "price_spread_mean_450": 596.9610979706049,
  "price_spread_std_450": 125.81839357316494,
  "bid_spread_sum_450": 82.84014376997948,
  "bid_spread_mean_450": 91.10704112052917,
  "bid_spread_std_450": 120.1256850361824,
  "ask_spread_sum_450": 80.42799270153046,
  "ask_spread_mean_450": 997.1751586869359,
  "ask_spread_std_450": 91.59568871557713,
  "total_volume_sum_450": 79.2911641895771,
  "total_volume_mean_450": 141.09340430796146,
  "total_volume_std_450": 90.16824086010456,
  "volume_imbalance_sum_450": 74.37417002022266,
  "volume_imbalance_mean_450": 75.31058184802532,
  "volume_imbalance_std_450": 81.2679518610239,
  "wap1_sum_300": 82.02488319575787,
  "wap1_mean_300": 89.87291367352009,
  "wap1_std_300": 144.91239592432976,
  "wap2_sum_300": 74.02466796338558,
  "wap2_mean_300": 52.53695599734783,
  "wap2_std_300": 114.16246144473553,
  "log_return1_sum_300": 77.40329380333424,
  "log_return1_realized_volatility_300": 22252.970128431916,
  "log_return1_mean_300": 122.37200203537941,
  "log_return1_std_300": 646.8559590727091,
  "log_return2_sum_300": 82.87687742710114,
  "log_return2_realized_volatility_300": 1927.578085526824,
  "log_return2_mean_300": 109.35486055910587,
  "log_return2_std_300": 150.7433835864067,
  "wap_balance_sum_300": 203.09125488996506,
  "wap_balance_mean_300": 399.9744489789009,
  "wap_balance_std_300": 107.95224830508232,
  "price_spread_sum_300": 1074.8778249621391,
  "price_spread_mean_300": 771.2244096845388,
  "price_spread_std_300": 94.31796583533287,
  "bid_spread_sum_300": 82.8932911157608,
  "bid_spread_mean_300": 98.98173198103905,
  "bid_spread_std_300": 91.95479910075665,
  "ask_spread_sum_300": 78.1326520293951,
  "ask_spread_mean_300": 87.60219871997833,
  "ask_spread_std_300": 91.68339008837938,
  "total_volume_sum_300": 92.95725379884243,
  "total_volume_mean_300": 149.12655110657215,
  "total_volume_std_300": 131.511059820652,
  "volume_imbalance_sum_300": 110.68062308430672,
  "volume_imbalance_mean_300": 312.1033654361963,
  "volume_imbalance_std_300": 66.8738260269165,
  "wap1_sum_150": 85.48406276106834,
  "wap1_mean_150": 76.34682098031044,
  "wap1_std_150": 73.37335588037968,
  "wap2_sum_150": 65.40706460922956,
  "wap2_mean_150": 40.95685678720474,
  "wap2_std_150": 147.34227766096592,
  "log_return1_sum_150": 89.56252409517765,
  "log_return1_realized_volatility_150": 254214.24859511852,
  "log_return1_mean_150": 96.6579400151968,
  "log_return1_std_150": 410.07327669113874,
  "log_return2_sum_150": 80.14002457261086,
  "log_return2_realized_volatility_150": 9595.63509836793,
  "log_return2_mean_150": 70.21640177071095,
  "log_return2_std_150": 89.95224024355412,
  "wap_balance_sum_150": 390.00540041923523,
  "wap_balance_mean_150": 170.81822568178177,
  "wap_balance_std_150": 121.38818499445915,
  "price_spread_sum_150": 329.8221735060215,
  "price_spread_mean_150": 968.9220408052206,
  "price_spread_std_150": 101.35557527840137,
  "bid_spread_sum_150": 80.51751863956451,
  "bid_spread_mean_150": 75.54106886684895,
  "bid_spread_std_150": 72.22122278809547,
  "ask_spread_sum_150": 95.56525100767612,
  "ask_spread_mean_150": 118.93817369639874,
  "ask_spread_std_150": 74.17550700902939,
  "total_volume_sum_150": 96.21828879415989,
  "total_volume_mean_150": 93.41073879599571,
  "total_volume_std_150": 124.89312300086021,
  "volume_imbalance_sum_150": 62.40988604724407,
  "volume_imbalance_mean_150": 143.88709439337254,
  "volume_imbalance_std_150": 86.3118793964386,
  "trade_log_return_realized_volatility": 3084.893486097455,
  "trade_seconds_in_bucket_count_unique": 466.17557122558355,
  "trade_size_sum": 126.67297440767288,
  "trade_order_count_mean": 317.03774178028107,
  "trade_log_return_realized_volatility_450": 867.2070446908474,
  "trade_seconds_in_bucket_count_unique_450": 293.06809048354626,
  "trade_size_sum_450": 149.58847957849503,
  "trade_order_count_mean_450": 208.61923924088478,
  "trade_log_return_realized_volatility_300": 261.5170080512762,
  "trade_seconds_in_bucket_count_unique_300": 312.2266499251127,
  "trade_size_sum_300": 178.94687040150166,
  "trade_order_count_mean_300": 186.51982056349516,
  "trade_log_return_realized_volatility_150": 850.1530862599611,
  "trade_seconds_in_bucket_count_unique_150": 178.30141793191433,
  "trade_size_sum_150": 112.22941754758358,
  "trade_order_count_mean_150": 212.48911817371845,
  "log_return1_realized_volatility_mean_stock": 420.13923420012,
  "log_return1_realized_volatility_std_stock": 49.67194963991642,
  "log_return1_realized_volatility_max_stock": 16.61481484770775,
  "log_return1_realized_volatility_min_stock": 87.97676441073418,
  "log_return2_realized_volatility_mean_stock": 121.41399818658829,
  "log_return2_realized_volatility_std_stock": 94.5773194283247,
  "log_return2_realized_volatility_max_stock": 32.56383599340916,
  "log_return2_realized_volatility_min_stock": 106.03829278051853,
  "log_return1_realized_volatility_450_mean_stock": 735.5082729756832,
  "log_return1_realized_volatility_450_std_stock": 50.07023195922375,
  "log_return1_realized_volatility_450_max_stock": 31.846870839595795,
  "log_return1_realized_volatility_450_min_stock": 24.735944271087646,
  "log_return2_realized_volatility_450_mean_stock": 161.8767624795437,
  "log_return2_realized_volatility_450_std_stock": 70.39100143313408,
  "log_return2_realized_volatility_450_max_stock": 20.874800994992256,
  "log_return2_realized_volatility_450_min_stock": 28.56352411210537,
  "log_return1_realized_volatility_300_mean_stock": 252.51883614063263,
  "log_return1_realized_volatility_300_std_stock": 40.09389393031597,
  "log_return1_realized_volatility_300_max_stock": 28.884289905428886,
  "log_return1_realized_volatility_300_min_stock": 69.07592801749706,
  "log_return2_realized_volatility_300_mean_stock": 242.54079443216324,