{
  "stock_id": 9958.23987929523,
  "wap1_sum": 155.5984977632761,
  "wap1_mean": 75.18373760581017,
  "wap1_std": 94.11525477468967,
  "wap2_sum": 107.8667371571064,
  "wap2_mean": 78.41198298335075,
  "wap2_std": 107.53409498929977,
  "log_return1_sum": 97.622563585639,
  "log_return1_realized_volatility": 99549.49961344898,
  "log_return1_mean": 102.70148254930973,
  "log_return1_std": 2456.1472013890743,
  "log_return2_sum": 111.56234650313854,
  "log_return2_realized_volatility": 19214.969358444214,
  "log_return2_mean": 92.26685898005962,
  "log_return2_std": 78.29666735231876,
  "wap_balance_sum": 470.2427981942892,
  "wap_balance_mean": 198.7915631532669,
  "wap_balance_std": 128.91277347505093,
  "price_spread_sum": 1418.376781642437,
  "price_spread_mean": 980.6601814031601,
  "price_spread_std": 174.52498584985733,
  "bid_spread_sum": 83.01157905161381,
  "bid_spread_mean": 491.0821983963251,
  "bid_spread_std": 124.78223842382431,
  "ask_spread_sum": 63.321864783763885,
  "ask_spread_mean": 1290.720297947526,
  "ask_spread_std": 81.41113977134228,
  "total_volume_sum": 278.78433659672737,
  "total_volume_mean": 288.2034203261137,
  "total_volume_std": 247.30448533594608,
  "volume_imbalance_sum": 45.07074294984341,
  "volume_imbalance_mean": 1252.981590732932,
  "volume_imbalance_std": 104.53311201930046,
  "wap1_sum_450": 96.81022636592388,
  "wap1_mean_450": 74.33573350310326,
  "wap1_std_450": 302.0601090192795,
  "wap2_sum_450": 93.70649263262749,
  "wap2_mean_450": 110.21018481254578,
  "wap2_std_450": 237.62447851896286,
  "log_return1_sum_450": 83.20400932431221,
  "log_return1_realized_volatility_450": 1102.9660787135363,
  "log_return1_mean_450": 91.22525207698345,
  "log_return1_std_450": 431.7597586065531,
  "log_return2_sum_450": 91.4333163201809,
  "log_return2_realized_volatility_450": 9594.065010532737,
  "log_return2_mean_450": 84.08529923856258,
  "log_return2_std_450": 103.54631835222244,
  "wap_balance_sum_450": 147.35087756812572,
  "wap_balance_mean_450": 138.67574994266033,
  "wap_balance_std_450": 99.41492101550102,
  "price_spread_sum_450": 420.62914615124464,
  "price_spread_mean_450": 184.0465621203184,
  "price_spread_std_450": 121.5662052333355,
  "bid_spread_sum_450": 74.91799108684063,
  "bid_spread_mean_450": 103.56552782654762,
  "bid_spread_std_450": 112.71912606060505,
  "ask_spread_sum_450": 51.29199379682541,
  "ask_spread_mean_450": 1078.0757283866405,
  "ask_spread_std_450": 66.85224804282188,
  "total_volume_sum_450": 91.14443200826645,
  "total_volume_mean_450": 181.6868517100811,
  "total_volume_std_450": 86.53726084530354,
  "volume_imbalance_sum_450": 78.85126586258411,
  "volume_imbalance_mean_450": 61.471573919057846,
  "volume_imbalance_std_450": 71.52643398940563,
  "wap1_sum_300": 73.75770206749439,
  "wap1_mean_300": 85.26982015371323,
  "wap1_std_300": 122.16549389064312,
  "wap2_sum_300": 70.03749227523804,
  "wap2_mean_300": 41.89278694987297,
  "wap2_std_300": 114.46394690871239,
  "log_return1_sum_300": 86.90351781249046,
  "log_return1_realized_volatility_300": 22593.992477998137,
  "log_return1_mean_300": 97.18077796697617,
  "log_return1_std_300": 650.3047680109739,
  "log_return2_sum_300": 76.9713875502348,
  "log_return2_realized_volatility_300": 2055.756834253669,
  "log_return2_mean_300": 88.30061294138432,
  "log_return2_std_300": 152.04787224531174,
  "wap_balance_sum_300": 176.0566884279251,
  "wap_balance_mean_300": 380.18731889128685,
  "wap_balance_std_300": 101.06990100443363,
  "price_spread_sum_300": 1233.3360798358917,
  "price_spread_mean_300": 976.0933447629213,
  "price_spread_std_300": 85.01760220527649,
  "bid_spread_sum_300": 71.27456873655319,
  "bid_spread_mean_300": 83.20021922886372,
  "bid_spread_std_300": 92.37882088124752,
  "ask_spread_sum_300": 62.384962767362595,
  "ask_spread_mean_300": 85.07268492877483,
  "ask_spread_std_300": 81.11039584875107,
  "total_volume_sum_300": 100.57749198377132,
  "total_volume_mean_300": 119.87925128638744,
  "total_volume_std_300": 111.07527261972427,
  "volume_imbalance_sum_300": 57.185335129499435,
  "volume_imbalance_mean_300": 113.92993485927582,
  "volume_imbalance_std_300": 77.07342161238194,
  "wap1_sum_150": 90.86520856618881,
  "wap1_mean_150": 64.19452188909054,
  "wap1_std_150": 97.10867810249329,
  "wap2_sum_150": 77.82020799070597,
  "wap2_mean_150": 43.38242204487324,
  "wap2_std_150": 166.2803467810154,
  "log_return1_sum_150": 86.49303838610649,
  "log_return1_realized_volatility_150": 255875.04388148338,
  "log_return1_mean_150": 78.75067895650864,
  "log_return1_std_150": 619.1620650440454,
  "log_return2_sum_150": 72.35160908102989,
  "log_return2_realized_volatility_150": 9141.149694547057,
  "log_return2_mean_150": 73.62303501367569,
  "log_return2_std_150": 90.4253017604351,
  "wap_balance_sum_150": 236.26216545701027,
  "wap_balance_mean_150": 140.54459016025066,
  "wap_balance_std_150": 113.09271769225597,
  "price_spread_sum_150": 472.4474075138569,
  "price_spread_mean_150": 2011.9660641402006,
  "price_spread_std_150": 91.82690688967705,
  "bid_spread_sum_150": 89.03975783288479,
  "bid_spread_mean_150": 71.78033685684204,
  "bid_spread_std_150": 87.30897431075573,
  "ask_spread_sum_150": 74.16577902436256,
  "ask_spread_mean_150": 81.05289320647717,
  "ask_spread_std_150": 61.880712792277336,
  "total_volume_sum_150": 89.79168884456158,
  "total_volume_mean_150": 365.4525620788336,
  "total_volume_std_150": 96.75166140496731,
  "volume_imbalance_sum_150": 126.38306857645512,
  "volume_imbalance_mean_150": 174.47167006134987,
  "volume_imbalance_std_150": 85.91510137915611,
  "trade_log_return_realized_volatility": 3213.348540171981,
  "trade_seconds_in_bucket_count_unique": 480.1492692157626,
  "trade_size_sum": 102.05147910118103,
  "trade_order_count_mean": 237.43378575146198,
  "trade_log_return_realized_volatility_450": 897.2668979018927,
  "trade_seconds_in_bucket_count_unique_450": 289.5734291821718,
  "trade_size_sum_450": 158.16842913627625,
  "trade_order_count_mean_450": 197.64914409816265,
  "trade_log_return_realized_volatility_300": 812.6677527278662,
  "trade_seconds_in_bucket_count_unique_300": 295.1544082015753,
  "trade_size_sum_300": 163.32528921961784,
  "trade_order_count_mean_300": 177.26152403652668,
  "trade_log_return_realized_volatility_150": 134.90268982946873,
  "trade_seconds_in_bucket_count_unique_150": 190.45986676961184,
  "trade_size_sum_150": 106.5703085809946,
  "trade_order_count_mean_150": 269.6802677512169,
  "log_return1_realized_volatility_mean_stock": 410.7048123329878,
  "log_return1_realized_volatility_std_stock": 41.9503735601902,
  "log_return1_realized_volatility_max_stock": 23.29577812552452,
  "log_return1_realized_volatility_min_stock": 64.643903657794,
  "log_return2_realized_volatility_mean_stock": 149.88790960609913,
  "log_return2_realized_volatility_std_stock": 70.20579428970814,
  "log_return2_realized_volatility_max_stock": 32.64584390819073,
  "log_return2_realized_volatility_min_stock": 96.86785544455051,
  "log_return1_realized_volatility_450_mean_stock": 697.7823017090559,
  "log_return1_realized_volatility_450_std_stock": 26.821505159139633,
  "log_return1_realized_volatility_450_max_stock": 22.830655217170715,
  "log_return1_realized_volatility_450_min_stock": 28.636843994259834,
  "log_return2_realized_volatility_450_mean_stock": 210.07835413515568,
  "log_return2_realized_volatility_450_std_stock": 60.314514487981796,
  "log_return2_realized_volatility_450_max_stock": 17.58685776591301,
  "log_return2_realized_volatility_450_min_stock": 23.51311492919922,
  "log_return1_realized_volatility_300_mean_stock": 273.559282168746,
  "log_return1_realized_volatility_300_std_stock": 60.04558205604553,
  "log_return1_realized_volatility_300_max_stock": 26.95499101281166,
  "log_return1_realized_volatility_300_min_stock": 72.13667199015617,
  "log_return2_realized_volatility_300_mean_stock": 101.91564065217972,