{
  "stock_id": 10297.387643009424,
  "wap1_sum": 143.9331856071949,
  "wap1_mean": 71.21781349182129,
  "wap1_std": 104.8485966026783,
  "wap2_sum": 90.67391956597567,
  "wap2_mean": 69.90370813012123,
  "wap2_std": 98.84328719973564,
  "log_return1_sum": 87.8248601257801,
  "log_return1_realized_volatility": 97669.91952938586,
  "log_return1_mean": 72.3181612342596,
  "log_return1_std": 2478.8059501945972,
  "log_return2_sum": 84.6142453700304,
  "log_return2_realized_volatility": 23504.841232821345,
  "log_return2_mean": 95.44138526916504,
  "log_return2_std": 106.45876762270927,
  "wap_balance_sum": 576.3496557623148,
  "wap_balance_mean": 112.59865874052048,
  "wap_balance_std": 127.66702285408974,
  "price_spread_sum": 1302.8205783516169,
  "price_spread_mean": 1426.7381875813007,
  "price_spread_std": 175.5932900905609,
  "bid_spread_sum": 80.67953789234161,
  "bid_spread_mean": 1354.7768724560738,
  "bid_spread_std": 113.31992262601852,
  "ask_spread_sum": 62.54827190935612,
  "ask_spread_mean": 1602.613682642579,
  "ask_spread_std": 94.62536015361547,
  "total_volume_sum": 282.9427308291197,
  "total_volume_mean": 294.2322419732809,
  "total_volume_std": 214.28356172144413,
  "volume_imbalance_sum": 59.59461848437786,
  "volume_imbalance_mean": 949.9817975834012,
  "volume_imbalance_std": 153.0715941786766,
  "wap1_sum_450": 130.36976551264524,
  "wap1_mean_450": 73.59535689651966,
  "wap1_std_450": 227.55715791881084,
  "wap2_sum_450": 99.41120359301567,
  "wap2_mean_450": 112.29635015130043,
  "wap2_std_450": 244.7816741168499,
  "log_return1_sum_450": 101.63774022459984,
  "log_return1_realized_volatility_450": 1317.0437009334564,
  "log_return1_mean_450": 85.57993873953819,
  "log_return1_std_450": 360.602806866169,
  "log_return2_sum_450": 108.2465053498745,
  "log_return2_realized_volatility_450": 9466.05197609961,
  "log_return2_mean_450": 86.59748286008835,
  "log_return2_std_450": 110.96522916853428,
  "wap_balance_sum_450": 154.16933065652847,
  "wap_balance_mean_450": 158.22612208127975,
  "wap_balance_std_450": 93.97750176489353,
  "price_spread_sum_450": 333.56427025794983,
  "price_spread_mean_450": 710.9345944672823,
  "price_spread_std_450": 161.21507865190506,
  "bid_spread_sum_450": 67.76033583283424,
  "bid_spread_mean_450": 76.29501201212406,
  "bid_spread_std_450": 120.76856049150229,
  "ask_spread_sum_450": 74.46463970839977,
  "ask_spread_mean_450": 1005.0169315338135,
  "ask_spread_std_450": 64.9315121024847,
  "total_volume_sum_450": 85.11329424381256,
  "total_volume_mean_450": 92.9535408616066,
  "total_volume_std_450": 84.49787591397762,
  "volume_imbalance_sum_450": 64.94100551307201,
  "volume_imbalance_mean_450": 71.62845887243748,
  "volume_imbalance_std_450": 57.56208814680576,
  "wap1_sum_300": 92.54348768293858,
  "wap1_mean_300": 84.31324085593224,
  "wap1_std_300": 175.3048660159111,
  "wap2_sum_300": 66.45015913248062,
  "wap2_mean_300": 70.23534789681435,
  "wap2_std_300": 137.08862042427063,
  "log_return1_sum_300": 83.74594590067863,
  "log_return1_realized_volatility_300": 21693.739895939827,
  "log_return1_mean_300": 113.22427299618721,
  "log_return1_std_300": 633.3450188785791,
  "log_return2_sum_300": 84.14132244884968,
  "log_return2_realized_volatility_300": 2097.8882073163986,
  "log_return2_mean_300": 95.28562362492085,
  "log_return2_std_300": 86.37176503241062,
  "wap_balance_sum_300": 141.5864340364933,
  "wap_balance_mean_300": 259.32903100550175,
  "wap_balance_std_300": 88.59251065552235,
  "price_spread_sum_300": 1083.4199327379465,
  "price_spread_mean_300": 788.2751544117928,
  "price_spread_std_300": 98.38194301724434,
  "bid_spread_sum_300": 52.55351200699806,
  "bid_spread_mean_300": 60.32082398235798,
  "bid_spread_std_300": 72.84678319096565,
  "ask_spread_sum_300": 100.35202577710152,
  "ask_spread_mean_300": 98.79020103812218,
  "ask_spread_std_300": 102.22029370069504,
  "total_volume_sum_300": 71.42278197407722,
  "total_volume_mean_300": 107.58908171951771,
  "total_volume_std_300": 100.0372556746006,
  "volume_imbalance_sum_300": 53.064531311392784,
  "volume_imbalance_mean_300": 355.72560484707355,
  "volume_imbalance_std_300": 84.6390022188425,
  "wap1_sum_150": 83.23678694665432,
  "wap1_mean_150": 61.28771615028381,
  "wap1_std_150": 65.10511530935764,
  "wap2_sum_150": 64.06081575155258,
  "wap2_mean_150": 49.3303988724947,
  "wap2_std_150": 146.71834675967693,
  "log_return1_sum_150": 79.07260838150978,
  "log_return1_realized_volatility_150": 250976.47565048933,
  "log_return1_mean_150": 73.96102786064148,
  "log_return1_std_150": 391.6481429040432,
  "log_return2_sum_150": 59.98805694282055,
  "log_return2_realized_volatility_150": 9405.23921853304,
  "log_return2_mean_150": 77.73968401551247,
  "log_return2_std_150": 64.22468227148056,
  "wap_balance_sum_150": 397.81286819279194,
  "wap_balance_mean_150": 160.29076392948627,
  "wap_balance_std_150": 96.36554083228111,
  "price_spread_sum_150": 319.65383546054363,
  "price_spread_mean_150": 571.3665978163481,
  "price_spread_std_150": 92.90538130700588,
  "bid_spread_sum_150": 61.70007239282131,
  "bid_spread_mean_150": 83.24403582513332,
  "bid_spread_std_150": 82.0983342975378,
  "ask_spread_sum_150": 78.8676687180996,
  "ask_spread_mean_150": 79.21636800467968,
  "ask_spread_std_150": 57.09379597008228,
  "total_volume_sum_150": 82.62114292383194,
  "total_volume_mean_150": 124.99134175479412,
  "total_volume_std_150": 68.59666089713573,
  "volume_imbalance_sum_150": 121.07531429827213,
  "volume_imbalance_mean_150": 346.88834972679615,
  "volume_imbalance_std_150": 59.47004087269306,
  "trade_log_return_realized_volatility": 3202.3891027122736,
  "trade_seconds_in_bucket_count_unique": 365.2629939094186,
  "trade_size_sum": 105.5137081593275,
  "trade_order_count_mean": 262.4515864700079,
  "trade_log_return_realized_volatility_450": 1034.3979125618935,
  "trade_seconds_in_bucket_count_unique_450": 279.4858153909445,
  "trade_size_sum_450": 115.59481453895569,
  "trade_order_count_mean_450": 193.76442065835,
  "trade_log_return_realized_volatility_300": 840.1902589350939,
  "trade_seconds_in_bucket_count_unique_300": 318.26601549983025,
  "trade_size_sum_300": 155.51564587652683,
  "trade_order_count_mean_300": 175.87602403759956,
  "trade_log_return_realized_volatility_150": 102.49130223691463,
  "trade_seconds_in_bucket_count_unique_150": 299.5319233164191,
  "trade_size_sum_150": 90.03829483687878,
  "trade_order_count_mean_150": 205.04228253662586,
  "log_return1_realized_volatility_mean_stock": 501.1153449267149,
  "log_return1_realized_volatility_std_stock": 48.52865260839462,
  "log_return1_realized_volatility_max_stock": 20.339353933930397,
  "log_return1_realized_volatility_min_stock": 61.57713961601257,
  "log_return2_realized_volatility_mean_stock": 88.09944239258766,
  "log_return2_realized_volatility_std_stock": 89.8648869395256,
  "log_return2_realized_volatility_max_stock": 26.93121799826622,
  "log_return2_realized_volatility_min_stock": 92.39640085399151,
  "log_return1_realized_volatility_450_mean_stock": 827.4407941401005,
  "log_return1_realized_volatility_450_std_stock": 43.9481637775898,
  "log_return1_realized_volatility_450_max_stock": 18.57562990486622,
  "log_return1_realized_volatility_450_min_stock": 31.581888988614082,
  "log_return2_realized_volatility_450_mean_stock": 173.7563335597515,
  "log_return2_realized_volatility_450_std_stock": 49.857450783252716,
  "log_return2_realized_volatility_450_max_stock": 22.23564602434635,
  "log_return2_realized_volatility_450_min_stock": 19.34796303510666,
  "log_return1_realized_volatility_300_mean_stock": 295.4226029217243,
  "log_return1_realized_volatility_300_std_stock": 30.304775401949883,
  "log_return1_realized_volatility_300_max_stock": 21.100807905197144,
  "log_return1_realized_volatility_300_min_stock": 60.25267794728279,
  "log_return2_realized_volatility_300_mean_stock": 229.3647442907095,