{
  "stock_id": 9721.584634646773,
  "wap1_sum": 122.30028185248375,
  "wap1_mean": 73.90199184417725,
  "wap1_std": 82.43069310486317,
  "wap2_sum": 99.79398967325687,
  "wap2_mean": 83.42835286259651,
  "wap2_std": 100.78341951966286,
  "log_return1_sum": 86.18834887444973,
  "log_return1_realized_volatility": 99962.4354454726,
  "log_return1_mean": 75.1769508421421,
  "log_return1_std": 2434.879260107875,
  "log_return2_sum": 101.79772441089153,
  "log_return2_realized_volatility": 19775.629554241896,
  "log_return2_mean": 88.15409697592258,
  "log_return2_std": 117.79500362277031,
  "wap_balance_sum": 509.33676144480705,
  "wap_balance_mean": 248.80583934485912,
  "wap_balance_std": 150.31671296060085,
  "price_spread_sum": 1347.0688661187887,
  "price_spread_mean": 865.9568540602922,
  "price_spread_std": 165.79445362091064,
  "bid_spread_sum": 83.51726077497005,
  "bid_spread_mean": 1402.573333621025,
  "bid_spread_std": 95.8928610086441,
  "ask_spread_sum": 60.10818210244179,
  "ask_spread_mean": 1299.2122118771076,
  "ask_spread_std": 85.75064933300018,
  "total_volume_sum": 284.56930357962847,
  "total_volume_mean": 289.04990941286087,
  "total_volume_std": 195.87751756608486,
  "volume_imbalance_sum": 63.60109132528305,
  "volume_imbalance_mean": 732.1111582815647,
  "volume_imbalance_std": 92.98128673434258,
  "wap1_sum_450": 106.83270007371902,
  "wap1_mean_450": 82.30674116313457,
  "wap1_std_450": 287.19621482491493,
  "wap2_sum_450": 62.89640412479639,
  "wap2_mean_450": 83.66560265421867,
  "wap2_std_450": 249.95541669428349,
  "log_return1_sum_450": 85.34364844858646,
  "log_return1_realized_volatility_450": 1447.3490653336048,
  "log_return1_mean_450": 101.72746701538563,
  "log_return1_std_450": 480.5776299983263,
  "log_return2_sum_450": 95.08710826933384,
  "log_return2_realized_volatility_450": 9591.472130253911,
  "log_return2_mean_450": 86.80543206632137,
  "log_return2_std_450": 124.19862405955791,
  "wap_balance_sum_450": 153.5989873856306,
  "wap_balance_mean_450": 152.94594901800156,
  "wap_balance_std_450": 98.03748053312302,
  "price_spread_sum_450": 438.5527755767107,
  "price_spread_mean_450": 643.9669347703457,
  "price_spread_std_450": 102.61741833388805,
  "bid_spread_sum_450": 69.87285205721855,
  "bid_spread_mean_450": 72.90384417772293,
  "bid_spread_std_450": 111.31675408780575,
  "ask_spread_sum_450": 71.88722881674767,
  "ask_spread_mean_450": 1067.0303618311882,
  "ask_spread_std_450": 80.35343591868877,
  "total_volume_sum_450": 78.26355831325054,
  "total_volume_mean_450": 179.69488225877285,
  "total_volume_std_450": 87.78456501662731,
  "volume_imbalance_sum_450": 61.033981904387474,
  "volume_imbalance_mean_450": 61.60136915743351,
  "volume_imbalance_std_450": 64.44515930116177,
  "wap1_sum_300": 75.93946315348148,
  "wap1_mean_300": 91.44299747049809,
  "wap1_std_300": 132.10430698096752,
  "wap2_sum_300": 69.57403106987476,
  "wap2_mean_300": 60.95364287495613,
  "wap2_std_300": 94.5521650314331,
  "log_return1_sum_300": 83.27372682094574,
  "log_return1_realized_volatility_300": 22647.383070245385,
  "log_return1_mean_300": 94.39677224308252,
  "log_return1_std_300": 751.6998790204525,
  "log_return2_sum_300": 72.24403485655785,
  "log_return2_realized_volatility_300": 2191.785509057343,
  "log_return2_mean_300": 81.54966199398041,
  "log_return2_std_300": 158.02073293924332,
  "wap_balance_sum_300": 166.8207352310419,
  "wap_balance_mean_300": 367.9427697509527,
  "wap_balance_std_300": 107.43206213414669,
  "price_spread_sum_300": 1094.5953144729137,
  "price_spread_mean_300": 1475.3923809975386,
  "price_spread_std_300": 85.63660806417465,
  "bid_spread_sum_300": 83.85647481679916,
  "bid_spread_mean_300": 79.72704315185547,
  "bid_spread_std_300": 85.94850860536098,
  "ask_spread_sum_300": 77.28030247986317,
  "ask_spread_mean_300": 81.8922000080347,
  "ask_spread_std_300": 98.51786763966084,
  "total_volume_sum_300": 71.79739594459534,
  "total_volume_mean_300": 118.29117193818092,
  "total_volume_std_300": 71.37554706633091,
  "volume_imbalance_sum_300": 56.816381841897964,
  "volume_imbalance_mean_300": 83.7477853000164,
  "volume_imbalance_std_300": 56.74692012369633,
  "wap1_sum_150": 80.76903486251831,
  "wap1_mean_150": 62.47302111983299,
  "wap1_std_150": 80.58725902438164,
  "wap2_sum_150": 74.17741458117962,
  "wap2_mean_150": 40.322908997535706,
  "wap2_std_150": 176.59979665279388,
  "log_return1_sum_150": 87.17134436964989,
  "log_return1_realized_volatility_150": 257929.75358558446,
  "log_return1_mean_150": 93.27482795715332,
  "log_return1_std_150": 409.5917670428753,
  "log_return2_sum_150": 73.74936078488827,
  "log_return2_realized_volatility_150": 10413.427767515182,
  "log_return2_mean_150": 58.38810519874096,
  "log_return2_std_150": 61.24585263431072,
  "wap_balance_sum_150": 470.5239749699831,
  "wap_balance_mean_150": 104.52672553062439,
  "wap_balance_std_150": 126.23792596161366,
  "price_spread_sum_150": 287.38854356110096,
  "price_spread_mean_150": 784.6663039773703,
  "price_spread_std_150": 100.61275215446949,
  "bid_spread_sum_150": 66.65153905749321,
  "bid_spread_mean_150": 72.29222114384174,
  "bid_spread_std_150": 75.45031072199345,
  "ask_spread_sum_150": 78.67408210039139,
  "ask_spread_mean_150": 69.36045889556408,
  "ask_spread_std_150": 66.51990582048893,
  "total_volume_sum_150": 77.8769364207983,
  "total_volume_mean_150": 119.86963549256325,
  "total_volume_std_150": 128.00735665857792,
  "volume_imbalance_sum_150": 113.34788708388805,
  "volume_imbalance_mean_150": 395.4836689680815,
  "volume_imbalance_std_150": 43.39172801375389,
  "trade_log_return_realized_volatility": 3316.260420553386,
  "trade_seconds_in_bucket_count_unique": 412.75955387949944,
  "trade_size_sum": 121.0383438616991,
  "trade_order_count_mean": 259.1878874376416,
  "trade_log_return_realized_volatility_450": 964.9948500990868,
  "trade_seconds_in_bucket_count_unique_450": 264.3153921812773,
  "trade_size_sum_450": 126.85551907122135,
  "trade_order_count_mean_450": 191.56281439960003,
  "trade_log_return_realized_volatility_300": 738.954041659832,
  "trade_seconds_in_bucket_count_unique_300": 310.9443195015192,
  "trade_size_sum_300": 144.15969297289848,
  "trade_order_count_mean_300": 156.55919981002808,
  "trade_log_return_realized_volatility_150": 210.2095486521721,
  "trade_seconds_in_bucket_count_unique_150": 261.31008763611317,
  "trade_size_sum_150": 88.17355597019196,
  "trade_order_count_mean_150": 221.39698450267315,
  "log_return1_realized_volatility_mean_stock": 489.19835737347603,
  "log_return1_realized_volatility_std_stock": 48.308589324355125,
  "log_return1_realized_volatility_max_stock": 19.74375705420971,
  "log_return1_realized_volatility_min_stock": 70.11591511964798,
  "log_return2_realized_volatility_mean_stock": 112.64636042714119,
  "log_return2_realized_volatility_std_stock": 54.4861496090889,
  "log_return2_realized_volatility_max_stock": 21.667861089110374,
  "log_return2_realized_volatility_min_stock": 63.27695566415787,
  "log_return1_realized_volatility_450_mean_stock": 700.2230838537216,
  "log_return1_realized_volatility_450_std_stock": 36.27111944556236,
  "log_return1_realized_volatility_450_max_stock": 19.793349117040634,
  "log_return1_realized_volatility_450_min_stock": 19.047296047210693,
  "log_return2_realized_volatility_450_mean_stock": 182.98859831690788,
  "log_return2_realized_volatility_450_std_stock": 56.576130241155624,
  "log_return2_realized_volatility_450_max_stock": 24.02975618839264,
  "log_return2_realized_volatility_450_min_stock": 31.4186390042305,
  "log_return1_realized_volatility_300_mean_stock": 333.51080955564976,
  "log_return1_realized_volatility_300_std_stock": 22.62819491326809,
  "log_return1_realized_volatility_300_max_stock": 24.713885992765427,
  "log_return1_realized_volatility_300_min_stock": 57.32979705929756,
  "log_return2_realized_volatility_300_mean_stock": 91.0393778681755,