{
  "stock_id": 8395.38116967678,
  "wap1_sum": 157.18786227703094,
  "wap1_mean": 75.64509882032871,
  "wap1_std": 122.94708199799061,
  "wap2_sum": 117.66122894734144,
  "wap2_mean": 97.84111320972443,
  "wap2_std": 120.0908520668745,
  "log_return1_sum": 113.91000737249851,
  "log_return1_realized_volatility": 95758.61592333764,
  "log_return1_mean": 98.96390815079212,
  "log_return1_std": 2436.8839867264032,
  "log_return2_sum": 107.89968082308769,
  "log_return2_realized_volatility": 18863.03683951497,
  "log_return2_mean": 120.08214508742094,
  "log_return2_std": 152.83891704678535,
  "wap_balance_sum": 516.7684931606054,
  "wap_balance_mean": 286.80321933329105,
  "wap_balance_std": 175.38781833648682,
  "price_spread_sum": 1399.3332779109478,
  "price_spread_mean": 1588.8720182925463,
  "price_spread_std": 191.12466947734356,
  "bid_spread_sum": 96.97110338509083,
  "bid_spread_mean": 1356.3490935713053,
  "bid_spread_std": 147.2289029508829,
  "ask_spread_sum": 82.18296007812023,
  "ask_spread_mean": 1039.635431073606,
  "ask_spread_std": 107.80943613499403,
  "total_volume_sum": 287.1369383484125,
  "total_volume_mean": 243.52658092975616,
  "total_volume_std": 268.398718804121,
  "volume_imbalance_sum": 58.17136688530445,
  "volume_imbalance_mean": 1214.3039561212063,
  "volume_imbalance_std": 127.03061106801033,
  "wap1_sum_450": 120.482826218009,
  "wap1_mean_450": 75.00980705022812,
  "wap1_std_450": 234.82270567119122,
  "wap2_sum_450": 73.64097902178764,
  "wap2_mean_450": 95.10545697808266,
  "wap2_std_450": 270.4120692014694,
  "log_return1_sum_450": 111.06183342635632,
  "log_return1_realized_volatility_450": 1255.0725801587105,
  "log_return1_mean_450": 122.53666120767593,
  "log_return1_std_450": 670.4406243562698,
  "log_return2_sum_450": 108.50967144966125,
  "log_return2_realized_volatility_450": 9350.641105465591,
  "log_return2_mean_450": 94.69423332810402,
  "log_return2_std_450": 145.42586533725262,
  "wap_balance_sum_450": 211.20457065105438,
  "wap_balance_mean_450": 115.43127804994583,
  "wap_balance_std_450": 120.78274504840374,
  "price_spread_sum_450": 431.9659950733185,
  "price_spread_mean_450": 610.4722966179252,
  "price_spread_std_450": 125.89008782804012,
  "bid_spread_sum_450": 82.79803596436977,
  "bid_spread_mean_450": 90.82610426843166,
  "bid_spread_std_450": 122.6199294179678,
  "ask_spread_sum_450": 88.00653800368309,
  "ask_spread_mean_450": 1069.824153445661,
  "ask_spread_std_450": 89.96929144859314,
  "total_volume_sum_450": 142.0317926555872,
  "total_volume_mean_450": 116.97336687147617,
  "total_volume_std_450": 112.82038052380085,
  "volume_imbalance_sum_450": 81.33343796432018,
  "volume_imbalance_mean_450": 77.05336898565292,
  "volume_imbalance_std_450": 96.6181627959013,
  "wap1_sum_300": 103.91435325145721,
  "wap1_mean_300": 101.69150514900684,
  "wap1_std_300": 165.99404552578926,
  "wap2_sum_300": 66.55906227231026,
  "wap2_mean_300": 70.449652582407,
  "wap2_std_300": 131.84316910803318,
  "log_return1_sum_300": 103.33065800368786,
  "log_return1_realized_volatility_300": 22431.727266550064,
  "log_return1_mean_300": 115.45407138764858,
  "log_return1_std_300": 760.041527196765,
  "log_return2_sum_300": 93.99030546098948,
  "log_return2_realized_volatility_300": 2476.1940171420574,
  "log_return2_mean_300": 110.84984216094017,
  "log_return2_std_300": 130.22463344037533,
  "wap_balance_sum_300": 167.91588002443314,
  "wap_balance_mean_300": 395.746148198843,
  "wap_balance_std_300": 137.52961802482605,
  "price_spread_sum_300": 929.8666171133518,
  "price_spread_mean_300": 607.1635883003473,
  "price_spread_std_300": 111.72271119058132,
  "bid_spread_sum_300": 91.05594715476036,
  "bid_spread_mean_300": 105.44383099675179,
  "bid_spread_std_300": 110.79474461078644,
  "ask_spread_sum_300": 90.30026707053185,
  "ask_spread_mean_300": 110.86622984707355,
  "ask_spread_std_300": 92.73742569983006,
  "total_volume_sum_300": 92.89368635416031,
  "total_volume_mean_300": 191.10604117810726,
  "total_volume_std_300": 116.4647421091795,
  "volume_imbalance_sum_300": 79.47662289440632,
  "volume_imbalance_mean_300": 129.22539342939854,
  "volume_imbalance_std_300": 69.12507569789886,
  "wap1_sum_150": 89.72682896256447,
  "wap1_mean_150": 90.10604203492403,
  "wap1_std_150": 100.97258900105953,
  "wap2_sum_150": 107.55742172896862,
  "wap2_mean_150": 65.56263111531734,
  "wap2_std_150": 166.04335186630487,
  "log_return1_sum_150": 97.91614440083504,
  "log_return1_realized_volatility_150": 252506.00836157054,
  "log_return1_mean_150": 78.32922807335854,
  "log_return1_std_150": 395.9185195490718,
  "log_return2_sum_150": 93.4840167760849,
  "log_return2_realized_volatility_150": 9594.053548447788,
  "log_return2_mean_150": 98.98766687512398,
  "log_return2_std_150": 85.25394025444984,
  "wap_balance_sum_150": 388.571906670928,
  "wap_balance_mean_150": 146.30683541297913,
  "wap_balance_std_150": 106.99975024163723,
  "price_spread_sum_150": 491.1894926428795,
  "price_spread_mean_150": 768.2024475634098,
  "price_spread_std_150": 90.38530869781971,
  "bid_spread_sum_150": 87.39392566680908,
  "bid_spread_mean_150": 80.57453002035618,
  "bid_spread_std_150": 101.7547751814127,
  "ask_spread_sum_150": 89.14055728912354,
  "ask_spread_mean_150": 108.98831106722355,
  "ask_spread_std_150": 71.4965008199215,
  "total_volume_sum_150": 95.28225839138031,
  "total_volume_mean_150": 143.3208735436201,
  "total_volume_std_150": 130.17460751533508,
  "volume_imbalance_sum_150": 66.79353493452072,
  "volume_imbalance_mean_150": 357.51341477036476,
  "volume_imbalance_std_150": 72.49301013350487,
  "trade_log_return_realized_volatility": 3685.979309424758,
  "trade_seconds_in_bucket_count_unique": 401.6743015125394,
  "trade_size_sum": 142.87117969989777,
  "trade_order_count_mean": 298.4249037653208,
  "trade_log_return_realized_volatility_450": 927.8003764301538,
  "trade_seconds_in_bucket_count_unique_450": 285.36322052776814,
  "trade_size_sum_450": 160.35805855691433,
  "trade_order_count_mean_450": 233.31393446028233,
  "trade_log_return_realized_volatility_300": 329.32011602818966,
  "trade_seconds_in_bucket_count_unique_300": 343.85811522603035,
  "trade_size_sum_300": 201.9247349500656,
  "trade_order_count_mean_300": 190.2180059850216,
  "trade_log_return_realized_volatility_150": 218.9823871999979,
  "trade_seconds_in_bucket_count_unique_150": 192.93447621911764,
  "trade_size_sum_150": 108.31996802985668,
  "trade_order_count_mean_150": 277.7380519360304,
  "log_return1_realized_volatility_mean_stock": 614.6389659047127,
  "log_return1_realized_volatility_std_stock": 46.474103823304176,
  "log_return1_realized_volatility_max_stock": 23.95902408659458,
  "log_return1_realized_volatility_min_stock": 116.23042345046997,
  "log_return2_realized_volatility_mean_stock": 170.93810878694057,
  "log_return2_realized_volatility_std_stock": 67.97623139619827,
  "log_return2_realized_volatility_max_stock": 44.483755111694336,
  "log_return2_realized_volatility_min_stock": 83.89316195249557,
  "log_return1_realized_volatility_450_mean_stock": 986.5978097915649,
  "log_return1_realized_volatility_450_std_stock": 55.89756724983454,
  "log_return1_realized_volatility_450_max_stock": 23.784286096692085,
  "log_return1_realized_volatility_450_min_stock": 66.16482955217361,
  "log_return2_realized_volatility_450_mean_stock": 135.9217658340931,
  "log_return2_realized_volatility_450_std_stock": 57.4589938223362,
  "log_return2_realized_volatility_450_max_stock": 27.592363104224205,
  "log_return2_realized_volatility_450_min_stock": 33.5836548358202,
  "log_return1_realized_volatility_300_mean_stock": 290.4411624222994,
  "log_return1_realized_volatility_300_std_stock": 49.074479416012764,
  "log_return1_realized_volatility_300_max_stock": 35.695709109306335,
  "log_return1_realized_volatility_300_min_stock": 91.35484299063683,
  "log_return2_realized_volatility_300_mean_stock": 95.74163536727428,