{
  "stock_id": 8740.224524982274,
  "wap1_sum": 176.5562834739685,
  "wap1_mean": 72.23078615963459,
  "wap1_std": 123.55707682669163,
  "wap2_sum": 113.29658661782742,
  "wap2_mean": 88.69041289389133,
  "wap2_std": 128.62703350186348,
  "log_return1_sum": 107.58396787196398,
  "log_return1_realized_volatility": 97256.4194791317,
  "log_return1_mean": 92.61178706586361,
  "log_return1_std": 2552.475700184703,
  "log_return2_sum": 107.56177432835102,
  "log_return2_realized_volatility": 19187.403159081936,
  "log_return2_mean": 113.99924600124359,
  "log_return2_std": 125.45854870975018,
  "wap_balance_sum": 529.172244861722,
  "wap_balance_mean": 210.10462690889835,
  "wap_balance_std": 167.05478744208813,
  "price_spread_sum": 1324.8903529495,
  "price_spread_mean": 1212.2244466468692,
  "price_spread_std": 203.1721032857895,
  "bid_spread_sum": 107.01834315061569,
  "bid_spread_mean": 1349.5555477663875,
  "bid_spread_std": 128.2824990004301,
  "ask_spread_sum": 71.3990747705102,
  "ask_spread_mean": 1268.5411122590303,
  "ask_spread_std": 118.811514377594,
  "total_volume_sum": 290.3517100289464,
  "total_volume_mean": 333.93826910853386,
  "total_volume_std": 220.89071507751942,
  "volume_imbalance_sum": 84.08118778467178,
  "volume_imbalance_mean": 1215.7908444851637,
  "volume_imbalance_std": 135.55866868793964,
  "wap1_sum_450": 97.57127384096384,
  "wap1_mean_450": 87.37739748507738,
  "wap1_std_450": 259.41047624498606,
  "wap2_sum_450": 76.58898688852787,
  "wap2_mean_450": 100.92227187752724,
  "wap2_std_450": 314.65706537663937,
  "log_return1_sum_450": 99.67642137408257,
  "log_return1_realized_volatility_450": 1127.2530922591686,
  "log_return1_mean_450": 117.18370401114225,
  "log_return1_std_450": 507.24440117925406,
  "log_return2_sum_450": 122.24790178239346,
  "log_return2_realized_volatility_450": 9540.072769984603,
  "log_return2_mean_450": 94.39300434291363,
  "log_return2_std_450": 126.18430187553167,
  "wap_balance_sum_450": 184.76029548048973,
  "wap_balance_mean_450": 96.66157478094101,
  "wap_balance_std_450": 148.52944691479206,
  "price_spread_sum_450": 368.13966815918684,
  "price_spread_mean_450": 631.8384879380465,
  "price_spread_std_450": 108.53896090388298,
  "bid_spread_sum_450": 76.96203602850437,
  "bid_spread_mean_450": 80.08223316073418,
  "bid_spread_std_450": 103.85882504284382,
  "ask_spread_sum_450": 91.32710111141205,
  "ask_spread_mean_450": 1009.2736670151353,
  "ask_spread_std_450": 83.16575792431831,
  "total_volume_sum_450": 95.48322209715843,
  "total_volume_mean_450": 106.27246987819672,
  "total_volume_std_450": 81.64270721375942,
  "volume_imbalance_sum_450": 57.38874703645706,
  "volume_imbalance_mean_450": 98.32240149378777,
  "volume_imbalance_std_450": 86.06820350885391,
  "wap1_sum_300": 90.00097025930882,
  "wap1_mean_300": 90.7518619298935,
  "wap1_std_300": 125.49295869469643,
  "wap2_sum_300": 67.6026898920536,
  "wap2_mean_300": 61.9654079079628,
  "wap2_std_300": 124.33008787035942,
  "log_return1_sum_300": 91.1588229238987,
  "log_return1_realized_volatility_300": 22409.84882710874,
  "log_return1_mean_300": 126.46099899709225,
  "log_return1_std_300": 715.8984147459269,
  "log_return2_sum_300": 96.93537157773972,
  "log_return2_realized_volatility_300": 2049.280909150839,
  "log_return2_mean_300": 94.41204330325127,
  "log_return2_std_300": 156.78446392714977,
  "wap_balance_sum_300": 191.55447553098202,
  "wap_balance_mean_300": 436.2846987694502,
  "wap_balance_std_300": 107.36048540472984,
  "price_spread_sum_300": 1414.2276647388935,
  "price_spread_mean_300": 752.7987377345562,
  "price_spread_std_300": 94.94139063358307,
  "bid_spread_sum_300": 90.7465415224433,
  "bid_spread_mean_300": 111.18102470040321,
  "bid_spread_std_300": 83.11981350183487,
  "ask_spread_sum_300": 70.42695532739162,
  "ask_spread_mean_300": 96.07044871151447,
  "ask_spread_std_300": 93.07377640902996,
  "total_volume_sum_300": 95.69833640754223,
  "total_volume_mean_300": 94.53893792629242,
  "total_volume_std_300": 105.95854040980339,
  "volume_imbalance_sum_300": 99.94772446155548,
  "volume_imbalance_mean_300": 92.10682110488415,
  "volume_imbalance_std_300": 75.12924575805664,
  "wap1_sum_150": 84.94612374901772,
  "wap1_mean_150": 73.30937696993351,
  "wap1_std_150": 80.02497307956219,
  "wap2_sum_150": 104.32881209254265,
  "wap2_mean_150": 50.270775124430656,
  "wap2_std_150": 161.73521465063095,
  "log_return1_sum_150": 92.17197658121586,
  "log_return1_realized_volatility_150": 254646.6623852998,
  "log_return1_mean_150": 87.1171337813139,
  "log_return1_std_150": 390.7501655295491,
  "log_return2_sum_150": 71.72678789496422,
  "log_return2_realized_volatility_150": 9560.141202963889,
  "log_return2_mean_150": 82.99621964246035,
  "log_return2_std_150": 90.96631287038326,
  "wap_balance_sum_150": 376.756106428802,
  "wap_balance_mean_150": 142.14190836250782,
  "wap_balance_std_150": 119.66545464098454,
  "price_spread_sum_150": 383.4761067032814,
  "price_spread_mean_150": 832.6037907898426,
  "price_spread_std_150": 111.80942383408546,
  "bid_spread_sum_150": 73.63567115366459,
  "bid_spread_mean_150": 85.85164085030556,
  "bid_spread_std_150": 88.70972204208374,
  "ask_spread_sum_150": 93.35340428352356,
  "ask_spread_mean_150": 91.85168719291687,
  "ask_spread_std_150": 81.03601586818695,
  "total_volume_sum_150": 115.70485360920429,
  "total_volume_mean_150": 111.1965719461441,
  "total_volume_std_150": 142.98632952570915,
  "volume_imbalance_sum_150": 133.30079285800457,
  "volume_imbalance_mean_150": 380.2478793859482,
  "volume_imbalance_std_150": 100.0830849558115,
  "trade_log_return_realized_volatility": 3388.3916122317314,
  "trade_seconds_in_bucket_count_unique": 422.18372531980276,
  "trade_size_sum": 130.35132680088282,
  "trade_order_count_mean": 330.9878856986761,
  "trade_log_return_realized_volatility_450": 863.8582885861397,
  "trade_seconds_in_bucket_count_unique_450": 349.924137763679,
  "trade_size_sum_450": 140.04051432013512,
  "trade_order_count_mean_450": 235.63746923208237,
  "trade_log_return_realized_volatility_300": 450.9170930534601,
  "trade_seconds_in_bucket_count_unique_300": 331.29560339450836,
  "trade_size_sum_300": 167.75708082318306,
  "trade_order_count_mean_300": 174.26456327736378,
  "trade_log_return_realized_volatility_150": 212.31116242706776,
  "trade_seconds_in_bucket_count_unique_150": 210.87030646204948,
  "trade_size_sum_150": 133.00961089134216,
  "trade_order_count_mean_150": 230.26199090480804,
  "log_return1_realized_volatility_mean_stock": 616.4030067324638,
  "log_return1_realized_volatility_std_stock": 40.82214634120464,
  "log_return1_realized_volatility_max_stock": 15.566209003329277,
  "log_return1_realized_volatility_min_stock": 114.06749454140663,
  "log_return2_realized_volatility_mean_stock": 134.32255348563194,
  "log_return2_realized_volatility_std_stock": 65.10868296027184,
  "log_return2_realized_volatility_max_stock": 32.322380155324936,
  "log_return2_realized_volatility_min_stock": 76.2149421274662,
  "log_return1_realized_volatility_450_mean_stock": 1040.7144617885351,
  "log_return1_realized_volatility_450_std_stock": 38.149452075362206,
  "log_return1_realized_volatility_450_max_stock": 20.981785014271736,
  "log_return1_realized_volatility_450_min_stock": 51.927725464105606,
  "log_return2_realized_volatility_450_mean_stock": 120.60198517143726,
  "log_return2_realized_volatility_450_std_stock": 74.24800316989422,
  "log_return2_realized_volatility_450_max_stock": 23.595511212944984,
  "log_return2_realized_volatility_450_min_stock": 41.844589963555336,
  "log_return1_realized_volatility_300_mean_stock": 276.68773862719536,
  "log_return1_realized_volatility_300_std_stock": 41.64383962750435,
  "log_return1_realized_volatility_300_max_stock": 31.246526062488556,
  "log_return1_realized_volatility_300_min_stock": 70.9085785150528,
  "log_return2_realized_volatility_300_mean_stock": 105.81314262747765,