{
  "stock_id": 11985.369367778301,
  "wap1_sum": 141.12916350364685,
  "wap1_mean": 59.62324397265911,
  "wap1_std": 83.67011541128159,
  "wap2_sum": 104.08658604323864,
  "wap2_mean": 72.08409993350506,
  "wap2_std": 75.18013122677803,
  "log_return1_sum": 102.5745357722044,
  "log_return1_realized_volatility": 126164.07381555438,
  "log_return1_mean": 82.41516695916653,
  "log_return1_std": 100.44176542758942,
  "log_return2_sum": 80.81170536577702,
  "log_return2_realized_volatility": 10543.02821996808,
  "log_return2_mean": 94.63815879821777,
  "log_return2_std": 88.22383636236191,
  "wap_balance_sum": 522.4233077168465,
  "wap_balance_mean": 206.50008204579353,
  "wap_balance_std": 109.66020122170448,
  "price_spread_sum": 1062.887016236782,
  "price_spread_mean": 1741.9970387667418,
  "price_spread_std": 155.54928535223007,
  "bid_spread_sum": 74.74366401135921,
  "bid_spread_mean": 1410.8258758038282,
  "bid_spread_std": 108.44727422297001,
  "ask_spread_sum": 57.90079586207867,
  "ask_spread_mean": 452.970375046134,
  "ask_spread_std": 71.18071003258228,
  "total_volume_sum": 120.15674175322056,
  "total_volume_mean": 211.39139758050442,
  "total_volume_std": 301.55425406992435,
  "volume_imbalance_sum": 46.99537107348442,
  "volume_imbalance_mean": 886.5272186249495,
  "volume_imbalance_std": 66.57737794518471,
  "wap1_sum_450": 76.94816605746746,
  "wap1_mean_450": 79.67900261282921,
  "wap1_std_450": 176.73415791988373,
  "wap2_sum_450": 71.88514524698257,
  "wap2_mean_450": 110.60482031106949,
  "wap2_std_450": 328.29519687592983,
  "log_return1_sum_450": 91.68210008740425,
  "log_return1_realized_volatility_450": 738.3429384827614,
  "log_return1_mean_450": 96.65312284231186,
  "log_return1_std_450": 398.65066239237785,
  "log_return2_sum_450": 84.40333811938763,
  "log_return2_realized_volatility_450": 1580.3422473818064,
  "log_return2_mean_450": 95.3698099553585,
  "log_return2_std_450": 362.32227554917336,
  "wap_balance_sum_450": 194.70427656173706,
  "wap_balance_mean_450": 208.73865050077438,
  "wap_balance_std_450": 101.48621775209904,
  "price_spread_sum_450": 513.3007486909628,
  "price_spread_mean_450": 784.8522437661886,
  "price_spread_std_450": 99.90235349535942,
  "bid_spread_sum_450": 61.739922523498535,
  "bid_spread_mean_450": 90.26296254992485,
  "bid_spread_std_450": 92.89707025885582,
  "ask_spread_sum_450": 90.06055238842964,
  "ask_spread_mean_450": 869.2782329767942,
  "ask_spread_std_450": 70.9254440665245,
  "total_volume_sum_450": 179.81224544346333,
  "total_volume_mean_450": 137.81758031249046,
  "total_volume_std_450": 117.51311704516411,
  "volume_imbalance_sum_450": 61.481776148080826,
  "volume_imbalance_mean_450": 85.49597851932049,
  "volume_imbalance_std_450": 94.57773078978062,
  "wap1_sum_300": 65.42579504847527,
  "wap1_mean_300": 68.27554979920387,
  "wap1_std_300": 145.72836230695248,
  "wap2_sum_300": 33.045847058296204,
  "wap2_mean_300": 39.665850192308426,
  "wap2_std_300": 115.73134079575539,
  "log_return1_sum_300": 77.8899023681879,
  "log_return1_realized_volatility_300": 10191.01694470644,
  "log_return1_mean_300": 114.16297936439514,
  "log_return1_std_300": 343.8423139154911,
  "log_return2_sum_300": 59.33978419005871,
  "log_return2_realized_volatility_300": 2140.100669682026,
  "log_return2_mean_300": 73.07578802108765,
  "log_return2_std_300": 163.47607024013996,
  "wap_balance_sum_300": 180.86602208018303,
  "wap_balance_mean_300": 482.51723758876324,
  "wap_balance_std_300": 118.39960597455502,
  "price_spread_sum_300": 442.66583339869976,
  "price_spread_mean_300": 1756.1455547362566,
  "price_spread_std_300": 89.44231349229813,
  "bid_spread_sum_300": 58.82296900451183,
  "bid_spread_mean_300": 65.44874522089958,
  "bid_spread_std_300": 78.1443992704153,
  "ask_spread_sum_300": 57.530671790242195,
  "ask_spread_mean_300": 68.74082058668137,
  "ask_spread_std_300": 109.49842695891857,
  "total_volume_sum_300": 92.61378872394562,
  "total_volume_mean_300": 158.5286911278963,
  "total_volume_std_300": 66.98610261082649,
  "volume_imbalance_sum_300": 49.30133417248726,
  "volume_imbalance_mean_300": 80.24861226975918,
  "volume_imbalance_std_300": 59.11122192442417,
  "wap1_sum_150": 83.08278678357601,
  "wap1_mean_150": 40.00136782228947,
  "wap1_std_150": 68.9211006462574,
  "wap2_sum_150": 39.56041117012501,
  "wap2_mean_150": 39.58365876972675,
  "wap2_std_150": 159.20860235393047,
  "log_return1_sum_150": 70.32288217544556,
  "log_return1_realized_volatility_150": 275434.84916734695,
  "log_return1_mean_150": 59.79326896369457,
  "log_return1_std_150": 971.4841225594282,
  "log_return2_sum_150": 68.87058572471142,
  "log_return2_realized_volatility_150": 3189.105852305889,
  "log_return2_mean_150": 57.469860419631004,
  "log_return2_std_150": 147.87387873232365,
  "wap_balance_sum_150": 331.4383352845907,
  "wap_balance_mean_150": 87.86538490653038,
  "wap_balance_std_150": 80.1802317649126,
  "price_spread_sum_150": 304.93145099282265,
  "price_spread_mean_150": 525.004105463624,
  "price_spread_std_150": 87.65649980306625,
  "bid_spread_sum_150": 68.90830913186073,
  "bid_spread_mean_150": 77.53364211320877,
  "bid_spread_std_150": 92.82017113268375,
  "ask_spread_sum_150": 73.68626780807972,
  "ask_spread_mean_150": 87.40458600223064,
  "ask_spread_std_150": 79.21559303998947,
  "total_volume_sum_150": 83.28627896308899,
  "total_volume_mean_150": 80.93348731100559,
  "total_volume_std_150": 57.138206005096436,
  "volume_imbalance_sum_150": 46.07638789713383,
  "volume_imbalance_mean_150": 72.6355492323637,
  "volume_imbalance_std_150": 115.27614210546017,
  "trade_log_return_realized_volatility": 1114.872860699892,
  "trade_seconds_in_bucket_count_unique": 313.6352283358574,
  "trade_size_sum": 98.40747906267643,
  "trade_order_count_mean": 207.78423419594765,
  "trade_log_return_realized_volatility_450": 1010.8717461973429,
  "trade_seconds_in_bucket_count_unique_450": 341.42133527994156,
  "trade_size_sum_450": 106.02102878689766,
  "trade_order_count_mean_450": 186.23223285377026,
  "trade_log_return_realized_volatility_300": 281.82351353764534,
  "trade_seconds_in_bucket_count_unique_300": 248.05201230943203,
  "trade_size_sum_300": 97.59481316804886,
  "trade_order_count_mean_300": 192.66426542401314,
  "trade_log_return_realized_volatility_150": 273.2142234444618,
  "trade_seconds_in_bucket_count_unique_150": 247.30625063180923,
  "trade_size_sum_150": 117.60938353836536,
  "trade_order_count_mean_150": 180.8225371390581,
  "log_return1_realized_volatility_mean_stock": 358.37203635275364,
  "log_return1_realized_volatility_std_stock": 33.47735086083412,
  "log_return1_realized_volatility_max_stock": 12.723995938897133,
  "log_return1_realized_volatility_min_stock": 39.948687985539436,
  "log_return2_realized_volatility_mean_stock": 233.06366530060768,
  "log_return2_realized_volatility_std_stock": 44.53353729844093,
  "log_return2_realized_volatility_max_stock": 15.048320934176445,
  "log_return2_realized_volatility_min_stock": 50.02087236940861,
  "log_return1_realized_volatility_450_mean_stock": 592.9830437451601,
  "log_return1_realized_volatility_450_std_stock": 28.698693335056305,
  "log_return1_realized_volatility_450_max_stock": 14.992869019508362,
  "log_return1_realized_volatility_450_min_stock": 22.23929987847805,
  "log_return2_realized_volatility_450_mean_stock": 86.02167835831642,
  "log_return2_realized_volatility_450_std_stock": 36.616680175065994,
  "log_return2_realized_volatility_450_max_stock": 21.845992922782898,
  "log_return2_realized_volatility_450_min_stock": 19.004986807703972,
  "log_return1_realized_volatility_300_mean_stock": 237.05563631653786,
  "log_return1_realized_volatility_300_std_stock": 23.279480755329132,
  "log_return1_realized_volatility_300_max_stock": 15.507073983550072,
  "log_return1_realized_volatility_300_min_stock": 23.583228021860123,
  "log_return2_realized_volatility_300_mean_stock": 47.6375430226326,