{
  "stock_id": 12678.620156273246,
  "wap1_sum": 104.60337594151497,
  "wap1_mean": 73.76256641745567,
  "wap1_std": 69.03076258301735,
  "wap2_sum": 32.47756579518318,
  "wap2_mean": 46.67956072092056,
  "wap2_std": 72.02998685836792,
  "log_return1_sum": 74.05701860785484,
  "log_return1_realized_volatility": 262111.9541669786,
  "log_return1_mean": 60.8921779692173,
  "log_return1_std": 364.0437355041504,
  "log_return2_sum": 133.66029930114746,
  "log_return2_realized_volatility": 9959.323667019606,
  "log_return2_mean": 59.91449120640755,
  "log_return2_std": 69.05558201670647,
  "wap_balance_sum": 341.7739505767822,
  "wap_balance_mean": 79.30313703417778,
  "wap_balance_std": 109.17079570889473,
  "price_spread_sum": 959.0229553133249,
  "price_spread_mean": 968.215921074152,
  "price_spread_std": 136.8436279296875,
  "bid_spread_sum": 50.85396137833595,
  "bid_spread_mean": 60.89172676205635,
  "bid_spread_std": 73.40858471393585,
  "ask_spread_sum": 46.41625213623047,
  "ask_spread_mean": 414.4226144850254,
  "ask_spread_std": 56.9149611890316,
  "total_volume_sum": 80.24950402975082,
  "total_volume_mean": 248.2055897116661,
  "total_volume_std": 257.5287081003189,
  "volume_imbalance_sum": 28.827816009521484,
  "volume_imbalance_mean": 1206.4499176740646,
  "volume_imbalance_std": 731.0553149580956,
  "wap1_sum_450": 76.83001086115837,
  "wap1_mean_450": 63.77982810139656,
  "wap1_std_450": 172.78442776203156,
  "wap2_sum_450": 14.13528624176979,
  "wap2_mean_450": 106.728933095932,
  "wap2_std_450": 250.37785679101944,
  "log_return1_sum_450": 70.63345870375633,
  "log_return1_realized_volatility_450": 1099.8144651055336,
  "log_return1_mean_450": 50.89133194088936,
  "log_return1_std_450": 667.2652016580105,
  "log_return2_sum_450": 71.55833899974823,
  "log_return2_realized_volatility_450": 2431.4623894393444,
  "log_return2_mean_450": 59.37852716445923,
  "log_return2_std_450": 132.55047339200974,
  "wap_balance_sum_450": 103.05265599489212,
  "wap_balance_mean_450": 71.91264480352402,
  "wap_balance_std_450": 111.6783618927002,
  "price_spread_sum_450": 323.5219056904316,
  "price_spread_mean_450": 250.19566863775253,
  "price_spread_std_450": 62.99453002214432,
  "bid_spread_sum_450": 45.08545997738838,
  "bid_spread_mean_450": 59.34371593594551,
  "bid_spread_std_450": 67.06308823823929,
  "ask_spread_sum_450": 37.43607398867607,
  "ask_spread_mean_450": 795.2560335695744,
  "ask_spread_std_450": 64.90557461977005,
  "total_volume_sum_450": 80.40999993681908,
  "total_volume_mean_450": 63.759786397218704,
  "total_volume_std_450": 62.91464212536812,
  "volume_imbalance_sum_450": 44.84613497555256,
  "volume_imbalance_mean_450": 61.87858805060387,
  "volume_imbalance_std_450": 47.273659974336624,
  "wap1_sum_300": 69.44580835103989,
  "wap1_mean_300": 25.68050879240036,
  "wap1_std_300": 141.4864544570446,
  "wap2_sum_300": 64.35943523049355,
  "wap2_mean_300": 23.728190064430237,
  "wap2_std_300": 116.78849786520004,
  "log_return1_sum_300": 75.57922974228859,
  "log_return1_realized_volatility_300": 11322.106761306524,
  "log_return1_mean_300": 78.60712304711342,
  "log_return1_std_300": 538.069329470396,
  "log_return2_sum_300": 47.09223094582558,
  "log_return2_realized_volatility_300": 2545.9344080984592,
  "log_return2_mean_300": 60.85232517123222,
  "log_return2_std_300": 67.35838687419891,
  "wap_balance_sum_300": 92.21549698710442,
  "wap_balance_mean_300": 414.3102143108845,
  "wap_balance_std_300": 180.07362696528435,
  "price_spread_sum_300": 1102.188616067171,
  "price_spread_mean_300": 714.6342375874519,
  "price_spread_std_300": 78.73737052083015,
  "bid_spread_sum_300": 40.00699710845947,
  "bid_spread_mean_300": 48.29897093772888,
  "bid_spread_std_300": 77.5408601462841,
  "ask_spread_sum_300": 43.716241121292114,
  "ask_spread_mean_300": 206.2816232740879,
  "ask_spread_std_300": 57.01390105485916,
  "total_volume_sum_300": 60.64672991633415,
  "total_volume_mean_300": 42.091054469347,
  "total_volume_std_300": 133.1263642013073,
  "volume_imbalance_sum_300": 35.7142191529274,
  "volume_imbalance_mean_300": 70.88273772597313,
  "volume_imbalance_std_300": 38.4091480076313,
  "wap1_sum_150": 182.3509256541729,
  "wap1_mean_150": 26.79661700129509,
  "wap1_std_150": 60.654551059007645,
  "wap2_sum_150": 23.924410045146942,
  "wap2_mean_150": 28.686834901571274,
  "wap2_std_150": 88.7500087916851,
  "log_return1_sum_150": 92.24027961492538,
  "log_return1_realized_volatility_150": 60301.42954225838,
  "log_return1_mean_150": 50.72506204247475,
  "log_return1_std_150": 338.23520904779434,
  "log_return2_sum_150": 34.15712609887123,
  "log_return2_realized_volatility_150": 7753.385181725025,
  "log_return2_mean_150": 70.04821702837944,
  "log_return2_std_150": 71.02850937843323,
  "wap_balance_sum_150": 209.7341494858265,
  "wap_balance_mean_150": 71.47934395074844,
  "wap_balance_std_150": 99.27441975474358,
  "price_spread_sum_150": 420.5085563957691,
  "price_spread_mean_150": 142.32132476568222,
  "price_spread_std_150": 69.77138677239418,
  "bid_spread_sum_150": 54.16492202877998,
  "bid_spread_mean_150": 57.33067098259926,
  "bid_spread_std_150": 54.0969141125679,
  "ask_spread_sum_150": 38.71678775548935,
  "ask_spread_mean_150": 54.73677006363869,
  "ask_spread_std_150": 47.46340385079384,
  "total_volume_sum_150": 50.58521240949631,
  "total_volume_mean_150": 44.9661268889904,
  "total_volume_std_150": 44.14997607469559,
  "volume_imbalance_sum_150": 44.55517295002937,
  "volume_imbalance_mean_150": 43.791161209344864,
  "volume_imbalance_std_150": 24.932051092386246,
  "trade_log_return_realized_volatility": 567.9213575124741,
  "trade_seconds_in_bucket_count_unique": 137.70827889442444,
  "trade_size_sum": 95.99961745738983,
  "trade_order_count_mean": 234.2441636621952,
  "trade_log_return_realized_volatility_450": 1608.0457756519318,
  "trade_seconds_in_bucket_count_unique_450": 190.18209198117256,
  "trade_size_sum_450": 102.94394242763519,
  "trade_order_count_mean_450": 149.29945132136345,
  "trade_log_return_realized_volatility_300": 402.8809872865677,
  "trade_seconds_in_bucket_count_unique_300": 195.43243154883385,
  "trade_size_sum_300": 85.17730835080147,
  "trade_order_count_mean_300": 125.27118143439293,
  "trade_log_return_realized_volatility_150": 260.9126961827278,
  "trade_seconds_in_bucket_count_unique_150": 116.57873964309692,
  "trade_size_sum_150": 79.72885063290596,
  "trade_order_count_mean_150": 103.00917395949364,
  "log_return1_realized_volatility_mean_stock": 195.16649091243744,
  "log_return1_realized_volatility_std_stock": 24.56152856349945,
  "log_return1_realized_volatility_max_stock": 4.747870981693268,
  "log_return1_realized_volatility_min_stock": 79.7968221604824,
  "log_return2_realized_volatility_mean_stock": 33.157439827919006,
  "log_return2_realized_volatility_std_stock": 12.321845024824142,
  "log_return2_realized_volatility_max_stock": 7.8566800355911255,
  "log_return2_realized_volatility_min_stock": 42.681067287921906,
  "log_return1_realized_volatility_450_mean_stock": 457.12514463067055,
  "log_return1_realized_volatility_450_std_stock": 3.8933440148830414,
  "log_return1_realized_volatility_450_max_stock": 4.180904924869537,
  "log_return1_realized_volatility_450_min_stock": 9.174300879240036,
  "log_return2_realized_volatility_450_mean_stock": 27.10905361175537,
  "log_return2_realized_volatility_450_std_stock": 12.316154420375824,
  "log_return2_realized_volatility_450_max_stock": 7.6515688598155975,
  "log_return2_realized_volatility_450_min_stock": 5.567129880189896,
  "log_return1_realized_volatility_300_mean_stock": 10.036999702453613,
  "log_return1_realized_volatility_300_std_stock": 0.0,
  "log_return1_realized_volatility_300_max_stock": 8.651034027338028,
  "log_return1_realized_volatility_300_min_stock": 7.935075908899307,
  "log_return2_realized_volatility_300_mean_stock": 1.2684400081634521,