{
  "stock_id": 9427.758155152202,
  "wap1_sum": 168.98607349395752,
  "wap1_mean": 79.85022535920143,
  "wap1_std": 96.27130807936192,
  "wap2_sum": 113.36563909053802,
  "wap2_mean": 73.69975998997688,
  "wap2_std": 126.00247456133366,
  "log_return1_sum": 115.25934074819088,
  "log_return1_realized_volatility": 95657.31769150496,
  "log_return1_mean": 90.01221573352814,
  "log_return1_std": 2567.6452201902866,
  "log_return2_sum": 114.17754471302032,
  "log_return2_realized_volatility": 18556.448438689113,
  "log_return2_mean": 92.93553972244263,
  "log_return2_std": 124.74754559993744,
  "wap_balance_sum": 579.2072071433067,
  "wap_balance_mean": 209.4689127355814,
  "wap_balance_std": 141.43439362943172,
  "price_spread_sum": 1365.2626785486937,
  "price_spread_mean": 930.0085546672344,
  "price_spread_std": 182.23025799542665,
  "bid_spread_sum": 112.02275775372982,
  "bid_spread_mean": 1347.9434248059988,
  "bid_spread_std": 118.76990827918053,
  "ask_spread_sum": 74.73400019109249,
  "ask_spread_mean": 1177.972474321723,
  "ask_spread_std": 107.05270855128765,
  "total_volume_sum": 253.61107973754406,
  "total_volume_mean": 287.5990894585848,
  "total_volume_std": 232.35654117166996,
  "volume_imbalance_sum": 64.90015515685081,
  "volume_imbalance_mean": 516.3654747456312,
  "volume_imbalance_std": 163.17970068752766,
  "wap1_sum_450": 125.41671048104763,
  "wap1_mean_450": 89.87359742820263,
  "wap1_std_450": 227.42817080020905,
  "wap2_sum_450": 67.99733401089907,
  "wap2_mean_450": 110.41819517314434,
  "wap2_std_450": 265.47031942009926,
  "log_return1_sum_450": 82.30698904395103,
  "log_return1_realized_volatility_450": 1182.089091092348,
  "log_return1_mean_450": 110.77412696182728,
  "log_return1_std_450": 478.0691020488739,
  "log_return2_sum_450": 110.31774292886257,
  "log_return2_realized_volatility_450": 9390.260683402419,
  "log_return2_mean_450": 105.96157595515251,
  "log_return2_std_450": 152.80819502472878,
  "wap_balance_sum_450": 187.11121003329754,
  "wap_balance_mean_450": 102.49341613054276,
  "wap_balance_std_450": 113.81197892129421,
  "price_spread_sum_450": 368.76194851100445,
  "price_spread_mean_450": 588.4165730550885,
  "price_spread_std_450": 116.32367245852947,
  "bid_spread_sum_450": 78.26233932375908,
  "bid_spread_mean_450": 116.99047926068306,
  "bid_spread_std_450": 107.25564514100552,
  "ask_spread_sum_450": 83.49551713466644,
  "ask_spread_mean_450": 851.1665162742138,
  "ask_spread_std_450": 95.39445316791534,
  "total_volume_sum_450": 141.05503027141094,
  "total_volume_mean_450": 197.33787243068218,
  "total_volume_std_450": 96.30409303307533,
  "volume_imbalance_sum_450": 90.52674953639507,
  "volume_imbalance_mean_450": 71.80021603405476,
  "volume_imbalance_std_450": 82.73768818378448,
  "wap1_sum_300": 88.27743743360043,
  "wap1_mean_300": 84.46509404480457,
  "wap1_std_300": 139.79652187228203,
  "wap2_sum_300": 69.25176918506622,
  "wap2_mean_300": 59.0310989767313,
  "wap2_std_300": 128.5572875738144,
  "log_return1_sum_300": 89.90202966332436,
  "log_return1_realized_volatility_300": 21650.732928819954,
  "log_return1_mean_300": 109.25011886656284,
  "log_return1_std_300": 613.4990349113941,
  "log_return2_sum_300": 90.35519462823868,
  "log_return2_realized_volatility_300": 2203.9277780652046,
  "log_return2_mean_300": 97.83826944231987,
  "log_return2_std_300": 96.89000916481018,
  "wap_balance_sum_300": 247.27076737582684,
  "wap_balance_mean_300": 439.13451842963696,
  "wap_balance_std_300": 120.41752082109451,
  "price_spread_sum_300": 1352.6380469202995,
  "price_spread_mean_300": 1438.4344046115875,
  "price_spread_std_300": 107.50087402760983,
  "bid_spread_sum_300": 69.96113005280495,
  "bid_spread_mean_300": 116.66352862119675,
  "bid_spread_std_300": 88.07994602620602,
  "ask_spread_sum_300": 88.746083304286,
  "ask_spread_mean_300": 106.55348506569862,
  "ask_spread_std_300": 118.10951785743237,
  "total_volume_sum_300": 101.54866972565651,
  "total_volume_mean_300": 95.23071046173573,
  "total_volume_std_300": 115.28069472312927,
  "volume_imbalance_sum_300": 70.21629409492016,
  "volume_imbalance_mean_300": 81.24900901317596,
  "volume_imbalance_std_300": 57.71804814040661,
  "wap1_sum_150": 89.69275006651878,
  "wap1_mean_150": 86.10612313449383,
  "wap1_std_150": 81.00567588210106,
  "wap2_sum_150": 99.56466229259968,
  "wap2_mean_150": 61.922994032502174,
  "wap2_std_150": 108.51930239796638,
  "log_return1_sum_150": 78.85402895510197,
  "log_return1_realized_volatility_150": 247287.50819583237,
  "log_return1_mean_150": 97.21385107934475,
  "log_return1_std_150": 198.26931624114513,
  "log_return2_sum_150": 74.80916829407215,
  "log_return2_realized_volatility_150": 9173.256166294217,
  "log_return2_mean_150": 83.43359316885471,
  "log_return2_std_150": 123.80883668363094,
  "wap_balance_sum_150": 269.8644147962332,
  "wap_balance_mean_150": 154.47985987365246,
  "wap_balance_std_150": 117.79406321048737,
  "price_spread_sum_150": 348.6834771037102,
  "price_spread_mean_150": 975.7190692126751,
  "price_spread_std_150": 96.44921426475048,
  "bid_spread_sum_150": 82.52198003232479,
  "bid_spread_mean_150": 73.47410011291504,
  "bid_spread_std_150": 115.47019712626934,
  "ask_spread_sum_150": 72.2714813053608,
  "ask_spread_mean_150": 87.69019588828087,
  "ask_spread_std_150": 85.05356584489346,
  "total_volume_sum_150": 106.82947079837322,
  "total_volume_mean_150": 106.8436270058155,
  "total_volume_std_150": 106.47257447242737,
  "volume_imbalance_sum_150": 60.77537280321121,
  "volume_imbalance_mean_150": 401.38680297136307,
  "volume_imbalance_std_150": 100.29666601121426,
  "trade_log_return_realized_volatility": 3470.037065513432,
  "trade_seconds_in_bucket_count_unique": 507.61810180544853,
  "trade_size_sum": 120.25886385142803,
  "trade_order_count_mean": 283.37772768735886,
  "trade_log_return_realized_volatility_450": 872.9373340457678,
  "trade_seconds_in_bucket_count_unique_450": 374.10360546410084,
  "trade_size_sum_450": 140.3603496402502,
  "trade_order_count_mean_450": 214.9238802343607,
  "trade_log_return_realized_volatility_300": 367.5368427783251,
  "trade_seconds_in_bucket_count_unique_300": 291.3671932518482,
  "trade_size_sum_300": 165.2911256402731,
  "trade_order_count_mean_300": 184.80989004671574,
  "trade_log_return_realized_volatility_150": 197.91410179436207,
  "trade_seconds_in_bucket_count_unique_150": 245.57412101328373,
  "trade_size_sum_150": 146.68146048486233,
  "trade_order_count_mean_150": 219.31462162733078,
  "log_return1_realized_volatility_mean_stock": 430.96971967816353,
  "log_return1_realized_volatility_std_stock": 41.41041608154774,
  "log_return1_realized_volatility_max_stock": 16.195763990283012,
  "log_return1_realized_volatility_min_stock": 83.91328327357769,
  "log_return2_realized_volatility_mean_stock": 171.6202736645937,
  "log_return2_realized_volatility_std_stock": 50.672189027071,
  "log_return2_realized_volatility_max_stock": 29.22906583547592,
  "log_return2_realized_volatility_min_stock": 101.03970335423946,
  "log_return1_realized_volatility_450_mean_stock": 769.5857917368412,
  "log_return1_realized_volatility_450_std_stock": 52.9185102134943,
  "log_return1_realized_volatility_450_max_stock": 34.22698999941349,
  "log_return1_realized_volatility_450_min_stock": 29.5154629945755,
  "log_return2_realized_volatility_450_mean_stock": 168.7342826128006,
  "log_return2_realized_volatility_450_std_stock": 50.68294243514538,
  "log_return2_realized_volatility_450_max_stock": 28.975324004888535,
  "log_return2_realized_volatility_450_min_stock": 19.462325125932693,
  "log_return1_realized_volatility_300_mean_stock": 262.16995829343796,
  "log_return1_realized_volatility_300_std_stock": 25.156976863741875,
  "log_return1_realized_volatility_300_max_stock": 26.64191111922264,
  "log_return1_realized_volatility_300_min_stock": 74.34769892692566,
  "log_return2_realized_volatility_300_mean_stock": 110.38794361054897,