{
  "stock_id": 10551.28451038897,
  "wap1_sum": 138.73501299321651,
  "wap1_mean": 71.48652459681034,
  "wap1_std": 71.11398405581713,
  "wap2_sum": 83.55169288814068,
  "wap2_mean": 49.29107365012169,
  "wap2_std": 66.96038807928562,
  "log_return1_sum": 110.36537344753742,
  "log_return1_realized_volatility": 96178.58505405486,
  "log_return1_mean": 59.24787376821041,
  "log_return1_std": 165.03928726911545,
  "log_return2_sum": 128.04891593754292,
  "log_return2_realized_volatility": 26523.01450152695,
  "log_return2_mean": 61.7756631821394,
  "log_return2_std": 69.59699487686157,
  "wap_balance_sum": 288.438473880291,
  "wap_balance_mean": 116.98634986579418,
  "wap_balance_std": 84.53079834580421,
  "price_spread_sum": 1110.766903847456,
  "price_spread_mean": 1252.884816326201,
  "price_spread_std": 180.17585326731205,
  "bid_spread_sum": 69.47139298915863,
  "bid_spread_mean": 1868.7687158584595,
  "bid_spread_std": 82.36852168291807,
  "ask_spread_sum": 61.78284491598606,
  "ask_spread_mean": 1169.9788528233767,
  "ask_spread_std": 73.73738418519497,
  "total_volume_sum": 290.17262249439955,
  "total_volume_mean": 196.09414350241423,
  "total_volume_std": 230.90560846030712,
  "volume_imbalance_sum": 61.46066877245903,
  "volume_imbalance_mean": 480.69074714928865,
  "volume_imbalance_std": 223.61076191067696,
  "wap1_sum_450": 76.82269261777401,
  "wap1_mean_450": 75.64516255259514,
  "wap1_std_450": 298.44848100841045,
  "wap2_sum_450": 58.31476188451052,
  "wap2_mean_450": 152.85796251893044,
  "wap2_std_450": 182.82502026855946,
  "log_return1_sum_450": 99.83459439873695,
  "log_return1_realized_volatility_450": 884.0820491909981,
  "log_return1_mean_450": 69.85658027231693,
  "log_return1_std_450": 256.2978578135371,
  "log_return2_sum_450": 77.30967077612877,
  "log_return2_realized_volatility_450": 9836.572719171643,
  "log_return2_mean_450": 75.32184967398643,
  "log_return2_std_450": 104.99250714480877,
  "wap_balance_sum_450": 137.00097020715475,
  "wap_balance_mean_450": 339.4301633089781,
  "wap_balance_std_450": 89.94761082530022,
  "price_spread_sum_450": 454.3808097988367,
  "price_spread_mean_450": 1024.0466961115599,
  "price_spread_std_450": 80.68894492834806,
  "bid_spread_sum_450": 62.500867173075676,
  "bid_spread_mean_450": 71.89945371448994,
  "bid_spread_std_450": 90.44045535475016,
  "ask_spread_sum_450": 61.929763093590736,
  "ask_spread_mean_450": 776.305920496583,
  "ask_spread_std_450": 84.05289313197136,
  "total_volume_sum_450": 236.71519412845373,
  "total_volume_mean_450": 82.28071630746126,
  "total_volume_std_450": 81.6416512876749,
  "volume_imbalance_sum_450": 56.13687610626221,
  "volume_imbalance_mean_450": 66.72987923026085,
  "volume_imbalance_std_450": 48.926891058683395,
  "wap1_sum_300": 86.68553021550179,
  "wap1_mean_300": 43.84733313322067,
  "wap1_std_300": 128.9958236888051,
  "wap2_sum_300": 54.66512033343315,
  "wap2_mean_300": 43.36654105782509,
  "wap2_std_300": 98.46500217914581,
  "log_return1_sum_300": 76.42683751136065,
  "log_return1_realized_volatility_300": 7942.937558710575,
  "log_return1_mean_300": 74.58412036299706,
  "log_return1_std_300": 741.8939137160778,
  "log_return2_sum_300": 56.81635028868914,
  "log_return2_realized_volatility_300": 2661.4150481522083,
  "log_return2_mean_300": 88.75490480661392,
  "log_return2_std_300": 109.15498619526625,
  "wap_balance_sum_300": 90.32925561070442,
  "wap_balance_mean_300": 575.3506738245487,
  "wap_balance_std_300": 91.83263996988535,
  "price_spread_sum_300": 1343.314357586205,
  "price_spread_mean_300": 1478.6188026815653,
  "price_spread_std_300": 82.41240239143372,
  "bid_spread_sum_300": 45.662245973944664,
  "bid_spread_mean_300": 51.128319934010506,
  "bid_spread_std_300": 55.58342998474836,
  "ask_spread_sum_300": 52.81228394806385,
  "ask_spread_mean_300": 70.28630729019642,
  "ask_spread_std_300": 77.39630270004272,
  "total_volume_sum_300": 54.15555442124605,
  "total_volume_mean_300": 45.9493046477437,
  "total_volume_std_300": 68.94296519458294,
  "volume_imbalance_sum_300": 51.962114699184895,
  "volume_imbalance_mean_300": 225.00233145058155,
  "volume_imbalance_std_300": 53.588390201330185,
  "wap1_sum_150": 82.17820756137371,
  "wap1_mean_150": 51.037832014262676,
  "wap1_std_150": 70.28240033984184,
  "wap2_sum_150": 63.58525498956442,
  "wap2_mean_150": 41.17696696519852,
  "wap2_std_150": 69.29868394136429,
  "log_return1_sum_150": 85.12631984055042,
  "log_return1_realized_volatility_150": 264288.51282615215,
  "log_return1_mean_150": 64.05893681943417,
  "log_return1_std_150": 648.032412648201,
  "log_return2_sum_150": 42.43469876796007,
  "log_return2_realized_volatility_150": 8835.999339349568,
  "log_return2_mean_150": 56.20693790912628,
  "log_return2_std_150": 120.85001819580793,
  "wap_balance_sum_150": 226.85576076805592,
  "wap_balance_mean_150": 113.21703843772411,
  "wap_balance_std_150": 79.01065434515476,
  "price_spread_sum_150": 86.08036691695452,
  "price_spread_mean_150": 124.26040264964104,
  "price_spread_std_150": 101.4678419008851,
  "bid_spread_sum_150": 58.59278228878975,
  "bid_spread_mean_150": 61.774412989616394,
  "bid_spread_std_150": 65.01924124360085,
  "ask_spread_sum_150": 63.36286203563213,
  "ask_spread_mean_150": 81.44266806542873,
  "ask_spread_std_150": 68.96855464577675,
  "total_volume_sum_150": 80.63244308531284,
  "total_volume_mean_150": 69.25693260133266,
  "total_volume_std_150": 90.1188236773014,
  "volume_imbalance_sum_150": 68.9843817949295,
  "volume_imbalance_mean_150": 155.0301813930273,
  "volume_imbalance_std_150": 36.933498084545135,
  "trade_log_return_realized_volatility": 2213.46716055274,
  "trade_seconds_in_bucket_count_unique": 245.3000471368432,
  "trade_size_sum": 89.42541772127151,
  "trade_order_count_mean": 155.10249538719654,
  "trade_log_return_realized_volatility_450": 2105.8481311425567,
  "trade_seconds_in_bucket_count_unique_450": 248.48284304887056,
  "trade_size_sum_450": 161.04034589231014,
  "trade_order_count_mean_450": 150.49890434741974,
  "trade_log_return_realized_volatility_300": 645.7656537890434,
  "trade_seconds_in_bucket_count_unique_300": 151.9466084241867,
  "trade_size_sum_300": 92.01546686887741,
  "trade_order_count_mean_300": 223.72771866619587,
  "trade_log_return_realized_volatility_150": 118.50308275967836,
  "trade_seconds_in_bucket_count_unique_150": 135.56711375713348,
  "trade_size_sum_150": 107.48891106247902,
  "trade_order_count_mean_150": 115.8958338201046,
  "log_return1_realized_volatility_mean_stock": 442.0522459000349,
  "log_return1_realized_volatility_std_stock": 52.20624032616615,
  "log_return1_realized_volatility_max_stock": 20.08179607987404,
  "log_return1_realized_volatility_min_stock": 220.06680588424206,
  "log_return2_realized_volatility_mean_stock": 79.49241241812706,
  "log_return2_realized_volatility_std_stock": 13.65911416709423,
  "log_return2_realized_volatility_max_stock": 22.392528116703033,
  "log_return2_realized_volatility_min_stock": 83.37338981032372,
  "log_return1_realized_volatility_450_mean_stock": 935.4105803966522,
  "log_return1_realized_volatility_450_std_stock": 70.2187973856926,
  "log_return1_realized_volatility_450_max_stock": 20.331198170781136,
  "log_return1_realized_volatility_450_min_stock": 24.062744066119194,
  "log_return2_realized_volatility_450_mean_stock": 121.69024795293808,
  "log_return2_realized_volatility_450_std_stock": 14.613069131970406,
  "log_return2_realized_volatility_450_max_stock": 19.72963596880436,
  "log_return2_realized_volatility_450_min_stock": 24.43227683007717,
  "log_return1_realized_volatility_300_mean_stock": 820.2443246692419,
  "log_return1_realized_volatility_300_std_stock": 12.852687925100327,
  "log_return1_realized_volatility_300_max_stock": 12.367042943835258,
  "log_return1_realized_volatility_300_min_stock": 17.914489030838013,
  "log_return2_realized_volatility_300_mean_stock": 58.1894770860672,