{
  "stock_id": 9766.217633999884,
  "wap1_sum": 143.8343603760004,
  "wap1_mean": 76.62101197242737,
  "wap1_std": 83.49981577694416,
  "wap2_sum": 134.33760304749012,
  "wap2_mean": 77.11069795489311,
  "wap2_std": 95.18132807314396,
  "log_return1_sum": 95.80439594388008,
  "log_return1_realized_volatility": 96920.0161063075,
  "log_return1_mean": 93.76808872818947,
  "log_return1_std": 2440.144699499011,
  "log_return2_sum": 108.1505022495985,
  "log_return2_realized_volatility": 19079.81122854352,
  "log_return2_mean": 85.76017051935196,
  "log_return2_std": 86.78053437173367,
  "wap_balance_sum": 509.07580302655697,
  "wap_balance_mean": 206.12852482497692,
  "wap_balance_std": 146.72888614237309,
  "price_spread_sum": 1206.8782739192247,
  "price_spread_mean": 912.10230666399,
  "price_spread_std": 174.23746900260448,
  "bid_spread_sum": 96.08729663491249,
  "bid_spread_mean": 1353.1646736115217,
  "bid_spread_std": 108.11156299710274,
  "ask_spread_sum": 68.4722890406847,
  "ask_spread_mean": 1267.5156980454922,
  "ask_spread_std": 114.77823404967785,
  "total_volume_sum": 291.157445050776,
  "total_volume_mean": 258.26520316302776,
  "total_volume_std": 282.6178119033575,
  "volume_imbalance_sum": 43.17706985771656,
  "volume_imbalance_mean": 1329.1244450062513,
  "volume_imbalance_std": 132.69167205691338,
  "wap1_sum_450": 104.07672066986561,
  "wap1_mean_450": 70.19573429971933,
  "wap1_std_450": 202.16452446579933,
  "wap2_sum_450": 66.35907623171806,
  "wap2_mean_450": 114.82108452916145,
  "wap2_std_450": 301.1426475942135,
  "log_return1_sum_450": 88.6533645838499,
  "log_return1_realized_volatility_450": 1165.715562298894,
  "log_return1_mean_450": 96.96003969013691,
  "log_return1_std_450": 558.1731099635363,
  "log_return2_sum_450": 103.06777922809124,
  "log_return2_realized_volatility_450": 9445.099407352507,
  "log_return2_mean_450": 109.51393374800682,
  "log_return2_std_450": 125.54748539626598,
  "wap_balance_sum_450": 197.19927389919758,
  "wap_balance_mean_450": 121.44352422654629,
  "wap_balance_std_450": 143.80175258219242,
  "price_spread_sum_450": 422.3814535662532,
  "price_spread_mean_450": 622.730188831687,
  "price_spread_std_450": 120.49366708099842,
  "bid_spread_sum_450": 111.08342072367668,
  "bid_spread_mean_450": 98.28179247677326,
  "bid_spread_std_450": 97.50390869379044,
  "ask_spread_sum_450": 81.86740793287754,
  "ask_spread_mean_450": 1006.2373205721378,
  "ask_spread_std_450": 76.23382139205933,
  "total_volume_sum_450": 79.9935892522335,
  "total_volume_mean_450": 217.37280540168285,
  "total_volume_std_450": 85.82385264337063,
  "volume_imbalance_sum_450": 64.22490705549717,
  "volume_imbalance_mean_450": 82.76358819007874,
  "volume_imbalance_std_450": 75.55943103134632,
  "wap1_sum_300": 102.9002773463726,
  "wap1_mean_300": 86.50481879711151,
  "wap1_std_300": 141.38036447763443,
  "wap2_sum_300": 81.13589629530907,
  "wap2_mean_300": 52.11606627702713,
  "wap2_std_300": 140.86769783496857,
  "log_return1_sum_300": 97.86462796479464,
  "log_return1_realized_volatility_300": 22363.97364526242,
  "log_return1_mean_300": 115.96102264523506,
  "log_return1_std_300": 689.7114965319633,
  "log_return2_sum_300": 81.29875883460045,
  "log_return2_realized_volatility_300": 2628.459073677659,
  "log_return2_mean_300": 92.18237417936325,
  "log_return2_std_300": 142.47665172815323,
  "wap_balance_sum_300": 186.47853042185307,
  "wap_balance_mean_300": 374.97422382235527,
  "wap_balance_std_300": 87.04862077534199,
  "price_spread_sum_300": 1029.7584158331156,
  "price_spread_mean_300": 696.0559543967247,
  "price_spread_std_300": 82.19716086983681,
  "bid_spread_sum_300": 63.879617139697075,
  "bid_spread_mean_300": 99.49672283232212,
  "bid_spread_std_300": 83.82932667434216,
  "ask_spread_sum_300": 65.79614396393299,
  "ask_spread_mean_300": 88.90576604008675,
  "ask_spread_std_300": 84.5148964971304,
  "total_volume_sum_300": 82.79333850741386,
  "total_volume_mean_300": 181.63741865754128,
  "total_volume_std_300": 105.94177792966366,
  "volume_imbalance_sum_300": 103.24554684758186,
  "volume_imbalance_mean_300": 86.899673178792,
  "volume_imbalance_std_300": 57.01725406944752,
  "wap1_sum_150": 98.87632478028536,
  "wap1_mean_150": 63.85094691812992,
  "wap1_std_150": 71.89584176242352,
  "wap2_sum_150": 73.22884196043015,
  "wap2_mean_150": 55.03027504682541,
  "wap2_std_150": 137.78222720324993,
  "log_return1_sum_150": 83.42021913826466,
  "log_return1_realized_volatility_150": 253017.50615573674,
  "log_return1_mean_150": 88.44530014693737,
  "log_return1_std_150": 442.6616902798414,
  "log_return2_sum_150": 63.87043698132038,
  "log_return2_realized_volatility_150": 8983.424338042736,
  "log_return2_mean_150": 78.24761055409908,
  "log_return2_std_150": 74.00338426232338,
  "wap_balance_sum_150": 386.38823218643665,
  "wap_balance_mean_150": 126.7785022109747,
  "wap_balance_std_150": 104.59737974405289,
  "price_spread_sum_150": 473.4562805891037,
  "price_spread_mean_150": 1007.4135177880526,
  "price_spread_std_150": 95.31397089362144,
  "bid_spread_sum_150": 58.85031604766846,
  "bid_spread_mean_150": 85.63962791860104,
  "bid_spread_std_150": 84.11810837686062,
  "ask_spread_sum_150": 82.7610165476799,
  "ask_spread_mean_150": 88.19825120270252,
  "ask_spread_std_150": 81.46224173903465,
  "total_volume_sum_150": 87.14770002663136,
  "total_volume_mean_150": 94.55675384402275,
  "total_volume_std_150": 109.58845749497414,
  "volume_imbalance_sum_150": 63.78332206606865,
  "volume_imbalance_mean_150": 373.531282171607,
  "volume_imbalance_std_150": 63.74477060139179,
  "trade_log_return_realized_volatility": 3022.042667284608,
  "trade_seconds_in_bucket_count_unique": 479.12752371281385,
  "trade_size_sum": 108.5842218324542,
  "trade_order_count_mean": 317.1348016485572,
  "trade_log_return_realized_volatility_450": 944.5244022905827,
  "trade_seconds_in_bucket_count_unique_450": 235.46769097447395,
  "trade_size_sum_450": 133.0238348543644,
  "trade_order_count_mean_450": 189.38235613703728,
  "trade_log_return_realized_volatility_300": 881.7410410195589,
  "trade_seconds_in_bucket_count_unique_300": 296.3360625728965,
  "trade_size_sum_300": 142.15809178352356,
  "trade_order_count_mean_300": 153.73102598637342,
  "trade_log_return_realized_volatility_150": 215.64008285105228,
  "trade_seconds_in_bucket_count_unique_150": 181.20781940221786,
  "trade_size_sum_150": 113.60788784176111,
  "trade_order_count_mean_150": 208.2881218791008,
  "log_return1_realized_volatility_mean_stock": 504.6640577763319,
  "log_return1_realized_volatility_std_stock": 61.345533192157745,
  "log_return1_realized_volatility_max_stock": 20.0013610124588,
  "log_return1_realized_volatility_min_stock": 72.55421164631844,
  "log_return2_realized_volatility_mean_stock": 108.3398552685976,
  "log_return2_realized_volatility_std_stock": 63.294976472854614,
  "log_return2_realized_volatility_max_stock": 27.3404111713171,
  "log_return2_realized_volatility_min_stock": 74.87024775147438,
  "log_return1_realized_volatility_450_mean_stock": 670.2580752968788,
  "log_return1_realized_volatility_450_std_stock": 37.613171741366386,
  "log_return1_realized_volatility_450_max_stock": 21.722712978720665,
  "log_return1_realized_volatility_450_min_stock": 19.389420956373215,
  "log_return2_realized_volatility_450_mean_stock": 156.47643920779228,
  "log_return2_realized_volatility_450_std_stock": 35.808618247509,
  "log_return2_realized_volatility_450_max_stock": 25.889041051268578,
  "log_return2_realized_volatility_450_min_stock": 26.585354402661324,
  "log_return1_realized_volatility_300_mean_stock": 333.24502670764923,
  "log_return1_realized_volatility_300_std_stock": 16.7239760607481,
  "log_return1_realized_volatility_300_max_stock": 23.264593929052353,
  "log_return1_realized_volatility_300_min_stock": 58.08390189707279,
  "log_return2_realized_volatility_300_mean_stock": 71.79880590736866,