{
  "stock_id": 9747.634992271662,
  "wap1_sum": 146.9950684159994,
  "wap1_mean": 72.63875146210194,
  "wap1_std": 102.22023469209671,
  "wap2_sum": 73.47891010344028,
  "wap2_mean": 85.08866494894028,
  "wap2_std": 97.53383928537369,
  "log_return1_sum": 97.82025495171547,
  "log_return1_realized_volatility": 97840.65112254024,
  "log_return1_mean": 80.09769573807716,
  "log_return1_std": 341.03261962532997,
  "log_return2_sum": 70.6898584663868,
  "log_return2_realized_volatility": 23718.083389237523,
  "log_return2_mean": 92.43868060410023,
  "log_return2_std": 77.51162812113762,
  "wap_balance_sum": 503.9719116985798,
  "wap_balance_mean": 221.57843519747257,
  "wap_balance_std": 133.79575979709625,
  "price_spread_sum": 1485.8275288194418,
  "price_spread_mean": 1105.5698971152306,
  "price_spread_std": 160.36875520646572,
  "bid_spread_sum": 69.38023895025253,
  "bid_spread_mean": 1323.2595009356737,
  "bid_spread_std": 110.01433254778385,
  "ask_spread_sum": 64.3830302208662,
  "ask_spread_mean": 1133.8381367325783,
  "ask_spread_std": 98.42446213960648,
  "total_volume_sum": 246.29807855188847,
  "total_volume_mean": 266.5712492913008,
  "total_volume_std": 243.79096002876759,
  "volume_imbalance_sum": 41.786156088113785,
  "volume_imbalance_mean": 741.6617142409086,
  "volume_imbalance_std": 67.86023986339569,
  "wap1_sum_450": 95.715754494071,
  "wap1_mean_450": 71.14519579708576,
  "wap1_std_450": 210.8530054539442,
  "wap2_sum_450": 46.97491317987442,
  "wap2_mean_450": 104.47846242785454,
  "wap2_std_450": 391.8243370652199,
  "log_return1_sum_450": 86.90526087582111,
  "log_return1_realized_volatility_450": 1374.0118064284325,
  "log_return1_mean_450": 93.33217296004295,
  "log_return1_std_450": 290.18455515801907,
  "log_return2_sum_450": 86.01345391571522,
  "log_return2_realized_volatility_450": 9363.744508773088,
  "log_return2_mean_450": 82.72231924533844,
  "log_return2_std_450": 142.72550056874752,
  "wap_balance_sum_450": 163.79539965093136,
  "wap_balance_mean_450": 58.228232964873314,
  "wap_balance_std_450": 116.58266520500183,
  "price_spread_sum_450": 304.21880047023296,
  "price_spread_mean_450": 579.9977675825357,
  "price_spread_std_450": 78.14662307500839,
  "bid_spread_sum_450": 90.96152180433273,
  "bid_spread_mean_450": 80.24603798985481,
  "bid_spread_std_450": 95.22019954025745,
  "ask_spread_sum_450": 53.063793018460274,
  "ask_spread_mean_450": 817.7868069112301,
  "ask_spread_std_450": 66.05519586801529,
  "total_volume_sum_450": 193.16038817167282,
  "total_volume_mean_450": 85.33854073286057,
  "total_volume_std_450": 84.28446939587593,
  "volume_imbalance_sum_450": 53.66651916503906,
  "volume_imbalance_mean_450": 61.63872876763344,
  "volume_imbalance_std_450": 56.774239018559456,
  "wap1_sum_300": 83.55407066643238,
  "wap1_mean_300": 100.93953810632229,
  "wap1_std_300": 136.03724358975887,
  "wap2_sum_300": 67.94400225579739,
  "wap2_mean_300": 64.11836187541485,
  "wap2_std_300": 108.28213569521904,
  "log_return1_sum_300": 68.48820371925831,
  "log_return1_realized_volatility_300": 22271.590435788035,
  "log_return1_mean_300": 97.20178920030594,
  "log_return1_std_300": 547.1436876952648,
  "log_return2_sum_300": 75.06786766648293,
  "log_return2_realized_volatility_300": 2467.078672118485,
  "log_return2_mean_300": 78.43093146383762,
  "log_return2_std_300": 78.4975698441267,
  "wap_balance_sum_300": 128.79942862689495,
  "wap_balance_mean_300": 122.7763447612524,
  "wap_balance_std_300": 92.37633536756039,
  "price_spread_sum_300": 822.5143956243992,
  "price_spread_mean_300": 1229.293577387929,
  "price_spread_std_300": 75.25738427042961,
  "bid_spread_sum_300": 61.69879524409771,
  "bid_spread_mean_300": 71.83731225132942,
  "bid_spread_std_300": 58.35465085506439,
  "ask_spread_sum_300": 50.40980997681618,
  "ask_spread_mean_300": 96.34911894798279,
  "ask_spread_std_300": 76.50675097107887,
  "total_volume_sum_300": 60.82149927318096,
  "total_volume_mean_300": 76.32003000378609,
  "total_volume_std_300": 104.9042212665081,
  "volume_imbalance_sum_300": 53.23817494511604,
  "volume_imbalance_mean_300": 288.78529746830463,
  "volume_imbalance_std_300": 47.743986055254936,
  "wap1_sum_150": 72.01588429510593,
  "wap1_mean_150": 48.10377216339111,
  "wap1_std_150": 67.00470387935638,
  "wap2_sum_150": 51.9168491512537,
  "wap2_mean_150": 37.3402099609375,
  "wap2_std_150": 89.7048071026802,
  "log_return1_sum_150": 76.33287732303143,
  "log_return1_realized_volatility_150": 240659.14598959684,
  "log_return1_mean_150": 80.09630542993546,
  "log_return1_std_150": 244.4446463137865,
  "log_return2_sum_150": 73.4644630253315,
  "log_return2_realized_volatility_150": 10646.273647904396,
  "log_return2_mean_150": 61.553682297468185,
  "log_return2_std_150": 72.02964705228806,
  "wap_balance_sum_150": 320.2930824160576,
  "wap_balance_mean_150": 447.9001460969448,
  "wap_balance_std_150": 112.76105050742626,
  "price_spread_sum_150": 258.82637445628643,
  "price_spread_mean_150": 926.9660355448723,
  "price_spread_std_150": 119.39576482772827,
  "bid_spread_sum_150": 58.89014309644699,
  "bid_spread_mean_150": 71.38450321555138,
  "bid_spread_std_150": 46.272488966584206,
  "ask_spread_sum_150": 65.17331908643246,
  "ask_spread_mean_150": 64.75137883424759,
  "ask_spread_std_150": 57.274837136268616,
  "total_volume_sum_150": 136.50160241127014,
  "total_volume_mean_150": 138.08547934889793,
  "total_volume_std_150": 71.38064502179623,
  "volume_imbalance_sum_150": 52.309943065047264,
  "volume_imbalance_mean_150": 184.59988571703434,
  "volume_imbalance_std_150": 87.47301419079304,
  "trade_log_return_realized_volatility": 2496.9640453755856,
  "trade_seconds_in_bucket_count_unique": 334.80795399844646,
  "trade_size_sum": 115.42972855269909,
  "trade_order_count_mean": 322.1128012686968,
  "trade_log_return_realized_volatility_450": 857.7760783135891,
  "trade_seconds_in_bucket_count_unique_450": 239.9296858459711,
  "trade_size_sum_450": 116.03915652632713,
  "trade_order_count_mean_450": 162.16292048990726,
  "trade_log_return_realized_volatility_300": 283.1875118166208,
  "trade_seconds_in_bucket_count_unique_300": 250.30275328457355,
  "trade_size_sum_300": 163.87532022595406,
  "trade_order_count_mean_300": 153.8817573338747,
  "trade_log_return_realized_volatility_150": 233.94365146756172,
  "trade_seconds_in_bucket_count_unique_150": 176.89292539656162,
  "trade_size_sum_150": 144.38751293718815,
  "trade_order_count_mean_150": 179.6862146705389,
  "log_return1_realized_volatility_mean_stock": 447.49878749251366,
  "log_return1_realized_volatility_std_stock": 35.54394891858101,
  "log_return1_realized_volatility_max_stock": 20.464322790503502,
  "log_return1_realized_volatility_min_stock": 69.08641801774502,
  "log_return2_realized_volatility_mean_stock": 94.63159964978695,
  "log_return2_realized_volatility_std_stock": 76.4462064653635,
  "log_return2_realized_volatility_max_stock": 26.083986848592758,
  "log_return2_realized_volatility_min_stock": 64.79823210835457,
  "log_return1_realized_volatility_450_mean_stock": 697.9169092476368,
  "log_return1_realized_volatility_450_std_stock": 46.2328095138073,
  "log_return1_realized_volatility_450_max_stock": 14.134552001953125,
  "log_return1_realized_volatility_450_min_stock": 17.542599961161613,
  "log_return2_realized_volatility_450_mean_stock": 145.87537971138954,
  "log_return2_realized_volatility_450_std_stock": 43.734937861561775,
  "log_return2_realized_volatility_450_max_stock": 27.642866790294647,
  "log_return2_realized_volatility_450_min_stock": 18.392980083823204,
  "log_return1_realized_volatility_300_mean_stock": 289.79423227906227,
  "log_return1_realized_volatility_300_std_stock": 20.2710167914629,
  "log_return1_realized_volatility_300_max_stock": 10.505995005369186,
  "log_return1_realized_volatility_300_min_stock": 49.75253550708294,
  "log_return2_realized_volatility_300_mean_stock": 201.76835051178932,