{
  "stock_id": 7982.2512874901295,
  "wap1_sum": 128.7131808102131,
  "wap1_mean": 73.59094792604446,
  "wap1_std": 125.64982855319977,
  "wap2_sum": 76.18918088078499,
  "wap2_mean": 88.40921783447266,
  "wap2_std": 140.69098621606827,
  "log_return1_sum": 93.54599669575691,
  "log_return1_realized_volatility": 112593.92574244738,
  "log_return1_mean": 111.32682192325592,
  "log_return1_std": 895.7288748919964,
  "log_return2_sum": 109.89344646036625,
  "log_return2_realized_volatility": 14143.727038830519,
  "log_return2_mean": 116.00521785020828,
  "log_return2_std": 94.53914448618889,
  "wap_balance_sum": 536.3877753317356,
  "wap_balance_mean": 156.63717195391655,
  "wap_balance_std": 237.43240255117416,
  "price_spread_sum": 617.9327964484692,
  "price_spread_mean": 628.2943483889103,
  "price_spread_std": 178.77392503619194,
  "bid_spread_sum": 87.97583091259003,
  "bid_spread_mean": 141.55302986502647,
  "bid_spread_std": 115.21418152749538,
  "ask_spread_sum": 70.86680319905281,
  "ask_spread_mean": 741.0340310037136,
  "ask_spread_std": 81.05149012804031,
  "total_volume_sum": 122.15509396791458,
  "total_volume_mean": 297.3834485858679,
  "total_volume_std": 111.52565905451775,
  "volume_imbalance_sum": 53.07484811544418,
  "volume_imbalance_mean": 773.1276453733444,
  "volume_imbalance_std": 484.4924487620592,
  "wap1_sum_450": 106.33915972709656,
  "wap1_mean_450": 65.02047410607338,
  "wap1_std_450": 199.05440904200077,
  "wap2_sum_450": 50.32908207178116,
  "wap2_mean_450": 74.39783628284931,
  "wap2_std_450": 278.63862761855125,
  "log_return1_sum_450": 90.10373285412788,
  "log_return1_realized_volatility_450": 863.7056312710047,
  "log_return1_mean_450": 123.53482583165169,
  "log_return1_std_450": 294.31576082110405,
  "log_return2_sum_450": 109.63441604375839,
  "log_return2_realized_volatility_450": 2094.17780046165,
  "log_return2_mean_450": 104.09408394992352,
  "log_return2_std_450": 172.914901137352,
  "wap_balance_sum_450": 195.39657519757748,
  "wap_balance_mean_450": 323.61196357011795,
  "wap_balance_std_450": 165.45142652094364,
  "price_spread_sum_450": 479.9860954582691,
  "price_spread_mean_450": 362.8437272310257,
  "price_spread_std_450": 134.36846621334553,
  "bid_spread_sum_450": 78.54796287417412,
  "bid_spread_mean_450": 107.5279769897461,
  "bid_spread_std_450": 104.70729026198387,
  "ask_spread_sum_450": 92.68729826807976,
  "ask_spread_mean_450": 486.5663476139307,
  "ask_spread_std_450": 114.35141940414906,
  "total_volume_sum_450": 229.55609068274498,
  "total_volume_mean_450": 108.17811897397041,
  "total_volume_std_450": 93.73332902789116,
  "volume_imbalance_sum_450": 74.9312542527914,
  "volume_imbalance_mean_450": 84.48580119013786,
  "volume_imbalance_std_450": 89.18168616294861,
  "wap1_sum_300": 130.9918924421072,
  "wap1_mean_300": 62.86879116296768,
  "wap1_std_300": 139.2217943817377,
  "wap2_sum_300": 52.698436200618744,
  "wap2_mean_300": 48.614150285720825,
  "wap2_std_300": 170.1710496097803,
  "log_return1_sum_300": 94.51301398873329,
  "log_return1_realized_volatility_300": 6154.82893884182,
  "log_return1_mean_300": 107.94861678779125,
  "log_return1_std_300": 772.3049895465374,
  "log_return2_sum_300": 98.82954613864422,
  "log_return2_realized_volatility_300": 1199.8339928686619,
  "log_return2_mean_300": 132.5708383321762,
  "log_return2_std_300": 107.94308167695999,
  "wap_balance_sum_300": 154.36999082565308,
  "wap_balance_mean_300": 714.2537815272808,
  "wap_balance_std_300": 134.9205507338047,
  "price_spread_sum_300": 940.5651909410954,
  "price_spread_mean_300": 712.2409087717533,
  "price_spread_std_300": 107.11953094601631,
  "bid_spread_sum_300": 74.34884706139565,
  "bid_spread_mean_300": 76.61422994732857,
  "bid_spread_std_300": 117.96472802758217,
  "ask_spread_sum_300": 82.26971419155598,
  "ask_spread_mean_300": 103.08898717164993,
  "ask_spread_std_300": 115.21966511011124,
  "total_volume_sum_300": 80.52405884861946,
  "total_volume_mean_300": 97.00182722508907,
  "total_volume_std_300": 75.3010468930006,
  "volume_imbalance_sum_300": 52.28480803966522,
  "volume_imbalance_mean_300": 105.92041110992432,
  "volume_imbalance_std_300": 154.18292263150215,
  "wap1_sum_150": 109.08908711373806,
  "wap1_mean_150": 87.2274878025055,
  "wap1_std_150": 88.29367583990097,
  "wap2_sum_150": 55.74931487441063,
  "wap2_mean_150": 66.01055020093918,
  "wap2_std_150": 129.2881663441658,
  "log_return1_sum_150": 91.00651204586029,
  "log_return1_realized_volatility_150": 138748.70547167957,
  "log_return1_mean_150": 99.07189725339413,
  "log_return1_std_150": 298.725798279047,
  "log_return2_sum_150": 101.66536930203438,
  "log_return2_realized_volatility_150": 2663.5444760024548,
  "log_return2_mean_150": 84.0615419447422,
  "log_return2_std_150": 154.54505985975266,
  "wap_balance_sum_150": 285.2448425889015,
  "wap_balance_mean_150": 88.92349848151207,
  "wap_balance_std_150": 146.0329928100109,
  "price_spread_sum_150": 379.5532400906086,
  "price_spread_mean_150": 1457.884329766035,
  "price_spread_std_150": 111.48460376262665,
  "bid_spread_sum_150": 74.45604112744331,
  "bid_spread_mean_150": 93.75163808465004,
  "bid_spread_std_150": 107.34286606311798,
  "ask_spread_sum_150": 75.71897305548191,
  "ask_spread_mean_150": 94.31525698304176,
  "ask_spread_std_150": 76.76874226331711,
  "total_volume_sum_150": 103.85224518179893,
  "total_volume_mean_150": 111.30374583601952,
  "total_volume_std_150": 74.14391779899597,
  "volume_imbalance_sum_150": 58.263737350702286,
  "volume_imbalance_mean_150": 105.48024106025696,
  "volume_imbalance_std_150": 130.95644906163216,
  "trade_log_return_realized_volatility": 775.572906255722,
  "trade_seconds_in_bucket_count_unique": 257.3143890798092,
  "trade_size_sum": 189.62647119164467,
  "trade_order_count_mean": 188.57419438660145,
  "trade_log_return_realized_volatility_450": 734.1536649763584,
  "trade_seconds_in_bucket_count_unique_450": 268.7176217138767,
  "trade_size_sum_450": 129.47356197237968,
  "trade_order_count_mean_450": 254.95179516077042,
  "trade_log_return_realized_volatility_300": 331.2164854109287,
  "trade_seconds_in_bucket_count_unique_300": 195.59562508761883,
  "trade_size_sum_300": 124.60448613762856,
  "trade_order_count_mean_300": 165.15775153040886,
  "trade_log_return_realized_volatility_150": 248.11666497588158,
  "trade_seconds_in_bucket_count_unique_150": 179.8066854029894,
  "trade_size_sum_150": 110.25964741408825,
  "trade_order_count_mean_150": 140.4694086909294,
  "log_return1_realized_volatility_mean_stock": 314.5129870772362,
  "log_return1_realized_volatility_std_stock": 43.42245888710022,
  "log_return1_realized_volatility_max_stock": 17.5692900121212,
  "log_return1_realized_volatility_min_stock": 35.68454998731613,
  "log_return2_realized_volatility_mean_stock": 114.26412186026573,
  "log_return2_realized_volatility_std_stock": 58.06887003779411,
  "log_return2_realized_volatility_max_stock": 27.929808884859085,
  "log_return2_realized_volatility_min_stock": 73.9456530213356,
  "log_return1_realized_volatility_450_mean_stock": 275.183901399374,
  "log_return1_realized_volatility_450_std_stock": 32.20039317011833,
  "log_return1_realized_volatility_450_max_stock": 16.21416798233986,
  "log_return1_realized_volatility_450_min_stock": 28.588018894195557,
  "log_return2_realized_volatility_450_mean_stock": 80.62639808654785,
  "log_return2_realized_volatility_450_std_stock": 29.08166739344597,
  "log_return2_realized_volatility_450_max_stock": 20.225574985146523,
  "log_return2_realized_volatility_450_min_stock": 23.683267921209335,
  "log_return1_realized_volatility_300_mean_stock": 148.14254292845726,
  "log_return1_realized_volatility_300_std_stock": 21.13986310362816,
  "log_return1_realized_volatility_300_max_stock": 23.841329902410507,
  "log_return1_realized_volatility_300_min_stock": 37.82239851355553,
  "log_return2_realized_volatility_300_mean_stock": 18.7043596804142,