{
  "stock_id": 10628.43817191571,
  "wap1_sum": 148.82544726133347,
  "wap1_mean": 84.67820483446121,
  "wap1_std": 90.25978215038776,
  "wap2_sum": 108.55925866216421,
  "wap2_mean": 81.95260291546583,
  "wap2_std": 134.7339825630188,
  "log_return1_sum": 102.38529035449028,
  "log_return1_realized_volatility": 98790.9157892093,
  "log_return1_mean": 78.92529886960983,
  "log_return1_std": 2433.9598716050386,
  "log_return2_sum": 110.29675282537937,
  "log_return2_realized_volatility": 19828.014089614153,
  "log_return2_mean": 87.50816297531128,
  "log_return2_std": 97.06882356107235,
  "wap_balance_sum": 521.8952631503344,
  "wap_balance_mean": 185.70608359575272,
  "wap_balance_std": 148.87763984501362,
  "price_spread_sum": 1311.0777504220605,
  "price_spread_mean": 767.9513872265816,
  "price_spread_std": 204.18063846230507,
  "bid_spread_sum": 76.7241188287735,
  "bid_spread_mean": 1428.3892996311188,
  "bid_spread_std": 140.00064684450626,
  "ask_spread_sum": 64.97112107276917,
  "ask_spread_mean": 1320.48982180655,
  "ask_spread_std": 91.40186292678118,
  "total_volume_sum": 281.9213144183159,
  "total_volume_mean": 345.74972950667143,
  "total_volume_std": 296.05636171996593,
  "volume_imbalance_sum": 56.27224612236023,
  "volume_imbalance_mean": 648.6153381764889,
  "volume_imbalance_std": 120.26162226498127,
  "wap1_sum_450": 95.3826452344656,
  "wap1_mean_450": 74.9025404304266,
  "wap1_std_450": 243.45431568473577,
  "wap2_sum_450": 78.12525142729282,
  "wap2_mean_450": 107.90722322463989,
  "wap2_std_450": 289.274882376194,
  "log_return1_sum_450": 99.75565122067928,
  "log_return1_realized_volatility_450": 1449.1301075518131,
  "log_return1_mean_450": 107.73834394663572,
  "log_return1_std_450": 376.23331394791603,
  "log_return2_sum_450": 95.11528508365154,
  "log_return2_realized_volatility_450": 9822.540377132595,
  "log_return2_mean_450": 118.23339292407036,
  "log_return2_std_450": 116.48269778490067,
  "wap_balance_sum_450": 141.28052193671465,
  "wap_balance_mean_450": 76.19228513538837,
  "wap_balance_std_450": 118.46098674833775,
  "price_spread_sum_450": 435.7025346830487,
  "price_spread_mean_450": 789.5583485141397,
  "price_spread_std_450": 100.30201457440853,
  "bid_spread_sum_450": 106.4116105362773,
  "bid_spread_mean_450": 82.82451692223549,
  "bid_spread_std_450": 121.97194432467222,
  "ask_spread_sum_450": 71.56201821565628,
  "ask_spread_mean_450": 887.2115055844188,
  "ask_spread_std_450": 79.76593193411827,
  "total_volume_sum_450": 98.48269394040108,
  "total_volume_mean_450": 171.39940494298935,
  "total_volume_std_450": 74.51193019747734,
  "volume_imbalance_sum_450": 63.21389311552048,
  "volume_imbalance_mean_450": 73.83888876438141,
  "volume_imbalance_std_450": 81.03480470180511,
  "wap1_sum_300": 95.37878702580929,
  "wap1_mean_300": 78.31244295835495,
  "wap1_std_300": 153.9915982633829,
  "wap2_sum_300": 57.5764861702919,
  "wap2_mean_300": 74.99965712428093,
  "wap2_std_300": 122.62114565074444,
  "log_return1_sum_300": 94.72840368747711,
  "log_return1_realized_volatility_300": 25521.24267615378,
  "log_return1_mean_300": 98.95964981615543,
  "log_return1_std_300": 652.0404588580132,
  "log_return2_sum_300": 75.97743516415358,
  "log_return2_realized_volatility_300": 2284.4388390928507,
  "log_return2_mean_300": 93.79429486393929,
  "log_return2_std_300": 139.28600423038006,
  "wap_balance_sum_300": 218.9791962057352,
  "wap_balance_mean_300": 397.0476725399494,
  "wap_balance_std_300": 100.06809583306313,
  "price_spread_sum_300": 1135.8714672997594,
  "price_spread_mean_300": 1544.6825392991304,
  "price_spread_std_300": 86.40378845483065,
  "bid_spread_sum_300": 68.29280489683151,
  "bid_spread_mean_300": 75.32455805689096,
  "bid_spread_std_300": 96.43083486706018,
  "ask_spread_sum_300": 67.69790878891945,
  "ask_spread_mean_300": 103.31717786192894,
  "ask_spread_std_300": 94.32770019769669,
  "total_volume_sum_300": 73.57586076110601,
  "total_volume_mean_300": 124.28860100358725,
  "total_volume_std_300": 115.56276477873325,
  "volume_imbalance_sum_300": 70.45820201933384,
  "volume_imbalance_mean_300": 338.0755682885647,
  "volume_imbalance_std_300": 55.424754559993744,
  "wap1_sum_150": 94.48461081087589,
  "wap1_mean_150": 69.95235487818718,
  "wap1_std_150": 89.98829619586468,
  "wap2_sum_150": 81.09115739166737,
  "wap2_mean_150": 60.70261986553669,
  "wap2_std_150": 135.42462998628616,
  "log_return1_sum_150": 77.87478129565716,
  "log_return1_realized_volatility_150": 258577.32902687788,
  "log_return1_mean_150": 86.16568706929684,
  "log_return1_std_150": 417.5418351069093,
  "log_return2_sum_150": 85.3885173201561,
  "log_return2_realized_volatility_150": 7485.123600177467,
  "log_return2_mean_150": 103.02532486617565,
  "log_return2_std_150": 75.63215784728527,
  "wap_balance_sum_150": 388.6130231618881,
  "wap_balance_mean_150": 141.64571024477482,
  "wap_balance_std_150": 105.55002412199974,
  "price_spread_sum_150": 258.97586331516504,
  "price_spread_mean_150": 772.2967303395271,
  "price_spread_std_150": 89.68600887060165,
  "bid_spread_sum_150": 58.070787236094475,
  "bid_spread_mean_150": 85.84226074814796,
  "bid_spread_std_150": 84.08313278853893,
  "ask_spread_sum_150": 78.96310492604971,
  "ask_spread_mean_150": 85.1494732350111,
  "ask_spread_std_150": 78.49228596687317,
  "total_volume_sum_150": 83.53085108101368,
  "total_volume_mean_150": 158.10915933549404,
  "total_volume_std_150": 133.94405367970467,
  "volume_imbalance_sum_150": 54.80821417272091,
  "volume_imbalance_mean_150": 198.5617994517088,
  "volume_imbalance_std_150": 73.08050443977118,
  "trade_log_return_realized_volatility": 3421.5167668163776,
  "trade_seconds_in_bucket_count_unique": 468.86563293635845,
  "trade_size_sum": 94.55468219518661,
  "trade_order_count_mean": 227.35674834996462,
  "trade_log_return_realized_volatility_450": 963.1960764303803,
  "trade_seconds_in_bucket_count_unique_450": 270.88266557455063,
  "trade_size_sum_450": 136.37857733666897,
  "trade_order_count_mean_450": 213.22054805606604,
  "trade_log_return_realized_volatility_300": 770.6136460751295,
  "trade_seconds_in_bucket_count_unique_300": 309.6413831487298,
  "trade_size_sum_300": 159.44492565095425,
  "trade_order_count_mean_300": 152.74474993348122,
  "trade_log_return_realized_volatility_150": 193.42192958295345,
  "trade_seconds_in_bucket_count_unique_150": 269.88298501074314,
  "trade_size_sum_150": 97.90383287519217,
  "trade_order_count_mean_150": 239.69803910702467,
  "log_return1_realized_volatility_mean_stock": 481.69367818534374,
  "log_return1_realized_volatility_std_stock": 43.28515766561031,
  "log_return1_realized_volatility_max_stock": 22.3872649371624,
  "log_return1_realized_volatility_min_stock": 90.26769329607487,
  "log_return2_realized_volatility_mean_stock": 125.09366339445114,
  "log_return2_realized_volatility_std_stock": 58.409994289278984,
  "log_return2_realized_volatility_max_stock": 27.80428896099329,
  "log_return2_realized_volatility_min_stock": 83.1424675360322,
  "log_return1_realized_volatility_450_mean_stock": 819.306121468544,
  "log_return1_realized_volatility_450_std_stock": 33.89514024555683,
  "log_return1_realized_volatility_450_max_stock": 25.466016948223114,
  "log_return1_realized_volatility_450_min_stock": 21.451275005936623,
  "log_return2_realized_volatility_450_mean_stock": 141.95309065282345,
  "log_return2_realized_volatility_450_std_stock": 67.46121543645859,
  "log_return2_realized_volatility_450_max_stock": 25.686647072434425,
  "log_return2_realized_volatility_450_min_stock": 19.49114090204239,
  "log_return1_realized_volatility_300_mean_stock": 304.01867628097534,
  "log_return1_realized_volatility_300_std_stock": 18.73012785613537,
  "log_return1_realized_volatility_300_max_stock": 20.493963927030563,
  "log_return1_realized_volatility_300_min_stock": 75.46953390538692,
  "log_return2_realized_volatility_300_mean_stock": 234.19192142784595,