{
  "stock_id": 10985.881136223674,
  "wap1_sum": 160.84968163073063,
  "wap1_mean": 95.01262618601322,
  "wap1_std": 101.38157095015049,
  "wap2_sum": 82.06528403609991,
  "wap2_mean": 80.14003527164459,
  "wap2_std": 129.38073623925447,
  "log_return1_sum": 122.76983764767647,
  "log_return1_realized_volatility": 118203.71853147447,
  "log_return1_mean": 96.08441513776779,
  "log_return1_std": 489.44762310385704,
  "log_return2_sum": 108.67492221295834,
  "log_return2_realized_volatility": 12480.132425174117,
  "log_return2_mean": 103.50227512419224,
  "log_return2_std": 89.90534053742886,
  "wap_balance_sum": 623.3001412898302,
  "wap_balance_mean": 190.1321365982294,
  "wap_balance_std": 143.18259535729885,
  "price_spread_sum": 1183.9592676907778,
  "price_spread_mean": 1755.2180777266622,
  "price_spread_std": 189.26351319253445,
  "bid_spread_sum": 98.86360062658787,
  "bid_spread_mean": 1389.0231315046549,
  "bid_spread_std": 130.4980883449316,
  "ask_spread_sum": 91.44445689022541,
  "ask_spread_mean": 416.1301822960377,
  "ask_spread_std": 87.93443794548512,
  "total_volume_sum": 102.41185216605663,
  "total_volume_mean": 237.8604768589139,
  "total_volume_std": 264.74115712940693,
  "volume_imbalance_sum": 74.08822136372328,
  "volume_imbalance_mean": 732.5503850877285,
  "volume_imbalance_std": 221.45355163514614,
  "wap1_sum_450": 101.67825725674629,
  "wap1_mean_450": 83.76213800907135,
  "wap1_std_450": 267.1807428896427,
  "wap2_sum_450": 82.32141616940498,
  "wap2_mean_450": 125.67455733567476,
  "wap2_std_450": 334.7902801632881,
  "log_return1_sum_450": 96.83309669047594,
  "log_return1_realized_volatility_450": 1055.367872737348,
  "log_return1_mean_450": 122.97786070406437,
  "log_return1_std_450": 319.05209815502167,
  "log_return2_sum_450": 109.75868211686611,
  "log_return2_realized_volatility_450": 1976.5969393849373,
  "log_return2_mean_450": 106.6967930868268,
  "log_return2_std_450": 128.43385381251574,
  "wap_balance_sum_450": 217.55511473864317,
  "wap_balance_mean_450": 161.4185547232628,
  "wap_balance_std_450": 116.61952537298203,
  "price_spread_sum_450": 397.96531765162945,
  "price_spread_mean_450": 787.5782338231802,
  "price_spread_std_450": 118.2305960059166,
  "bid_spread_sum_450": 80.03194436430931,
  "bid_spread_mean_450": 145.73049829900265,
  "bid_spread_std_450": 117.66809421777725,
  "ask_spread_sum_450": 105.16093295812607,
  "ask_spread_mean_450": 784.7969458699226,
  "ask_spread_std_450": 93.96832942962646,
  "total_volume_sum_450": 90.07720915973186,
  "total_volume_mean_450": 179.90308497101068,
  "total_volume_std_450": 139.53177846968174,
  "volume_imbalance_sum_450": 70.16194516420364,
  "volume_imbalance_mean_450": 107.59426219761372,
  "volume_imbalance_std_450": 71.97662419080734,
  "wap1_sum_300": 88.55390319228172,
  "wap1_mean_300": 74.33474266529083,
  "wap1_std_300": 159.09376606345177,
  "wap2_sum_300": 60.026703864336014,
  "wap2_mean_300": 56.158454060554504,
  "wap2_std_300": 145.5933070331812,
  "log_return1_sum_300": 100.453035145998,
  "log_return1_realized_volatility_300": 8234.95391716808,
  "log_return1_mean_300": 108.84777103364468,
  "log_return1_std_300": 216.7507962435484,
  "log_return2_sum_300": 97.75817883014679,
  "log_return2_realized_volatility_300": 3004.0285481363535,
  "log_return2_mean_300": 103.58542907238007,
  "log_return2_std_300": 182.10309578478336,
  "wap_balance_sum_300": 214.93664652109146,
  "wap_balance_mean_300": 420.495025485754,
  "wap_balance_std_300": 90.93978025764227,
  "price_spread_sum_300": 873.2773233503103,
  "price_spread_mean_300": 1373.5673542395234,
  "price_spread_std_300": 107.8044772297144,
  "bid_spread_sum_300": 81.22940783202648,
  "bid_spread_mean_300": 88.61482504755259,
  "bid_spread_std_300": 100.26607702672482,
  "ask_spread_sum_300": 81.08404590189457,
  "ask_spread_mean_300": 97.11388829350471,
  "ask_spread_std_300": 119.12657305598259,
  "total_volume_sum_300": 93.80170898139477,
  "total_volume_mean_300": 107.63269874453545,
  "total_volume_std_300": 206.49393536895514,
  "volume_imbalance_sum_300": 64.29162019491196,
  "volume_imbalance_mean_300": 98.2630420178175,
  "volume_imbalance_std_300": 61.32130990922451,
  "wap1_sum_150": 95.34222207963467,
  "wap1_mean_150": 73.19332700967789,
  "wap1_std_150": 80.96551039814949,
  "wap2_sum_150": 72.74746271967888,
  "wap2_mean_150": 61.31839805841446,
  "wap2_std_150": 103.11274208128452,
  "log_return1_sum_150": 93.10944011807442,
  "log_return1_realized_volatility_150": 257798.655185014,
  "log_return1_mean_150": 110.183390006423,
  "log_return1_std_150": 733.909387819469,
  "log_return2_sum_150": 96.5138020068407,
  "log_return2_realized_volatility_150": 7230.365626677871,
  "log_return2_mean_150": 90.43576686829329,
  "log_return2_std_150": 102.29976369440556,
  "wap_balance_sum_150": 283.0269339084625,
  "wap_balance_mean_150": 162.6557199060917,
  "wap_balance_std_150": 90.28685991466045,
  "price_spread_sum_150": 200.14609763026237,
  "price_spread_mean_150": 910.2337034493685,
  "price_spread_std_150": 108.01184119284153,
  "bid_spread_sum_150": 73.87042105197906,
  "bid_spread_mean_150": 70.7149541079998,
  "bid_spread_std_150": 97.57267734408379,
  "ask_spread_sum_150": 99.30880336463451,
  "ask_spread_mean_150": 103.06830604374409,
  "ask_spread_std_150": 86.92408096790314,
  "total_volume_sum_150": 137.62419302761555,
  "total_volume_mean_150": 132.21289470791817,
  "total_volume_std_150": 87.10845032334328,
  "volume_imbalance_sum_150": 58.72044190764427,
  "volume_imbalance_mean_150": 263.5728867724538,
  "volume_imbalance_std_150": 176.02823017537594,
  "trade_log_return_realized_volatility": 1314.4859840720892,
  "trade_seconds_in_bucket_count_unique": 391.15679010003805,
  "trade_size_sum": 116.31358626484871,
  "trade_order_count_mean": 288.5727502554655,
  "trade_log_return_realized_volatility_450": 859.8577179610729,
  "trade_seconds_in_bucket_count_unique_450": 306.7841321974993,
  "trade_size_sum_450": 187.6695772856474,
  "trade_order_count_mean_450": 215.32798881828785,
  "trade_log_return_realized_volatility_300": 313.4072880744934,
  "trade_seconds_in_bucket_count_unique_300": 303.667880654335,
  "trade_size_sum_300": 96.78041779994965,
  "trade_order_count_mean_300": 178.24017298221588,
  "trade_log_return_realized_volatility_150": 341.05300529301167,
  "trade_seconds_in_bucket_count_unique_150": 228.09938414394855,
  "trade_size_sum_150": 107.67556990683079,
  "trade_order_count_mean_150": 202.38985474407673,
  "log_return1_realized_volatility_mean_stock": 427.6486148238182,
  "log_return1_realized_volatility_std_stock": 36.62585990130901,
  "log_return1_realized_volatility_max_stock": 32.81054775416851,
  "log_return1_realized_volatility_min_stock": 93.4488525390625,
  "log_return2_realized_volatility_mean_stock": 133.21495075523853,
  "log_return2_realized_volatility_std_stock": 61.91172184050083,
  "log_return2_realized_volatility_max_stock": 27.327739045023918,
  "log_return2_realized_volatility_min_stock": 86.62574642896652,
  "log_return1_realized_volatility_450_mean_stock": 710.581127718091,
  "log_return1_realized_volatility_450_std_stock": 85.00917766988277,
  "log_return1_realized_volatility_450_max_stock": 24.221757978200912,
  "log_return1_realized_volatility_450_min_stock": 34.72763113677502,
  "log_return2_realized_volatility_450_mean_stock": 140.70487076044083,
  "log_return2_realized_volatility_450_std_stock": 71.29032646119595,
  "log_return2_realized_volatility_450_max_stock": 21.971646927297115,
  "log_return2_realized_volatility_450_min_stock": 15.850662007927895,
  "log_return1_realized_volatility_300_mean_stock": 267.74124190211296,
  "log_return1_realized_volatility_300_std_stock": 32.345148012042046,
  "log_return1_realized_volatility_300_max_stock": 24.430510848760605,
  "log_return1_realized_volatility_300_min_stock": 39.8526269197464,
  "log_return2_realized_volatility_300_mean_stock": 68.14884190261364,