{
  "stock_id": 7069.938133969903,
  "wap1_sum": 128.73908992111683,
  "wap1_mean": 90.89368012547493,
  "wap1_std": 112.9225769340992,
  "wap2_sum": 119.92444108426571,
  "wap2_mean": 103.21068572998047,
  "wap2_std": 131.2277241498232,
  "log_return1_sum": 126.95912000536919,
  "log_return1_realized_volatility": 59657.94615212083,
  "log_return1_mean": 109.25746230781078,
  "log_return1_std": 400.9037286192179,
  "log_return2_sum": 114.62410195171833,
  "log_return2_realized_volatility": 11164.416179910302,
  "log_return2_mean": 104.3052162528038,
  "log_return2_std": 222.59674802422523,
  "wap_balance_sum": 411.2180569320917,
  "wap_balance_mean": 124.99907879531384,
  "wap_balance_std": 175.416523873806,
  "price_spread_sum": 769.6716174483299,
  "price_spread_mean": 865.6114629656076,
  "price_spread_std": 171.4584138095379,
  "bid_spread_sum": 92.52828495204449,
  "bid_spread_mean": 97.21150603890419,
  "bid_spread_std": 126.33159084618092,
  "ask_spread_sum": 91.75182703137398,
  "ask_spread_mean": 386.65982200205326,
  "ask_spread_std": 112.47200222313404,
  "total_volume_sum": 116.2289520651102,
  "total_volume_mean": 191.30730557441711,
  "total_volume_std": 105.83812350034714,
  "volume_imbalance_sum": 75.53007017076015,
  "volume_imbalance_mean": 765.721908017993,
  "volume_imbalance_std": 83.96725606918335,
  "wap1_sum_450": 97.55112998187542,
  "wap1_mean_450": 96.71137924492359,
  "wap1_std_450": 260.73715560138226,
  "wap2_sum_450": 60.087488785386086,
  "wap2_mean_450": 105.96078523993492,
  "wap2_std_450": 300.63947711884975,
  "log_return1_sum_450": 109.28633868694305,
  "log_return1_realized_volatility_450": 830.2599600404501,
  "log_return1_mean_450": 134.01888801157475,
  "log_return1_std_450": 281.17814365029335,
  "log_return2_sum_450": 115.33631192147732,
  "log_return2_realized_volatility_450": 6721.0448950231075,
  "log_return2_mean_450": 121.41097156703472,
  "log_return2_std_450": 110.85190206766129,
  "wap_balance_sum_450": 486.74959878623486,
  "wap_balance_mean_450": 340.5017212331295,
  "wap_balance_std_450": 161.33416886627674,
  "price_spread_sum_450": 463.84449641406536,
  "price_spread_mean_450": 1081.0486636161804,
  "price_spread_std_450": 273.80625411868095,
  "bid_spread_sum_450": 101.4550068974495,
  "bid_spread_mean_450": 118.07894878089428,
  "bid_spread_std_450": 95.41295221447945,
  "ask_spread_sum_450": 106.39162084460258,
  "ask_spread_mean_450": 179.56385961174965,
  "ask_spread_std_450": 120.11905090510845,
  "total_volume_sum_450": 133.4973667860031,
  "total_volume_mean_450": 102.31384807825089,
  "total_volume_std_450": 111.19125992059708,
  "volume_imbalance_sum_450": 88.03186333179474,
  "volume_imbalance_mean_450": 107.37366710603237,
  "volume_imbalance_std_450": 88.11043855547905,
  "wap1_sum_300": 107.1897002607584,
  "wap1_mean_300": 104.90627145767212,
  "wap1_std_300": 134.98120909929276,
  "wap2_sum_300": 55.9192960113287,
  "wap2_mean_300": 83.76214903593063,
  "wap2_std_300": 143.69122132658958,
  "log_return1_sum_300": 113.64695525169373,
  "log_return1_realized_volatility_300": 4823.38134457171,
  "log_return1_mean_300": 126.19462908804417,
  "log_return1_std_300": 630.597692027688,
  "log_return2_sum_300": 126.50300219655037,
  "log_return2_realized_volatility_300": 1037.6983145326376,
  "log_return2_mean_300": 139.48530504107475,
  "log_return2_std_300": 128.1960606276989,
  "wap_balance_sum_300": 210.79800529778004,
  "wap_balance_mean_300": 862.062771871686,
  "wap_balance_std_300": 100.07288835942745,
  "price_spread_sum_300": 572.926136046648,
  "price_spread_mean_300": 462.1963255107403,
  "price_spread_std_300": 113.38322252035141,
  "bid_spread_sum_300": 90.71354854106903,
  "bid_spread_mean_300": 109.01603679358959,
  "bid_spread_std_300": 99.43909783661366,
  "ask_spread_sum_300": 83.13810090720654,
  "ask_spread_mean_300": 125.56718312203884,
  "ask_spread_std_300": 117.88472802937031,
  "total_volume_sum_300": 78.08009675145149,
  "total_volume_mean_300": 194.1435842514038,
  "total_volume_std_300": 184.45160268247128,
  "volume_imbalance_sum_300": 84.49090905487537,
  "volume_imbalance_mean_300": 88.64133992791176,
  "volume_imbalance_std_300": 125.04856985807419,
  "wap1_sum_150": 99.078937754035,
  "wap1_mean_150": 81.35792008042336,
  "wap1_std_150": 110.82064607739449,
  "wap2_sum_150": 85.17126977443695,
  "wap2_mean_150": 70.15471322834492,
  "wap2_std_150": 114.19513495266438,
  "log_return1_sum_150": 93.09829880297184,
  "log_return1_realized_volatility_150": 150703.65739761293,
  "log_return1_mean_150": 96.64828790724277,
  "log_return1_std_150": 231.27208909392357,
  "log_return2_sum_150": 90.98418009281158,
  "log_return2_realized_volatility_150": 8375.120220586658,
  "log_return2_mean_150": 113.83536040782928,
  "log_return2_std_150": 94.05815422534943,
  "wap_balance_sum_150": 374.6962023973465,
  "wap_balance_mean_150": 140.48177590966225,
  "wap_balance_std_150": 119.48649963736534,
  "price_spread_sum_150": 211.72492375969887,
  "price_spread_mean_150": 234.16129434108734,
  "price_spread_std_150": 148.83701364696026,
  "bid_spread_sum_150": 109.56166768074036,
  "bid_spread_mean_150": 97.42456103861332,
  "bid_spread_std_150": 99.15136501193047,
  "ask_spread_sum_150": 111.00754724442959,
  "ask_spread_mean_150": 109.46129436790943,
  "ask_spread_std_150": 91.49637426435947,
  "total_volume_sum_150": 119.99151402711868,
  "total_volume_mean_150": 92.50779561698437,
  "total_volume_std_150": 112.05018347501755,
  "volume_imbalance_sum_150": 69.3137601017952,
  "volume_imbalance_mean_150": 836.4266948997974,
  "volume_imbalance_std_150": 98.36934089660645,
  "trade_log_return_realized_volatility": 1228.05439555645,
  "trade_seconds_in_bucket_count_unique": 242.71244908869267,
  "trade_size_sum": 142.20830817520618,
  "trade_order_count_mean": 196.71917437016964,
  "trade_log_return_realized_volatility_450": 1021.9842181354761,
  "trade_seconds_in_bucket_count_unique_450": 246.61913114786148,
  "trade_size_sum_450": 134.9777709543705,
  "trade_order_count_mean_450": 264.394906938076,
  "trade_log_return_realized_volatility_300": 230.36230538785458,
  "trade_seconds_in_bucket_count_unique_300": 217.1521143168211,
  "trade_size_sum_300": 138.23693715035915,
  "trade_order_count_mean_300": 192.514248162508,
  "trade_log_return_realized_volatility_150": 196.26086609065533,
  "trade_seconds_in_bucket_count_unique_150": 198.31758673489094,
  "trade_size_sum_150": 143.54889239370823,
  "trade_order_count_mean_150": 199.77792654931545,
  "log_return1_realized_volatility_mean_stock": 373.0505978912115,
  "log_return1_realized_volatility_std_stock": 37.41091285645962,
  "log_return1_realized_volatility_max_stock": 28.267654076218605,
  "log_return1_realized_volatility_min_stock": 70.56737399101257,
  "log_return2_realized_volatility_mean_stock": 77.43841651082039,
  "log_return2_realized_volatility_std_stock": 40.92045900225639,
  "log_return2_realized_volatility_max_stock": 29.931504026055336,
  "log_return2_realized_volatility_min_stock": 45.04265308380127,
  "log_return1_realized_volatility_450_mean_stock": 433.22615256905556,
  "log_return1_realized_volatility_450_std_stock": 31.845858052372932,
  "log_return1_realized_volatility_450_max_stock": 17.14125496149063,
  "log_return1_realized_volatility_450_min_stock": 37.40360088646412,
  "log_return2_realized_volatility_450_mean_stock": 137.50044764578342,
  "log_return2_realized_volatility_450_std_stock": 32.34941618144512,
  "log_return2_realized_volatility_450_max_stock": 23.478200018405914,
  "log_return2_realized_volatility_450_min_stock": 30.42346292734146,
  "log_return1_realized_volatility_300_mean_stock": 173.14977636933327,
  "log_return1_realized_volatility_300_std_stock": 14.387680128216743,
  "log_return1_realized_volatility_300_max_stock": 28.670844823122025,
  "log_return1_realized_volatility_300_min_stock": 75.10863299667835,
  "log_return2_realized_volatility_300_mean_stock": 99.35455046594143,