{
  "stock_id": 9554.005394950509,
  "wap1_sum": 157.08214884996414,
  "wap1_mean": 62.843752816319466,
  "wap1_std": 93.42419315874577,
  "wap2_sum": 84.89986827969551,
  "wap2_mean": 76.15066801011562,
  "wap2_std": 110.84994776546955,
  "log_return1_sum": 109.37503902614117,
  "log_return1_realized_volatility": 95251.67962750793,
  "log_return1_mean": 75.69425101578236,
  "log_return1_std": 2583.0974013358355,
  "log_return2_sum": 82.12101358175278,
  "log_return2_realized_volatility": 23086.279895469546,
  "log_return2_mean": 92.71545338630676,
  "log_return2_std": 74.25742684304714,
  "wap_balance_sum": 421.94284261763096,
  "wap_balance_mean": 194.9669750034809,
  "wap_balance_std": 154.22846221923828,
  "price_spread_sum": 1202.9121294766665,
  "price_spread_mean": 1113.4997840225697,
  "price_spread_std": 178.95841471850872,
  "bid_spread_sum": 83.88606396317482,
  "bid_spread_mean": 1338.2663777470589,
  "bid_spread_std": 120.45983174443245,
  "ask_spread_sum": 65.76225511729717,
  "ask_spread_mean": 1163.7024932801723,
  "ask_spread_std": 120.81313034892082,
  "total_volume_sum": 258.75030595064163,
  "total_volume_mean": 255.7080451026559,
  "total_volume_std": 133.09219771623611,
  "volume_imbalance_sum": 43.63017515838146,
  "volume_imbalance_mean": 794.6855032294989,
  "volume_imbalance_std": 90.96814754605293,
  "wap1_sum_450": 124.99922882020473,
  "wap1_mean_450": 86.61134223639965,
  "wap1_std_450": 221.09424516558647,
  "wap2_sum_450": 76.75841706991196,
  "wap2_mean_450": 88.98864950239658,
  "wap2_std_450": 301.0932665169239,
  "log_return1_sum_450": 86.68434436619282,
  "log_return1_realized_volatility_450": 1279.6252752244473,
  "log_return1_mean_450": 93.60015097260475,
  "log_return1_std_450": 464.7123396396637,
  "log_return2_sum_450": 101.3410492837429,
  "log_return2_realized_volatility_450": 9305.896218717098,
  "log_return2_mean_450": 80.65556789934635,
  "log_return2_std_450": 107.66343447566032,
  "wap_balance_sum_450": 152.37715762853622,
  "wap_balance_mean_450": 149.05143296718597,
  "wap_balance_std_450": 104.66689251363277,
  "price_spread_sum_450": 320.16184851527214,
  "price_spread_mean_450": 607.210840985179,
  "price_spread_std_450": 88.58042918145657,
  "bid_spread_sum_450": 73.96660907566547,
  "bid_spread_mean_450": 80.09611894190311,
  "bid_spread_std_450": 102.38512670993805,
  "ask_spread_sum_450": 81.02644205093384,
  "ask_spread_mean_450": 719.1907158195972,
  "ask_spread_std_450": 77.65768609941006,
  "total_volume_sum_450": 149.03478226065636,
  "total_volume_mean_450": 154.17386816442013,
  "total_volume_std_450": 74.10623006522655,
  "volume_imbalance_sum_450": 69.65576446056366,
  "volume_imbalance_mean_450": 147.92597582936287,
  "volume_imbalance_std_450": 56.9871669113636,
  "wap1_sum_300": 88.03177782893181,
  "wap1_mean_300": 57.63984577357769,
  "wap1_std_300": 140.06073147058487,
  "wap2_sum_300": 60.07341733574867,
  "wap2_mean_300": 57.66541489958763,
  "wap2_std_300": 114.19128265976906,
  "log_return1_sum_300": 73.14807027578354,
  "log_return1_realized_volatility_300": 24128.373724341393,
  "log_return1_mean_300": 105.76521411538124,
  "log_return1_std_300": 556.7131234705448,
  "log_return2_sum_300": 75.91280549764633,
  "log_return2_realized_volatility_300": 2436.4569907188416,
  "log_return2_mean_300": 72.11398577690125,
  "log_return2_std_300": 71.67186403274536,
  "wap_balance_sum_300": 266.6436800509691,
  "wap_balance_mean_300": 464.69262270629406,
  "wap_balance_std_300": 66.38419097661972,
  "price_spread_sum_300": 1413.4583057761192,
  "price_spread_mean_300": 1350.3193950802088,
  "price_spread_std_300": 89.82100509107113,
  "bid_spread_sum_300": 68.80788898468018,
  "bid_spread_mean_300": 88.93939553201199,
  "bid_spread_std_300": 77.78077386319637,
  "ask_spread_sum_300": 61.26174804568291,
  "ask_spread_mean_300": 96.04345299303532,
  "ask_spread_std_300": 78.82853910326958,
  "total_volume_sum_300": 63.23946225643158,
  "total_volume_mean_300": 96.78219258785248,
  "total_volume_std_300": 126.29201611876488,
  "volume_imbalance_sum_300": 42.304631024599075,
  "volume_imbalance_mean_300": 81.65761314332485,
  "volume_imbalance_std_300": 58.71766382455826,
  "wap1_sum_150": 84.73345457017422,
  "wap1_mean_150": 65.02612054347992,
  "wap1_std_150": 59.15326997637749,
  "wap2_sum_150": 71.36518985033035,
  "wap2_mean_150": 51.869873225688934,
  "wap2_std_150": 102.15189388394356,
  "log_return1_sum_150": 75.20509041845798,
  "log_return1_realized_volatility_150": 240001.41942860186,
  "log_return1_mean_150": 64.10331809520721,
  "log_return1_std_150": 234.40662121772766,
  "log_return2_sum_150": 68.11064499616623,
  "log_return2_realized_volatility_150": 7675.438506349921,
  "log_return2_mean_150": 72.85879205167294,
  "log_return2_std_150": 99.86277352273464,
  "wap_balance_sum_150": 309.1921135485172,
  "wap_balance_mean_150": 120.19978405535221,
  "wap_balance_std_150": 98.38936173915863,
  "price_spread_sum_150": 292.9392232000828,
  "price_spread_mean_150": 901.4346895366907,
  "price_spread_std_150": 111.19085057079792,
  "bid_spread_sum_150": 65.98071371018887,
  "bid_spread_mean_150": 64.44805474579334,
  "bid_spread_std_150": 72.47836610674858,
  "ask_spread_sum_150": 66.32143205404282,
  "ask_spread_mean_150": 97.75441198050976,
  "ask_spread_std_150": 58.5935979783535,
  "total_volume_sum_150": 93.89033532142639,
  "total_volume_mean_150": 105.54637967050076,
  "total_volume_std_150": 129.38355520367622,
  "volume_imbalance_sum_150": 42.07341504096985,
  "volume_imbalance_mean_150": 357.59513656795025,
  "volume_imbalance_std_150": 53.29764699935913,
  "trade_log_return_realized_volatility": 3644.421989426017,
  "trade_seconds_in_bucket_count_unique": 318.8989268839359,
  "trade_size_sum": 120.11423119902611,
  "trade_order_count_mean": 306.04613441228867,
  "trade_log_return_realized_volatility_450": 837.8877924531698,
  "trade_seconds_in_bucket_count_unique_450": 292.91175216436386,
  "trade_size_sum_450": 136.71251188218594,
  "trade_order_count_mean_450": 218.4470650702715,
  "trade_log_return_realized_volatility_300": 206.72500777244568,
  "trade_seconds_in_bucket_count_unique_300": 287.03041119873524,
  "trade_size_sum_300": 150.16279815137386,
  "trade_order_count_mean_300": 162.59887544810772,
  "trade_log_return_realized_volatility_150": 138.80129636079073,
  "trade_seconds_in_bucket_count_unique_150": 226.5955618172884,
  "trade_size_sum_150": 91.68502974510193,
  "trade_order_count_mean_150": 157.50533512234688,
  "log_return1_realized_volatility_mean_stock": 377.97804383933544,
  "log_return1_realized_volatility_std_stock": 26.928484231233597,
  "log_return1_realized_volatility_max_stock": 16.45967198908329,
  "log_return1_realized_volatility_min_stock": 70.34394267201424,
  "log_return2_realized_volatility_mean_stock": 150.18833251297474,
  "log_return2_realized_volatility_std_stock": 89.72415788471699,
  "log_return2_realized_volatility_max_stock": 27.28464102745056,
  "log_return2_realized_volatility_min_stock": 89.40114764869213,
  "log_return1_realized_volatility_450_mean_stock": 771.1519596874714,
  "log_return1_realized_volatility_450_std_stock": 38.416275918483734,
  "log_return1_realized_volatility_450_max_stock": 21.459091141819954,
  "log_return1_realized_volatility_450_min_stock": 26.572340950369835,
  "log_return2_realized_volatility_450_mean_stock": 107.21864812076092,
  "log_return2_realized_volatility_450_std_stock": 58.2082077562809,
  "log_return2_realized_volatility_450_max_stock": 25.17013791203499,
  "log_return2_realized_volatility_450_min_stock": 20.47465594112873,
  "log_return1_realized_volatility_300_mean_stock": 353.430942311883,
  "log_return1_realized_volatility_300_std_stock": 21.059614896774292,
  "log_return1_realized_volatility_300_max_stock": 15.003693982958794,
  "log_return1_realized_volatility_300_min_stock": 47.94902677834034,
  "log_return2_realized_volatility_300_mean_stock": 188.49443159997463,