{
  "stock_id": 11399.862743288279,
  "wap1_sum": 144.13967238366604,
  "wap1_mean": 83.21295884251595,
  "wap1_std": 114.2626400589943,
  "wap2_sum": 89.38883250951767,
  "wap2_mean": 75.26220455765724,
  "wap2_std": 114.19096314907074,
  "log_return1_sum": 97.65732441097498,
  "log_return1_realized_volatility": 116598.87287188321,
  "log_return1_mean": 82.39683346450329,
  "log_return1_std": 388.171013712883,
  "log_return2_sum": 108.33604083955288,
  "log_return2_realized_volatility": 24837.62682171911,
  "log_return2_mean": 92.77522812783718,
  "log_return2_std": 59.936748042702675,
  "wap_balance_sum": 509.72560065984726,
  "wap_balance_mean": 95.81378443539143,
  "wap_balance_std": 112.82636819779873,
  "price_spread_sum": 1105.5094931274652,
  "price_spread_mean": 813.5835299119353,
  "price_spread_std": 176.52143286168575,
  "bid_spread_sum": 93.66444304585457,
  "bid_spread_mean": 1339.7645134031773,
  "bid_spread_std": 124.9024670869112,
  "ask_spread_sum": 89.37915375828743,
  "ask_spread_mean": 440.42613622546196,
  "ask_spread_std": 83.33640895783901,
  "total_volume_sum": 100.98256309330463,
  "total_volume_mean": 233.13718992471695,
  "total_volume_std": 245.29598189890385,
  "volume_imbalance_sum": 52.19119796156883,
  "volume_imbalance_mean": 1307.7299344688654,
  "volume_imbalance_std": 263.8579106256366,
  "wap1_sum_450": 89.49356201291084,
  "wap1_mean_450": 70.06823199987411,
  "wap1_std_450": 312.0243548452854,
  "wap2_sum_450": 74.71726886928082,
  "wap2_mean_450": 130.50576661527157,
  "wap2_std_450": 324.2521162927151,
  "log_return1_sum_450": 94.81503320485353,
  "log_return1_realized_volatility_450": 817.4061745852232,
  "log_return1_mean_450": 102.1497101932764,
  "log_return1_std_450": 274.5323490947485,
  "log_return2_sum_450": 91.36708205938339,
  "log_return2_realized_volatility_450": 2418.021435678005,
  "log_return2_mean_450": 112.08150613307953,
  "log_return2_std_450": 95.99366094172001,
  "wap_balance_sum_450": 152.2961450368166,
  "wap_balance_mean_450": 123.51675309240818,
  "wap_balance_std_450": 100.00465013086796,
  "price_spread_sum_450": 425.11460116505623,
  "price_spread_mean_450": 707.2871703952551,
  "price_spread_std_450": 126.07208517193794,
  "bid_spread_sum_450": 80.02323276549578,
  "bid_spread_mean_450": 97.38778400421143,
  "bid_spread_std_450": 93.8050461858511,
  "ask_spread_sum_450": 72.59815813601017,
  "ask_spread_mean_450": 894.2562622874975,
  "ask_spread_std_450": 99.20084038376808,
  "total_volume_sum_450": 131.52313658595085,
  "total_volume_mean_450": 108.99942246079445,
  "total_volume_std_450": 141.80085290968418,
  "volume_imbalance_sum_450": 82.08838205039501,
  "volume_imbalance_mean_450": 109.61980511248112,
  "volume_imbalance_std_450": 77.3021252155304,
  "wap1_sum_300": 86.96458823978901,
  "wap1_mean_300": 74.08269813656807,
  "wap1_std_300": 122.30203145742416,
  "wap2_sum_300": 49.60403275489807,
  "wap2_mean_300": 55.13543485105038,
  "wap2_std_300": 124.70123417675495,
  "log_return1_sum_300": 93.15968906879425,
  "log_return1_realized_volatility_300": 8013.654523849487,
  "log_return1_mean_300": 101.00095337629318,
  "log_return1_std_300": 343.2587099224329,
  "log_return2_sum_300": 81.28115107119083,
  "log_return2_realized_volatility_300": 2117.0169266462326,
  "log_return2_mean_300": 92.26813524961472,
  "log_return2_std_300": 124.02743722498417,
  "wap_balance_sum_300": 148.5052240639925,
  "wap_balance_mean_300": 456.36503902077675,
  "wap_balance_std_300": 84.0567030608654,
  "price_spread_sum_300": 643.788673505187,
  "price_spread_mean_300": 791.8900544196367,
  "price_spread_std_300": 97.82326725125313,
  "bid_spread_sum_300": 56.27856397628784,
  "bid_spread_mean_300": 76.017203733325,
  "bid_spread_std_300": 85.93803896009922,
  "ask_spread_sum_300": 81.15022251009941,
  "ask_spread_mean_300": 80.17621305584908,
  "ask_spread_std_300": 97.60689771175385,
  "total_volume_sum_300": 93.47064492106438,
  "total_volume_mean_300": 83.5006362721324,
  "total_volume_std_300": 168.4613732546568,
  "volume_imbalance_sum_300": 52.014522075653076,
  "volume_imbalance_mean_300": 75.7163648456335,
  "volume_imbalance_std_300": 69.79983465373516,
  "wap1_sum_150": 78.68818053603172,
  "wap1_mean_150": 51.851323917508125,
  "wap1_std_150": 70.40158694982529,
  "wap2_sum_150": 76.63343079388142,
  "wap2_mean_150": 63.20867395401001,
  "wap2_std_150": 111.13816887140274,
  "log_return1_sum_150": 103.3138680011034,
  "log_return1_realized_volatility_150": 242757.69934353977,
  "log_return1_mean_150": 89.89998009800911,
  "log_return1_std_150": 374.0479272454977,
  "log_return2_sum_150": 56.29055017232895,
  "log_return2_realized_volatility_150": 3941.995174370706,
  "log_return2_mean_150": 70.6852213293314,
  "log_return2_std_150": 177.8137874752283,
  "wap_balance_sum_150": 308.57828333973885,
  "wap_balance_mean_150": 94.91427384316921,
  "wap_balance_std_150": 65.2998420894146,
  "price_spread_sum_150": 263.2481926381588,
  "price_spread_mean_150": 1681.7778503000736,
  "price_spread_std_150": 109.12180753052235,
  "bid_spread_sum_150": 71.77231088280678,
  "bid_spread_mean_150": 84.26400773227215,
  "bid_spread_std_150": 110.86581353843212,
  "ask_spread_sum_150": 65.49110396206379,
  "ask_spread_mean_150": 103.74943515658379,
  "ask_spread_std_150": 71.97551281750202,
  "total_volume_sum_150": 70.86259393393993,
  "total_volume_mean_150": 117.68473699688911,
  "total_volume_std_150": 94.87761923670769,
  "volume_imbalance_sum_150": 65.33868603408337,
  "volume_imbalance_mean_150": 75.97109414637089,
  "volume_imbalance_std_150": 57.84467911720276,
  "trade_log_return_realized_volatility": 1187.4787001013756,
  "trade_seconds_in_bucket_count_unique": 359.3929295837879,
  "trade_size_sum": 119.58626937866211,
  "trade_order_count_mean": 256.18575343489647,
  "trade_log_return_realized_volatility_450": 1016.2992368489504,
  "trade_seconds_in_bucket_count_unique_450": 281.55236452817917,
  "trade_size_sum_450": 121.43278802931309,
  "trade_order_count_mean_450": 234.4590825587511,
  "trade_log_return_realized_volatility_300": 375.5700796842575,
  "trade_seconds_in_bucket_count_unique_300": 288.4148560613394,
  "trade_size_sum_300": 140.77073468267918,
  "trade_order_count_mean_300": 190.8930844962597,
  "trade_log_return_realized_volatility_150": 277.56414230912924,
  "trade_seconds_in_bucket_count_unique_150": 215.9131024479866,
  "trade_size_sum_150": 123.62366017699242,
  "trade_order_count_mean_150": 215.85342128574848,
  "log_return1_realized_volatility_mean_stock": 333.97473995387554,
  "log_return1_realized_volatility_std_stock": 32.19995707273483,
  "log_return1_realized_volatility_max_stock": 11.972769051790237,
  "log_return1_realized_volatility_min_stock": 47.90269383788109,
  "log_return2_realized_volatility_mean_stock": 135.5884057879448,
  "log_return2_realized_volatility_std_stock": 28.15310876071453,
  "log_return2_realized_volatility_max_stock": 23.47580997645855,
  "log_return2_realized_volatility_min_stock": 54.00259977579117,
  "log_return1_realized_volatility_450_mean_stock": 595.1642742753029,
  "log_return1_realized_volatility_450_std_stock": 36.30611988902092,
  "log_return1_realized_volatility_450_max_stock": 15.849425062537193,
  "log_return1_realized_volatility_450_min_stock": 31.259522899985313,
  "log_return2_realized_volatility_450_mean_stock": 79.58899927139282,
  "log_return2_realized_volatility_450_std_stock": 30.44523724913597,
  "log_return2_realized_volatility_450_max_stock": 24.805800199508667,
  "log_return2_realized_volatility_450_min_stock": 18.23521001636982,
  "log_return1_realized_volatility_300_mean_stock": 218.54424858093262,
  "log_return1_realized_volatility_300_std_stock": 18.111316964030266,
  "log_return1_realized_volatility_300_max_stock": 19.276447758078575,
  "log_return1_realized_volatility_300_min_stock": 21.20861291885376,
  "log_return2_realized_volatility_300_mean_stock": 55.78865143656731,