{
  "stock_id": 7535.869212239981,
  "wap1_sum": 140.81263206899166,
  "wap1_mean": 71.90067617595196,
  "wap1_std": 105.33182801306248,
  "wap2_sum": 109.29414993524551,
  "wap2_mean": 72.38281013071537,
  "wap2_std": 115.28466081619263,
  "log_return1_sum": 104.0827012360096,
  "log_return1_realized_volatility": 85048.04679325223,
  "log_return1_mean": 82.82185393571854,
  "log_return1_std": 2356.3533455878496,
  "log_return2_sum": 89.33059187233448,
  "log_return2_realized_volatility": 20018.560918152332,
  "log_return2_mean": 106.89961910247803,
  "log_return2_std": 271.3440216630697,
  "wap_balance_sum": 397.5952426791191,
  "wap_balance_mean": 158.3019292652607,
  "wap_balance_std": 143.78317511081696,
  "price_spread_sum": 1251.1391855329275,
  "price_spread_mean": 867.8274037837982,
  "price_spread_std": 192.52201730012894,
  "bid_spread_sum": 103.20544230937958,
  "bid_spread_mean": 882.263099655509,
  "bid_spread_std": 104.1871811747551,
  "ask_spread_sum": 75.70619329810143,
  "ask_spread_mean": 912.4241046756506,
  "ask_spread_std": 97.48367184400558,
  "total_volume_sum": 242.2492404729128,
  "total_volume_mean": 218.08672109246254,
  "total_volume_std": 120.67600440979004,
  "volume_imbalance_sum": 50.85701709985733,
  "volume_imbalance_mean": 954.4400304853916,
  "volume_imbalance_std": 297.15051724016666,
  "wap1_sum_450": 81.69099992513657,
  "wap1_mean_450": 78.15759982168674,
  "wap1_std_450": 202.58638690412045,
  "wap2_sum_450": 103.54449497163296,
  "wap2_mean_450": 100.91812494397163,
  "wap2_std_450": 355.4033612757921,
  "log_return1_sum_450": 89.73255245387554,
  "log_return1_realized_volatility_450": 1057.1226146519184,
  "log_return1_mean_450": 96.18958918750286,
  "log_return1_std_450": 322.0671023875475,
  "log_return2_sum_450": 104.8733557164669,
  "log_return2_realized_volatility_450": 8575.743962228298,
  "log_return2_mean_450": 104.84294719994068,
  "log_return2_std_450": 108.6152361780405,
  "wap_balance_sum_450": 238.90632410347462,
  "wap_balance_mean_450": 704.3189378529787,
  "wap_balance_std_450": 144.71301631629467,
  "price_spread_sum_450": 469.3683868050575,
  "price_spread_mean_450": 631.2252813726664,
  "price_spread_std_450": 309.33653189241886,
  "bid_spread_sum_450": 110.26445098221302,
  "bid_spread_mean_450": 88.87582713365555,
  "bid_spread_std_450": 124.71130022406578,
  "ask_spread_sum_450": 96.05280911922455,
  "ask_spread_mean_450": 819.5624774694443,
  "ask_spread_std_450": 76.0709788352251,
  "total_volume_sum_450": 120.62225389480591,
  "total_volume_mean_450": 97.43147251009941,
  "total_volume_std_450": 95.37358382344246,
  "volume_imbalance_sum_450": 71.74417206645012,
  "volume_imbalance_mean_450": 81.76601599156857,
  "volume_imbalance_std_450": 83.48130314052105,
  "wap1_sum_300": 85.72380812466145,
  "wap1_mean_300": 62.87065000832081,
  "wap1_std_300": 108.57945938408375,
  "wap2_sum_300": 60.444585889577866,
  "wap2_mean_300": 50.0439041107893,
  "wap2_std_300": 120.60031823813915,
  "log_return1_sum_300": 81.48256026208401,
  "log_return1_realized_volatility_300": 19059.297909855843,
  "log_return1_mean_300": 133.07783660292625,
  "log_return1_std_300": 466.3952903598547,
  "log_return2_sum_300": 79.0217319726944,
  "log_return2_realized_volatility_300": 1755.3129332512617,
  "log_return2_mean_300": 100.14267717301846,
  "log_return2_std_300": 93.31797097623348,
  "wap_balance_sum_300": 183.81604467332363,
  "wap_balance_mean_300": 321.74163849651814,
  "wap_balance_std_300": 100.22235906124115,
  "price_spread_sum_300": 1614.0501569360495,
  "price_spread_mean_300": 1283.7149709761143,
  "price_spread_std_300": 97.62500333786011,
  "bid_spread_sum_300": 77.5873852968216,
  "bid_spread_mean_300": 102.53949524462223,
  "bid_spread_std_300": 89.38880723714828,
  "ask_spread_sum_300": 73.28635197877884,
  "ask_spread_mean_300": 95.3742246478796,
  "ask_spread_std_300": 106.92192678153515,
  "total_volume_sum_300": 100.63248270750046,
  "total_volume_mean_300": 85.18307588994503,
  "total_volume_std_300": 234.0155407190323,
  "volume_imbalance_sum_300": 66.94869440793991,
  "volume_imbalance_mean_300": 141.54341730475426,
  "volume_imbalance_std_300": 65.46566101908684,
  "wap1_sum_150": 84.35714979469776,
  "wap1_mean_150": 58.06499597430229,
  "wap1_std_150": 65.86147318780422,
  "wap2_sum_150": 106.66633535921574,
  "wap2_mean_150": 56.57554380595684,
  "wap2_std_150": 119.81109701097012,
  "log_return1_sum_150": 99.04658344388008,
  "log_return1_realized_volatility_150": 222754.5061211586,
  "log_return1_mean_150": 98.39423297345638,
  "log_return1_std_150": 300.94444447755814,
  "log_return2_sum_150": 58.98234571516514,
  "log_return2_realized_volatility_150": 7447.261888861656,
  "log_return2_mean_150": 73.37345184385777,
  "log_return2_std_150": 83.56342585384846,
  "wap_balance_sum_150": 290.0969105362892,
  "wap_balance_mean_150": 85.54343827068806,
  "wap_balance_std_150": 117.6034308373928,
  "price_spread_sum_150": 171.51400254666805,
  "price_spread_mean_150": 292.48167507350445,
  "price_spread_std_150": 115.37583075463772,
  "bid_spread_sum_150": 71.27245204150677,
  "bid_spread_mean_150": 87.32902920246124,
  "bid_spread_std_150": 77.28337195515633,
  "ask_spread_sum_150": 73.63429394364357,
  "ask_spread_mean_150": 87.45029318332672,
  "ask_spread_std_150": 83.07531814277172,
  "total_volume_sum_150": 78.17381519079208,
  "total_volume_mean_150": 175.63317881524563,
  "total_volume_std_150": 85.06280708312988,
  "volume_imbalance_sum_150": 53.561795726418495,
  "volume_imbalance_mean_150": 360.24200688302517,
  "volume_imbalance_std_150": 110.63457514345646,
  "trade_log_return_realized_volatility": 2823.911121085286,
  "trade_seconds_in_bucket_count_unique": 364.4623717367649,
  "trade_size_sum": 128.5947776287794,
  "trade_order_count_mean": 258.8896839916706,
  "trade_log_return_realized_volatility_450": 814.0955291539431,
  "trade_seconds_in_bucket_count_unique_450": 392.62642669677734,
  "trade_size_sum_450": 143.32926040887833,
  "trade_order_count_mean_450": 226.53871992230415,
  "trade_log_return_realized_volatility_300": 420.47587160766125,
  "trade_seconds_in_bucket_count_unique_300": 263.5233264416456,
  "trade_size_sum_300": 155.50685122609138,
  "trade_order_count_mean_300": 154.3758583366871,
  "trade_log_return_realized_volatility_150": 139.9663486778736,
  "trade_seconds_in_bucket_count_unique_150": 188.9109891206026,
  "trade_size_sum_150": 178.4259528517723,
  "trade_order_count_mean_150": 248.45388087630272,
  "log_return1_realized_volatility_mean_stock": 641.2592920958996,
  "log_return1_realized_volatility_std_stock": 44.59513847529888,
  "log_return1_realized_volatility_max_stock": 22.28806994855404,
  "log_return1_realized_volatility_min_stock": 87.91459456086159,
  "log_return2_realized_volatility_mean_stock": 133.74127596616745,
  "log_return2_realized_volatility_std_stock": 66.71406702697277,
  "log_return2_realized_volatility_max_stock": 23.84762793779373,
  "log_return2_realized_volatility_min_stock": 68.74362359941006,
  "log_return1_realized_volatility_450_mean_stock": 867.2525741904974,
  "log_return1_realized_volatility_450_std_stock": 41.80857150256634,
  "log_return1_realized_volatility_450_max_stock": 25.323474779725075,
  "log_return1_realized_volatility_450_min_stock": 23.976206108927727,
  "log_return2_realized_volatility_450_mean_stock": 165.38752382993698,
  "log_return2_realized_volatility_450_std_stock": 30.114557668566704,
  "log_return2_realized_volatility_450_max_stock": 34.181724920868874,
  "log_return2_realized_volatility_450_min_stock": 20.297536000609398,
  "log_return1_realized_volatility_300_mean_stock": 220.63448241353035,
  "log_return1_realized_volatility_300_std_stock": 33.246764183044434,
  "log_return1_realized_volatility_300_max_stock": 22.5236709266901,
  "log_return1_realized_volatility_300_min_stock": 73.27724035084248,
  "log_return2_realized_volatility_300_mean_stock": 73.73529133200645,