{
  "stock_id": 10813.429502569139,
  "wap1_sum": 145.47454035282135,
  "wap1_mean": 89.80642175674438,
  "wap1_std": 94.08416616916656,
  "wap2_sum": 115.24809369444847,
  "wap2_mean": 71.16273425519466,
  "wap2_std": 103.00779651105404,
  "log_return1_sum": 100.19020201265812,
  "log_return1_realized_volatility": 117704.27687123418,
  "log_return1_mean": 80.85734395682812,
  "log_return1_std": 461.6913183480501,
  "log_return2_sum": 97.90489864349365,
  "log_return2_realized_volatility": 20884.3577863425,
  "log_return2_mean": 105.02996377646923,
  "log_return2_std": 75.66113017499447,
  "wap_balance_sum": 441.75035989284515,
  "wap_balance_mean": 106.75896023213863,
  "wap_balance_std": 127.71781025826931,
  "price_spread_sum": 1000.6976471990347,
  "price_spread_mean": 1497.107016429305,
  "price_spread_std": 163.79294535517693,
  "bid_spread_sum": 74.9191487878561,
  "bid_spread_mean": 1314.671169951558,
  "bid_spread_std": 98.3499331921339,
  "ask_spread_sum": 58.24989700317383,
  "ask_spread_mean": 957.2794490009546,
  "ask_spread_std": 102.47788493335247,
  "total_volume_sum": 104.27088421583176,
  "total_volume_mean": 229.87215641885996,
  "total_volume_std": 179.71328124403954,
  "volume_imbalance_sum": 45.07295702397823,
  "volume_imbalance_mean": 1294.92829503119,
  "volume_imbalance_std": 239.1416194140911,
  "wap1_sum_450": 128.49737153947353,
  "wap1_mean_450": 74.44037222862244,
  "wap1_std_450": 225.95969919860363,
  "wap2_sum_450": 95.8650556653738,
  "wap2_mean_450": 125.09264201670885,
  "wap2_std_450": 353.54505230486393,
  "log_return1_sum_450": 88.23653823137283,
  "log_return1_realized_volatility_450": 1305.2310688346624,
  "log_return1_mean_450": 101.07422687113285,
  "log_return1_std_450": 376.0751362890005,
  "log_return2_sum_450": 97.18925669789314,
  "log_return2_realized_volatility_450": 1770.0653841793537,
  "log_return2_mean_450": 101.66461111605167,
  "log_return2_std_450": 243.04422450065613,
  "wap_balance_sum_450": 248.9569010734558,
  "wap_balance_mean_450": 148.69039095938206,
  "wap_balance_std_450": 100.49231517314911,
  "price_spread_sum_450": 539.2608572095633,
  "price_spread_mean_450": 1013.2741345614195,
  "price_spread_std_450": 137.9014192521572,
  "bid_spread_sum_450": 121.27885937690735,
  "bid_spread_mean_450": 81.51073795557022,
  "bid_spread_std_450": 96.23438084125519,
  "ask_spread_sum_450": 79.98705503344536,
  "ask_spread_mean_450": 747.5126203745604,
  "ask_spread_std_450": 93.94790472090244,
  "total_volume_sum_450": 98.12667606770992,
  "total_volume_mean_450": 105.99282290041447,
  "total_volume_std_450": 105.681370601058,
  "volume_imbalance_sum_450": 79.01139524579048,
  "volume_imbalance_mean_450": 80.85782627761364,
  "volume_imbalance_std_450": 56.369087278842926,
  "wap1_sum_300": 93.99301306903362,
  "wap1_mean_300": 57.566550850868225,
  "wap1_std_300": 150.1623820066452,
  "wap2_sum_300": 63.3066112101078,
  "wap2_mean_300": 49.28929506242275,
  "wap2_std_300": 140.48767344653606,
  "log_return1_sum_300": 78.13299472630024,
  "log_return1_realized_volatility_300": 9790.727431640029,
  "log_return1_mean_300": 101.03489794582129,
  "log_return1_std_300": 223.92145715653896,
  "log_return2_sum_300": 64.2207003980875,
  "log_return2_realized_volatility_300": 2700.587511047721,
  "log_return2_mean_300": 98.77315671741962,
  "log_return2_std_300": 112.92318861186504,
  "wap_balance_sum_300": 165.18136990070343,
  "wap_balance_mean_300": 487.37594287097454,
  "wap_balance_std_300": 113.24473460018635,
  "price_spread_sum_300": 1064.7320308089256,
  "price_spread_mean_300": 818.5014604330063,
  "price_spread_std_300": 78.70424500107765,
  "bid_spread_sum_300": 63.61751589179039,
  "bid_spread_mean_300": 90.96656587719917,
  "bid_spread_std_300": 74.54216282069683,
  "ask_spread_sum_300": 67.54899874329567,
  "ask_spread_mean_300": 94.16995500028133,
  "ask_spread_std_300": 99.28952796757221,
  "total_volume_sum_300": 81.91642667353153,
  "total_volume_mean_300": 96.12596175074577,
  "total_volume_std_300": 141.59927378594875,
  "volume_imbalance_sum_300": 49.94151635468006,
  "volume_imbalance_mean_300": 78.21842201054096,
  "volume_imbalance_std_300": 74.37025199830532,
  "wap1_sum_150": 83.98616218566895,
  "wap1_mean_150": 66.42083843052387,
  "wap1_std_150": 72.06300792098045,
  "wap2_sum_150": 58.17445194721222,
  "wap2_mean_150": 42.91462142765522,
  "wap2_std_150": 109.75779685378075,
  "log_return1_sum_150": 86.27019689977169,
  "log_return1_realized_volatility_150": 242919.87621637434,
  "log_return1_mean_150": 80.52383986115456,
  "log_return1_std_150": 333.4830089658499,
  "log_return2_sum_150": 84.18236991763115,
  "log_return2_realized_volatility_150": 7528.935556828976,
  "log_return2_mean_150": 63.74608999490738,
  "log_return2_std_150": 147.90688920021057,
  "wap_balance_sum_150": 298.14937452971935,
  "wap_balance_mean_150": 77.77543660998344,
  "wap_balance_std_150": 86.17840264737606,
  "price_spread_sum_150": 129.07501167058945,
  "price_spread_mean_150": 473.8391587883234,
  "price_spread_std_150": 101.91900396347046,
  "bid_spread_sum_150": 72.26602318882942,
  "bid_spread_mean_150": 84.64434115588665,
  "bid_spread_std_150": 87.7721057087183,
  "ask_spread_sum_150": 93.23682183027267,
  "ask_spread_mean_150": 71.89604912698269,
  "ask_spread_std_150": 87.29479321837425,
  "total_volume_sum_150": 93.5986250936985,
  "total_volume_mean_150": 74.96400010585785,
  "total_volume_std_150": 105.84149873256683,
  "volume_imbalance_sum_150": 42.02847595512867,
  "volume_imbalance_mean_150": 287.7677404731512,
  "volume_imbalance_std_150": 73.36823123693466,
  "trade_log_return_realized_volatility": 1019.2956319898367,
  "trade_seconds_in_bucket_count_unique": 355.45556604862213,
  "trade_size_sum": 91.79868933558464,
  "trade_order_count_mean": 198.5195438861847,
  "trade_log_return_realized_volatility_450": 939.8762822300196,
  "trade_seconds_in_bucket_count_unique_450": 331.1586268097162,
  "trade_size_sum_450": 172.1178960353136,
  "trade_order_count_mean_450": 275.62240098416805,
  "trade_log_return_realized_volatility_300": 315.6157751381397,
  "trade_seconds_in_bucket_count_unique_300": 236.8690218180418,
  "trade_size_sum_300": 122.24197515845299,
  "trade_order_count_mean_300": 172.5533665418625,
  "trade_log_return_realized_volatility_150": 263.4488822966814,
  "trade_seconds_in_bucket_count_unique_150": 188.52029889822006,
  "trade_size_sum_150": 133.32536044716835,
  "trade_order_count_mean_150": 207.72932913899422,
  "log_return1_realized_volatility_mean_stock": 507.50017181038857,
  "log_return1_realized_volatility_std_stock": 50.89070715010166,
  "log_return1_realized_volatility_max_stock": 22.129471108317375,
  "log_return1_realized_volatility_min_stock": 69.45362392067909,
  "log_return2_realized_volatility_mean_stock": 94.496722266078,
  "log_return2_realized_volatility_std_stock": 49.0410572886467,
  "log_return2_realized_volatility_max_stock": 18.11950607597828,
  "log_return2_realized_volatility_min_stock": 73.07070101797581,
  "log_return1_realized_volatility_450_mean_stock": 633.1337882429361,
  "log_return1_realized_volatility_450_std_stock": 27.933377027511597,
  "log_return1_realized_volatility_450_max_stock": 9.883821070194244,
  "log_return1_realized_volatility_450_min_stock": 22.40792901813984,
  "log_return2_realized_volatility_450_mean_stock": 154.85321880877018,
  "log_return2_realized_volatility_450_std_stock": 50.72910580039024,
  "log_return2_realized_volatility_450_max_stock": 17.137197092175484,
  "log_return2_realized_volatility_450_min_stock": 26.477460026741028,
  "log_return1_realized_volatility_300_mean_stock": 256.07016226649284,
  "log_return1_realized_volatility_300_std_stock": 22.572266906499863,
  "log_return1_realized_volatility_300_max_stock": 17.084218069911003,
  "log_return1_realized_volatility_300_min_stock": 71.19962838292122,
  "log_return2_realized_volatility_300_mean_stock": 65.20488864183426,