{
  "stock_id": 8581.285854756832,
  "wap1_sum": 146.10701988637447,
  "wap1_mean": 69.38642527163029,
  "wap1_std": 92.77379436790943,
  "wap2_sum": 123.88756701350212,
  "wap2_mean": 63.58915948867798,
  "wap2_std": 110.7116339802742,
  "log_return1_sum": 113.49187296628952,
  "log_return1_realized_volatility": 98286.70699799061,
  "log_return1_mean": 62.850375428795815,
  "log_return1_std": 2500.857326924801,
  "log_return2_sum": 83.29097917675972,
  "log_return2_realized_volatility": 19244.72497574985,
  "log_return2_mean": 88.65677039325237,
  "log_return2_std": 88.77056737244129,
  "wap_balance_sum": 513.1382929086685,
  "wap_balance_mean": 232.86041556298733,
  "wap_balance_std": 138.0268786251545,
  "price_spread_sum": 1231.4981978535652,
  "price_spread_mean": 856.3446270823479,
  "price_spread_std": 174.2703070640564,
  "bid_spread_sum": 67.90834072232246,
  "bid_spread_mean": 487.8435560762882,
  "bid_spread_std": 99.46264547109604,
  "ask_spread_sum": 46.41593100130558,
  "ask_spread_mean": 1338.4700097292662,
  "ask_spread_std": 78.36015501618385,
  "total_volume_sum": 265.54899886250496,
  "total_volume_mean": 301.8862682580948,
  "total_volume_std": 187.5444580167532,
  "volume_imbalance_sum": 52.61116613447666,
  "volume_imbalance_mean": 1473.8979643434286,
  "volume_imbalance_std": 133.34330017864704,
  "wap1_sum_450": 73.79954001307487,
  "wap1_mean_450": 59.8480204641819,
  "wap1_std_450": 182.83084765076637,
  "wap2_sum_450": 67.30233040452003,
  "wap2_mean_450": 96.92944875359535,
  "wap2_std_450": 291.15649315714836,
  "log_return1_sum_450": 80.30304911732674,
  "log_return1_realized_volatility_450": 1392.5280247181654,
  "log_return1_mean_450": 76.68127328157425,
  "log_return1_std_450": 506.5799537152052,
  "log_return2_sum_450": 83.81250469386578,
  "log_return2_realized_volatility_450": 9448.96231867373,
  "log_return2_mean_450": 74.33966103196144,
  "log_return2_std_450": 120.30224430561066,
  "wap_balance_sum_450": 159.8043037354946,
  "wap_balance_mean_450": 87.82475307583809,
  "wap_balance_std_450": 89.93827547132969,
  "price_spread_sum_450": 349.36836825311184,
  "price_spread_mean_450": 279.81636732816696,
  "price_spread_std_450": 107.64973840117455,
  "bid_spread_sum_450": 84.43395313620567,
  "bid_spread_mean_450": 58.2178258895874,
  "bid_spread_std_450": 85.9554448723793,
  "ask_spread_sum_450": 56.91755796968937,
  "ask_spread_mean_450": 940.1396831721067,
  "ask_spread_std_450": 62.188734129071236,
  "total_volume_sum_450": 82.78511396050453,
  "total_volume_mean_450": 143.74605156481266,
  "total_volume_std_450": 70.7606920003891,
  "volume_imbalance_sum_450": 65.354476749897,
  "volume_imbalance_mean_450": 55.529451951384544,
  "volume_imbalance_std_450": 75.90136902034283,
  "wap1_sum_300": 70.92486163973808,
  "wap1_mean_300": 92.90075677633286,
  "wap1_std_300": 117.56413371860981,
  "wap2_sum_300": 73.26849593222141,
  "wap2_mean_300": 57.89047686755657,
  "wap2_std_300": 99.3582392334938,
  "log_return1_sum_300": 68.51823392510414,
  "log_return1_realized_volatility_300": 24542.84506070614,
  "log_return1_mean_300": 90.98162610828876,
  "log_return1_std_300": 639.3024156093597,
  "log_return2_sum_300": 73.31772938370705,
  "log_return2_realized_volatility_300": 2452.9846653342247,
  "log_return2_mean_300": 77.38645170629025,
  "log_return2_std_300": 119.7101942896843,
  "wap_balance_sum_300": 222.2235126197338,
  "wap_balance_mean_300": 409.58096221089363,
  "wap_balance_std_300": 118.54314798116684,
  "price_spread_sum_300": 1229.9012032151222,
  "price_spread_mean_300": 813.4219501763582,
  "price_spread_std_300": 72.42130021750927,
  "bid_spread_sum_300": 52.01971985399723,
  "bid_spread_mean_300": 59.5927611887455,
  "bid_spread_std_300": 84.31476916372776,
  "ask_spread_sum_300": 64.45029802620411,
  "ask_spread_mean_300": 87.10051803290844,
  "ask_spread_std_300": 78.44808223843575,
  "total_volume_sum_300": 70.06166592240334,
  "total_volume_mean_300": 141.92076721787453,
  "total_volume_std_300": 106.49626751244068,
  "volume_imbalance_sum_300": 54.711492985486984,
  "volume_imbalance_mean_300": 132.68488496541977,
  "volume_imbalance_std_300": 44.11263294517994,
  "wap1_sum_150": 60.999543726444244,
  "wap1_mean_150": 66.28635913133621,
  "wap1_std_150": 74.78855922818184,
  "wap2_sum_150": 107.27639028429985,
  "wap2_mean_150": 64.50738853216171,
  "wap2_std_150": 127.07569748163223,
  "log_return1_sum_150": 77.10372987389565,
  "log_return1_realized_volatility_150": 254835.0272847861,
  "log_return1_mean_150": 46.93635892868042,
  "log_return1_std_150": 542.6100535392761,
  "log_return2_sum_150": 56.52407877147198,
  "log_return2_realized_volatility_150": 6734.119446769357,
  "log_return2_mean_150": 61.666416734457016,
  "log_return2_std_150": 73.61512792110443,
  "wap_balance_sum_150": 247.60234220325947,
  "wap_balance_mean_150": 113.88929136097431,
  "wap_balance_std_150": 96.65739770233631,
  "price_spread_sum_150": 296.2919604331255,
  "price_spread_mean_150": 2016.02131742239,
  "price_spread_std_150": 97.35803365707397,
  "bid_spread_sum_150": 81.3567940145731,
  "bid_spread_mean_150": 62.56126394867897,
  "bid_spread_std_150": 75.28100575506687,
  "ask_spread_sum_150": 73.972820982337,
  "ask_spread_mean_150": 112.77472138404846,
  "ask_spread_std_150": 58.957222893834114,
  "total_volume_sum_150": 81.32546293735504,
  "total_volume_mean_150": 107.33309279382229,
  "total_volume_std_150": 111.29540328681469,
  "volume_imbalance_sum_150": 44.27228498458862,
  "volume_imbalance_mean_150": 322.1463669985533,
  "volume_imbalance_std_150": 54.28514038026333,
  "trade_log_return_realized_volatility": 3074.280561029911,
  "trade_seconds_in_bucket_count_unique": 372.87428410351276,
  "trade_size_sum": 123.28090484440327,
  "trade_order_count_mean": 240.18737487494946,
  "trade_log_return_realized_volatility_450": 871.2747469842434,
  "trade_seconds_in_bucket_count_unique_450": 268.24368318915367,
  "trade_size_sum_450": 101.74507395923138,
  "trade_order_count_mean_450": 228.83246558904648,
  "trade_log_return_realized_volatility_300": 922.4480928778648,
  "trade_seconds_in_bucket_count_unique_300": 318.2465891689062,
  "trade_size_sum_300": 128.67985394597054,
  "trade_order_count_mean_300": 158.8919097185135,
  "trade_log_return_realized_volatility_150": 188.03412029147148,
  "trade_seconds_in_bucket_count_unique_150": 185.93378162384033,
  "trade_size_sum_150": 103.48166087269783,
  "trade_order_count_mean_150": 202.315756380558,
  "log_return1_realized_volatility_mean_stock": 594.3976886123419,
  "log_return1_realized_volatility_std_stock": 45.99518743157387,
  "log_return1_realized_volatility_max_stock": 14.294860050082207,
  "log_return1_realized_volatility_min_stock": 64.22924466431141,
  "log_return2_realized_volatility_mean_stock": 150.16915626823902,
  "log_return2_realized_volatility_std_stock": 75.08478465676308,
  "log_return2_realized_volatility_max_stock": 26.74641314148903,
  "log_return2_realized_volatility_min_stock": 95.95521013438702,
  "log_return1_realized_volatility_450_mean_stock": 1044.5291099399328,
  "log_return1_realized_volatility_450_std_stock": 38.15495175123215,
  "log_return1_realized_volatility_450_max_stock": 19.104034915566444,
  "log_return1_realized_volatility_450_min_stock": 40.962054282426834,
  "log_return2_realized_volatility_450_mean_stock": 139.82866778969765,
  "log_return2_realized_volatility_450_std_stock": 51.65430074930191,
  "log_return2_realized_volatility_450_max_stock": 15.01190710067749,
  "log_return2_realized_volatility_450_min_stock": 23.389508098363876,
  "log_return1_realized_volatility_300_mean_stock": 273.4635354578495,
  "log_return1_realized_volatility_300_std_stock": 33.65066593885422,
  "log_return1_realized_volatility_300_max_stock": 24.160884082317352,
  "log_return1_realized_volatility_300_min_stock": 58.76126457750797,
  "log_return2_realized_volatility_300_mean_stock": 78.64105314016342,