{
  "stock_id": 9756.35969786346,
  "wap1_sum": 120.86079867184162,
  "wap1_mean": 66.37714293599129,
  "wap1_std": 95.65238204598427,
  "wap2_sum": 86.68615838885307,
  "wap2_mean": 60.928928047418594,
  "wap2_std": 181.0181429386139,
  "log_return1_sum": 117.27818360924721,
  "log_return1_realized_volatility": 113235.53687228262,
  "log_return1_mean": 81.72026377916336,
  "log_return1_std": 1198.2789159566164,
  "log_return2_sum": 106.34015643596649,
  "log_return2_realized_volatility": 19781.601338475943,
  "log_return2_mean": 102.71071529388428,
  "log_return2_std": 95.12300285696983,
  "wap_balance_sum": 471.9846906810999,
  "wap_balance_mean": 146.585516795516,
  "wap_balance_std": 160.5564185678959,
  "price_spread_sum": 951.5663707852364,
  "price_spread_mean": 918.5111169219017,
  "price_spread_std": 193.12784799933434,
  "bid_spread_sum": 90.24161028862,
  "bid_spread_mean": 1321.5421844124794,
  "bid_spread_std": 97.57310701906681,
  "ask_spread_sum": 67.36004985868931,
  "ask_spread_mean": 1404.748476922512,
  "ask_spread_std": 80.85255067050457,
  "total_volume_sum": 97.40610697865486,
  "total_volume_mean": 271.45573829114437,
  "total_volume_std": 136.2510443776846,
  "volume_imbalance_sum": 60.90433722734451,
  "volume_imbalance_mean": 1680.7699774056673,
  "volume_imbalance_std": 352.64655785262585,
  "wap1_sum_450": 135.00936540961266,
  "wap1_mean_450": 99.72417137026787,
  "wap1_std_450": 236.7948824763298,
  "wap2_sum_450": 79.24158309400082,
  "wap2_mean_450": 130.2303137332201,
  "wap2_std_450": 326.771230712533,
  "log_return1_sum_450": 81.57779362797737,
  "log_return1_realized_volatility_450": 1245.7595105022192,
  "log_return1_mean_450": 94.6398473083973,
  "log_return1_std_450": 369.6190268397331,
  "log_return2_sum_450": 108.62117965519428,
  "log_return2_realized_volatility_450": 1846.0734344869852,
  "log_return2_mean_450": 92.63268080353737,
  "log_return2_std_450": 131.269011169672,
  "wap_balance_sum_450": 179.53280113637447,
  "wap_balance_mean_450": 137.32145136594772,
  "wap_balance_std_450": 133.9658074080944,
  "price_spread_sum_450": 380.91681811213493,
  "price_spread_mean_450": 789.4408302754164,
  "price_spread_std_450": 117.71608674526215,
  "bid_spread_sum_450": 75.33873476088047,
  "bid_spread_mean_450": 93.76601511240005,
  "bid_spread_std_450": 101.81463813781738,
  "ask_spread_sum_450": 82.60149079561234,
  "ask_spread_mean_450": 973.488784879446,
  "ask_spread_std_450": 72.62746159732342,
  "total_volume_sum_450": 104.33198519051075,
  "total_volume_mean_450": 98.154934450984,
  "total_volume_std_450": 105.71165512502193,
  "volume_imbalance_sum_450": 67.31791691482067,
  "volume_imbalance_mean_450": 81.2985213547945,
  "volume_imbalance_std_450": 63.56740964949131,
  "wap1_sum_300": 108.02817583084106,
  "wap1_mean_300": 75.31799487769604,
  "wap1_std_300": 112.74121715128422,
  "wap2_sum_300": 63.010661870241165,
  "wap2_mean_300": 62.181333884596825,
  "wap2_std_300": 144.11097851395607,
  "log_return1_sum_300": 89.50976504385471,
  "log_return1_realized_volatility_300": 7598.114561751485,
  "log_return1_mean_300": 132.77782897651196,
  "log_return1_std_300": 543.1323143094778,
  "log_return2_sum_300": 85.88031958043575,
  "log_return2_realized_volatility_300": 1853.2921050935984,
  "log_return2_mean_300": 92.16050483286381,
  "log_return2_std_300": 161.12675248086452,
  "wap_balance_sum_300": 195.68297861516476,
  "wap_balance_mean_300": 107.1511485427618,
  "wap_balance_std_300": 116.20670121908188,
  "price_spread_sum_300": 915.9985925555229,
  "price_spread_mean_300": 993.496084138751,
  "price_spread_std_300": 92.98061390221119,
  "bid_spread_sum_300": 75.02457189559937,
  "bid_spread_mean_300": 89.3716301470995,
  "bid_spread_std_300": 78.75268052518368,
  "ask_spread_sum_300": 75.4115873426199,
  "ask_spread_mean_300": 86.84355379641056,
  "ask_spread_std_300": 93.74558605253696,
  "total_volume_sum_300": 83.05027911067009,
  "total_volume_mean_300": 74.65040816366673,
  "total_volume_std_300": 134.90872772037983,
  "volume_imbalance_sum_300": 64.74227786064148,
  "volume_imbalance_mean_300": 86.96169178187847,
  "volume_imbalance_std_300": 72.15898226201534,
  "wap1_sum_150": 88.41406093537807,
  "wap1_mean_150": 77.9772235751152,
  "wap1_std_150": 61.42411234974861,
  "wap2_sum_150": 71.94717708230019,
  "wap2_mean_150": 47.76207193732262,
  "wap2_std_150": 124.94073788821697,
  "log_return1_sum_150": 69.6337242424488,
  "log_return1_realized_volatility_150": 234997.97671081126,
  "log_return1_mean_150": 77.68704065680504,
  "log_return1_std_150": 508.5282163769007,
  "log_return2_sum_150": 63.082251235842705,
  "log_return2_realized_volatility_150": 6924.725411936641,
  "log_return2_mean_150": 68.8377580344677,
  "log_return2_std_150": 120.71520511806011,
  "wap_balance_sum_150": 209.3558692485094,
  "wap_balance_mean_150": 347.436056420207,
  "wap_balance_std_150": 96.16081736981869,
  "price_spread_sum_150": 180.8874154239893,
  "price_spread_mean_150": 446.85479322075844,
  "price_spread_std_150": 125.09858307242393,
  "bid_spread_sum_150": 63.56209708750248,
  "bid_spread_mean_150": 78.79921101033688,
  "bid_spread_std_150": 99.18769238889217,
  "ask_spread_sum_150": 64.22133032977581,
  "ask_spread_mean_150": 86.47177486121655,
  "ask_spread_std_150": 69.48685160279274,
  "total_volume_sum_150": 121.97541545331478,
  "total_volume_mean_150": 101.45868846774101,
  "total_volume_std_150": 58.6778330206871,
  "volume_imbalance_sum_150": 57.64495597779751,
  "volume_imbalance_mean_150": 62.6146782040596,
  "volume_imbalance_std_150": 91.91537564992905,
  "trade_log_return_realized_volatility": 1368.5283020883799,
  "trade_seconds_in_bucket_count_unique": 315.8200896680355,
  "trade_size_sum": 132.30887912213802,
  "trade_order_count_mean": 242.29479260742664,
  "trade_log_return_realized_volatility_450": 933.2224333137274,
  "trade_seconds_in_bucket_count_unique_450": 316.25866936147213,
  "trade_size_sum_450": 135.38033175468445,
  "trade_order_count_mean_450": 195.28873153030872,
  "trade_log_return_realized_volatility_300": 473.12683457136154,
  "trade_seconds_in_bucket_count_unique_300": 280.0355080664158,
  "trade_size_sum_300": 177.63544097542763,
  "trade_order_count_mean_300": 174.1863713413477,
  "trade_log_return_realized_volatility_150": 230.15854375064373,
  "trade_seconds_in_bucket_count_unique_150": 210.46917128562927,
  "trade_size_sum_150": 113.3022313117981,
  "trade_order_count_mean_150": 182.1639026105404,
  "log_return1_realized_volatility_mean_stock": 504.9310256689787,
  "log_return1_realized_volatility_std_stock": 43.196443021297455,
  "log_return1_realized_volatility_max_stock": 16.116198047995567,
  "log_return1_realized_volatility_min_stock": 61.780915945768356,
  "log_return2_realized_volatility_mean_stock": 116.9231167435646,
  "log_return2_realized_volatility_std_stock": 24.3902707695961,
  "log_return2_realized_volatility_max_stock": 20.410685062408447,
  "log_return2_realized_volatility_min_stock": 52.130182072520256,
  "log_return1_realized_volatility_450_mean_stock": 664.9293307065964,
  "log_return1_realized_volatility_450_std_stock": 43.26845797896385,
  "log_return1_realized_volatility_450_max_stock": 12.689464077353477,
  "log_return1_realized_volatility_450_min_stock": 33.17665107548237,
  "log_return2_realized_volatility_450_mean_stock": 115.35902492702007,
  "log_return2_realized_volatility_450_std_stock": 60.40075495839119,
  "log_return2_realized_volatility_450_max_stock": 13.555071979761124,
  "log_return2_realized_volatility_450_min_stock": 21.888667076826096,
  "log_return1_realized_volatility_300_mean_stock": 210.54183223843575,
  "log_return1_realized_volatility_300_std_stock": 27.054444149136543,
  "log_return1_realized_volatility_300_max_stock": 20.406229957938194,
  "log_return1_realized_volatility_300_min_stock": 38.527424439787865,
  "log_return2_realized_volatility_300_mean_stock": 105.61562642455101,