{
  "stock_id": 9660.791056603193,
  "wap1_sum": 139.020615786314,
  "wap1_mean": 66.52377805113792,
  "wap1_std": 75.62078508734703,
  "wap2_sum": 102.64597174525261,
  "wap2_mean": 57.07867394387722,
  "wap2_std": 87.28239524364471,
  "log_return1_sum": 77.11107389628887,
  "log_return1_realized_volatility": 100273.09523154795,
  "log_return1_mean": 71.29109074175358,
  "log_return1_std": 160.31835974752903,
  "log_return2_sum": 97.46324521303177,
  "log_return2_realized_volatility": 19360.892954126,
  "log_return2_mean": 64.3769319653511,
  "log_return2_std": 74.19057548046112,
  "wap_balance_sum": 502.2465211749077,
  "wap_balance_mean": 279.9312825500965,
  "wap_balance_std": 119.55491870641708,
  "price_spread_sum": 1295.2866964191198,
  "price_spread_mean": 1172.0113812983036,
  "price_spread_std": 187.562987357378,
  "bid_spread_sum": 61.2632552087307,
  "bid_spread_mean": 1341.6162645667791,
  "bid_spread_std": 102.42675644159317,
  "ask_spread_sum": 57.89534701406956,
  "ask_spread_mean": 951.1999711841345,
  "ask_spread_std": 95.24155816435814,
  "total_volume_sum": 261.24555322527885,
  "total_volume_mean": 291.68944081664085,
  "total_volume_std": 68.19507110118866,
  "volume_imbalance_sum": 36.025826156139374,
  "volume_imbalance_mean": 642.1957182437181,
  "volume_imbalance_std": 94.65716296434402,
  "wap1_sum_450": 83.63850356638432,
  "wap1_mean_450": 61.36237008869648,
  "wap1_std_450": 236.15899392962456,
  "wap2_sum_450": 55.89984981715679,
  "wap2_mean_450": 110.76634833216667,
  "wap2_std_450": 301.1376028954983,
  "log_return1_sum_450": 79.61124405264854,
  "log_return1_realized_volatility_450": 960.4328382611275,
  "log_return1_mean_450": 63.17531791329384,
  "log_return1_std_450": 284.7642630189657,
  "log_return2_sum_450": 60.08110496401787,
  "log_return2_realized_volatility_450": 9461.93851390481,
  "log_return2_mean_450": 79.07597404718399,
  "log_return2_std_450": 115.58959659934044,
  "wap_balance_sum_450": 148.18920634686947,
  "wap_balance_mean_450": 88.19645220041275,
  "wap_balance_std_450": 97.54853308200836,
  "price_spread_sum_450": 378.93878738582134,
  "price_spread_mean_450": 610.750250980258,
  "price_spread_std_450": 88.73410576581955,
  "bid_spread_sum_450": 45.48633514344692,
  "bid_spread_mean_450": 70.71608498692513,
  "bid_spread_std_450": 96.38815307617188,
  "ask_spread_sum_450": 58.98102094233036,
  "ask_spread_mean_450": 903.5433581024408,
  "ask_spread_std_450": 61.44807110726833,
  "total_volume_sum_450": 103.66666156053543,
  "total_volume_mean_450": 126.48098735511303,
  "total_volume_std_450": 59.327369913458824,
  "volume_imbalance_sum_450": 67.93170154094696,
  "volume_imbalance_mean_450": 79.57940202951431,
  "volume_imbalance_std_450": 43.99927318096161,
  "wap1_sum_300": 62.091484159231186,
  "wap1_mean_300": 36.79297122359276,
  "wap1_std_300": 103.05595324933529,
  "wap2_sum_300": 53.04570797085762,
  "wap2_mean_300": 31.676080092787743,
  "wap2_std_300": 86.41326534748077,
  "log_return1_sum_300": 69.68784196674824,
  "log_return1_realized_volatility_300": 22743.363050222397,
  "log_return1_mean_300": 104.72681337594986,
  "log_return1_std_300": 599.8428282290697,
  "log_return2_sum_300": 37.01315997540951,
  "log_return2_realized_volatility_300": 2222.8437874764204,
  "log_return2_mean_300": 78.77339747548103,
  "log_return2_std_300": 111.3051048964262,
  "wap_balance_sum_300": 175.9383920878172,
  "wap_balance_mean_300": 544.381031319499,
  "wap_balance_std_300": 75.12450614571571,
  "price_spread_sum_300": 885.233953922987,
  "price_spread_mean_300": 1557.8811781406403,
  "price_spread_std_300": 82.06343914568424,
  "bid_spread_sum_300": 44.96059790253639,
  "bid_spread_mean_300": 84.84580487012863,
  "bid_spread_std_300": 59.67576861381531,
  "ask_spread_sum_300": 69.35614408552647,
  "ask_spread_mean_300": 95.4663478732109,
  "ask_spread_std_300": 68.78628514707088,
  "total_volume_sum_300": 52.99371089041233,
  "total_volume_mean_300": 88.40697692334652,
  "total_volume_std_300": 102.19518728554249,
  "volume_imbalance_sum_300": 41.73962205648422,
  "volume_imbalance_mean_300": 266.3214671462774,
  "volume_imbalance_std_300": 43.68446892499924,
  "wap1_sum_150": 76.97330318391323,
  "wap1_mean_150": 46.53872229158878,
  "wap1_std_150": 54.619934037327766,
  "wap2_sum_150": 71.67174968123436,
  "wap2_mean_150": 40.02113416790962,
  "wap2_std_150": 116.33890378475189,
  "log_return1_sum_150": 76.45550033450127,
  "log_return1_realized_volatility_150": 250099.6018101722,
  "log_return1_mean_150": 70.60273019969463,
  "log_return1_std_150": 403.46155773103237,
  "log_return2_sum_150": 67.240915954113,
  "log_return2_realized_volatility_150": 8870.714856594801,
  "log_return2_mean_150": 49.965657979249954,
  "log_return2_std_150": 75.57321310043335,
  "wap_balance_sum_150": 227.6794402450323,
  "wap_balance_mean_150": 131.30341593921185,
  "wap_balance_std_150": 89.63357105851173,
  "price_spread_sum_150": 377.4337699562311,
  "price_spread_mean_150": 678.5944497138262,
  "price_spread_std_150": 79.804009988904,
  "bid_spread_sum_150": 50.87892360985279,
  "bid_spread_mean_150": 66.4288828521967,
  "bid_spread_std_150": 69.70792676508427,
  "ask_spread_sum_150": 60.40818610787392,
  "ask_spread_mean_150": 92.91069377958775,
  "ask_spread_std_150": 50.82157091796398,
  "total_volume_sum_150": 94.56150189042091,
  "total_volume_mean_150": 93.36061942577362,
  "total_volume_std_150": 124.52328695356846,
  "volume_imbalance_sum_150": 92.38666898012161,
  "volume_imbalance_mean_150": 165.50072179734707,
  "volume_imbalance_std_150": 63.5255663394928,
  "trade_log_return_realized_volatility": 2544.997544258833,
  "trade_seconds_in_bucket_count_unique": 345.919659614563,
  "trade_size_sum": 125.51911613345146,
  "trade_order_count_mean": 296.67920234799385,
  "trade_log_return_realized_volatility_450": 1015.1653981655836,
  "trade_seconds_in_bucket_count_unique_450": 274.35096149146557,
  "trade_size_sum_450": 106.93486016988754,
  "trade_order_count_mean_450": 154.8890701085329,
  "trade_log_return_realized_volatility_300": 320.0712416321039,
  "trade_seconds_in_bucket_count_unique_300": 304.46275936067104,
  "trade_size_sum_300": 163.57573041319847,
  "trade_order_count_mean_300": 183.585747808218,
  "trade_log_return_realized_volatility_150": 200.11704570055008,
  "trade_seconds_in_bucket_count_unique_150": 174.35280485451221,
  "trade_size_sum_150": 96.29180386662483,
  "trade_order_count_mean_150": 169.1633145660162,
  "log_return1_realized_volatility_mean_stock": 386.10042437911034,
  "log_return1_realized_volatility_std_stock": 61.45721113681793,
  "log_return1_realized_volatility_max_stock": 10.694645911455154,
  "log_return1_realized_volatility_min_stock": 50.34313660860062,
  "log_return2_realized_volatility_mean_stock": 165.57747554779053,
  "log_return2_realized_volatility_std_stock": 63.97223821282387,
  "log_return2_realized_volatility_max_stock": 15.139481991529465,
  "log_return2_realized_volatility_min_stock": 91.32699379324913,
  "log_return1_realized_volatility_450_mean_stock": 849.0092323422432,
  "log_return1_realized_volatility_450_std_stock": 38.49412488937378,
  "log_return1_realized_volatility_450_max_stock": 14.539047837257385,
  "log_return1_realized_volatility_450_min_stock": 19.64135007560253,
  "log_return2_realized_volatility_450_mean_stock": 97.01054644584656,
  "log_return2_realized_volatility_450_std_stock": 60.951390981674194,
  "log_return2_realized_volatility_450_max_stock": 16.074441000819206,
  "log_return2_realized_volatility_450_min_stock": 16.28588479757309,
  "log_return1_realized_volatility_300_mean_stock": 300.74821439385414,
  "log_return1_realized_volatility_300_std_stock": 13.363719940185547,
  "log_return1_realized_volatility_300_max_stock": 24.33628721535206,
  "log_return1_realized_volatility_300_min_stock": 69.31447051465511,
  "log_return2_realized_volatility_300_mean_stock": 150.18985530734062,