{
  "stock_id": 9551.791431620717,
  "wap1_sum": 135.56266859173775,
  "wap1_mean": 94.05150909721851,
  "wap1_std": 112.67479908466339,
  "wap2_sum": 133.10172832012177,
  "wap2_mean": 83.68717707693577,
  "wap2_std": 99.00070230662823,
  "log_return1_sum": 93.84463283419609,
  "log_return1_realized_volatility": 95316.71208670735,
  "log_return1_mean": 105.33482101559639,
  "log_return1_std": 315.7514868080616,
  "log_return2_sum": 106.12418647110462,
  "log_return2_realized_volatility": 18628.383277654648,
  "log_return2_mean": 99.34209318459034,
  "log_return2_std": 98.9729944318533,
  "wap_balance_sum": 541.815877020359,
  "wap_balance_mean": 117.56874492764473,
  "wap_balance_std": 131.96653625369072,
  "price_spread_sum": 1326.7089826613665,
  "price_spread_mean": 1186.1841170787811,
  "price_spread_std": 188.59356874227524,
  "bid_spread_sum": 87.60606703162193,
  "bid_spread_mean": 1323.3003756701946,
  "bid_spread_std": 134.88147385418415,
  "ask_spread_sum": 71.8564453125,
  "ask_spread_mean": 1030.0235178917646,
  "ask_spread_std": 96.88631795346737,
  "total_volume_sum": 246.33199408650398,
  "total_volume_mean": 300.45223012566566,
  "total_volume_std": 230.28892469406128,
  "volume_imbalance_sum": 54.14740391075611,
  "volume_imbalance_mean": 1217.2597546428442,
  "volume_imbalance_std": 64.83402200043201,
  "wap1_sum_450": 126.02074724435806,
  "wap1_mean_450": 82.91890513896942,
  "wap1_std_450": 290.85972265154123,
  "wap2_sum_450": 64.17542426288128,
  "wap2_mean_450": 128.81945073604584,
  "wap2_std_450": 220.15536031126976,
  "log_return1_sum_450": 79.61731779575348,
  "log_return1_realized_volatility_450": 1249.441846191883,
  "log_return1_mean_450": 94.23844082653522,
  "log_return1_std_450": 210.1359288394451,
  "log_return2_sum_450": 103.48266580700874,
  "log_return2_realized_volatility_450": 9099.006388574839,
  "log_return2_mean_450": 110.88795727491379,
  "log_return2_std_450": 113.14064553380013,
  "wap_balance_sum_450": 220.25247378647327,
  "wap_balance_mean_450": 80.48294793069363,
  "wap_balance_std_450": 118.73681569099426,
  "price_spread_sum_450": 359.56202432513237,
  "price_spread_mean_450": 622.6462055146694,
  "price_spread_std_450": 110.86550943553448,
  "bid_spread_sum_450": 95.11600638926029,
  "bid_spread_mean_450": 99.37938496470451,
  "bid_spread_std_450": 127.28462798893452,
  "ask_spread_sum_450": 74.0176311135292,
  "ask_spread_mean_450": 847.5098463594913,
  "ask_spread_std_450": 90.39066310226917,
  "total_volume_sum_450": 149.82833084464073,
  "total_volume_mean_450": 160.7526775225997,
  "total_volume_std_450": 95.37684641778469,
  "volume_imbalance_sum_450": 65.62212803959846,
  "volume_imbalance_mean_450": 105.82567128539085,
  "volume_imbalance_std_450": 78.56541545689106,
  "wap1_sum_300": 88.97698752582073,
  "wap1_mean_300": 79.46731947362423,
  "wap1_std_300": 135.98563554883003,
  "wap2_sum_300": 58.935161873698235,
  "wap2_mean_300": 71.82496130466461,
  "wap2_std_300": 143.67847034335136,
  "log_return1_sum_300": 91.35421296954155,
  "log_return1_realized_volatility_300": 22716.316056236625,
  "log_return1_mean_300": 105.12181107699871,
  "log_return1_std_300": 650.1274784058332,
  "log_return2_sum_300": 90.22891901433468,
  "log_return2_realized_volatility_300": 1897.100235670805,
  "log_return2_mean_300": 97.50075149536133,
  "log_return2_std_300": 146.7422409951687,
  "wap_balance_sum_300": 210.7471855431795,
  "wap_balance_mean_300": 378.58979335427284,
  "wap_balance_std_300": 125.18582233786583,
  "price_spread_sum_300": 821.9209272861481,
  "price_spread_mean_300": 659.873635917902,
  "price_spread_std_300": 86.70659209787846,
  "bid_spread_sum_300": 78.95722606778145,
  "bid_spread_mean_300": 98.97093310952187,
  "bid_spread_std_300": 66.65423695743084,
  "ask_spread_sum_300": 52.15690389275551,
  "ask_spread_mean_300": 126.8788977265358,
  "ask_spread_std_300": 104.41469421982765,
  "total_volume_sum_300": 96.24292777478695,
  "total_volume_mean_300": 77.40748608112335,
  "total_volume_std_300": 115.46164001524448,
  "volume_imbalance_sum_300": 75.04452213644981,
  "volume_imbalance_mean_300": 292.2815229445696,
  "volume_imbalance_std_300": 73.71304123103619,
  "wap1_sum_150": 94.15027311444283,
  "wap1_mean_150": 58.391339153051376,
  "wap1_std_150": 100.91724434494972,
  "wap2_sum_150": 80.90201641619205,
  "wap2_mean_150": 42.04989714920521,
  "wap2_std_150": 175.8758984208107,
  "log_return1_sum_150": 75.0412000566721,
  "log_return1_realized_volatility_150": 237635.8428825289,
  "log_return1_mean_150": 89.79515273869038,
  "log_return1_std_150": 292.4373961687088,
  "log_return2_sum_150": 67.3352900147438,
  "log_return2_realized_volatility_150": 9654.104426339269,
  "log_return2_mean_150": 74.1633957773447,
  "log_return2_std_150": 83.31153412163258,
  "wap_balance_sum_150": 273.97303181886673,
  "wap_balance_mean_150": 141.72201791405678,
  "wap_balance_std_150": 98.59113283455372,
  "price_spread_sum_150": 219.4283128976822,
  "price_spread_mean_150": 936.7879511117935,
  "price_spread_std_150": 105.62523579597473,
  "bid_spread_sum_150": 75.23321595788002,
  "bid_spread_mean_150": 89.38246089220047,
  "bid_spread_std_150": 84.03732855618,
  "ask_spread_sum_150": 65.77835562825203,
  "ask_spread_mean_150": 73.78915771842003,
  "ask_spread_std_150": 82.94626514613628,
  "total_volume_sum_150": 108.87560062110424,
  "total_volume_mean_150": 145.93888783454895,
  "total_volume_std_150": 86.02208030223846,
  "volume_imbalance_sum_150": 97.97054454684258,
  "volume_imbalance_mean_150": 160.99130947887897,
  "volume_imbalance_std_150": 106.89713010191917,
  "trade_log_return_realized_volatility": 2679.0268333405256,
  "trade_seconds_in_bucket_count_unique": 407.1848089694977,
  "trade_size_sum": 146.34936627745628,
  "trade_order_count_mean": 253.9605233296752,
  "trade_log_return_realized_volatility_450": 941.5903268158436,
  "trade_seconds_in_bucket_count_unique_450": 298.8320422619581,
  "trade_size_sum_450": 133.37061969935894,
  "trade_order_count_mean_450": 181.36710722744465,
  "trade_log_return_realized_volatility_300": 221.63679213821888,
  "trade_seconds_in_bucket_count_unique_300": 265.5683345794678,
  "trade_size_sum_300": 141.5340923666954,
  "trade_order_count_mean_300": 209.07242825627327,
  "trade_log_return_realized_volatility_150": 254.49290339648724,
  "trade_seconds_in_bucket_count_unique_150": 232.92233207076788,
  "trade_size_sum_150": 107.76655451953411,
  "trade_order_count_mean_150": 190.271991699934,
  "log_return1_realized_volatility_mean_stock": 363.692590713501,
  "log_return1_realized_volatility_std_stock": 29.797957971692085,
  "log_return1_realized_volatility_max_stock": 23.097897931933403,
  "log_return1_realized_volatility_min_stock": 75.39862611889839,
  "log_return2_realized_volatility_mean_stock": 177.40103815495968,
  "log_return2_realized_volatility_std_stock": 57.9827024936676,
  "log_return2_realized_volatility_max_stock": 24.809000954031944,
  "log_return2_realized_volatility_min_stock": 86.43845950067043,
  "log_return1_realized_volatility_450_mean_stock": 730.8224929124117,
  "log_return1_realized_volatility_450_std_stock": 42.46868632733822,
  "log_return1_realized_volatility_450_max_stock": 31.344931066036224,
  "log_return1_realized_volatility_450_min_stock": 26.834684774279594,
  "log_return2_realized_volatility_450_mean_stock": 131.95811998844147,
  "log_return2_realized_volatility_450_std_stock": 45.71978808939457,
  "log_return2_realized_volatility_450_max_stock": 24.946746945381165,
  "log_return2_realized_volatility_450_min_stock": 23.42121694982052,
  "log_return1_realized_volatility_300_mean_stock": 279.8762021958828,
  "log_return1_realized_volatility_300_std_stock": 18.92592880129814,
  "log_return1_realized_volatility_300_max_stock": 25.50737391412258,
  "log_return1_realized_volatility_300_min_stock": 61.40942230820656,
  "log_return2_realized_volatility_300_mean_stock": 223.61053293943405,