{
  "stock_id": 10274.845754802227,
  "wap1_sum": 133.76035809516907,
  "wap1_mean": 73.07753297686577,
  "wap1_std": 108.1383107304573,
  "wap2_sum": 57.1373066008091,
  "wap2_mean": 67.0715881884098,
  "wap2_std": 104.41380077600479,
  "log_return1_sum": 101.83736474812031,
  "log_return1_realized_volatility": 140948.60496336222,
  "log_return1_mean": 68.40205369889736,
  "log_return1_std": 149.35058245062828,
  "log_return2_sum": 100.96155256032944,
  "log_return2_realized_volatility": 20295.07148489356,
  "log_return2_mean": 76.73678705096245,
  "log_return2_std": 250.32980558276176,
  "wap_balance_sum": 268.8850546181202,
  "wap_balance_mean": 108.06365658342838,
  "wap_balance_std": 159.82982203364372,
  "price_spread_sum": 722.675237968564,
  "price_spread_mean": 567.2782302200794,
  "price_spread_std": 190.374612480402,
  "bid_spread_sum": 71.6110451221466,
  "bid_spread_mean": 979.8306244313717,
  "bid_spread_std": 105.45097802579403,
  "ask_spread_sum": 74.20234617590904,
  "ask_spread_mean": 427.3498128205538,
  "ask_spread_std": 88.83278094232082,
  "total_volume_sum": 97.16195765137672,
  "total_volume_mean": 179.7502956390381,
  "total_volume_std": 115.08606460690498,
  "volume_imbalance_sum": 57.543832540512085,
  "volume_imbalance_mean": 412.67338758707047,
  "volume_imbalance_std": 434.55398738384247,
  "wap1_sum_450": 95.39173805713654,
  "wap1_mean_450": 109.88838014006615,
  "wap1_std_450": 187.06009596586227,
  "wap2_sum_450": 43.70540112257004,
  "wap2_mean_450": 70.4897463619709,
  "wap2_std_450": 179.64351144433022,
  "log_return1_sum_450": 102.56641986966133,
  "log_return1_realized_volatility_450": 1010.6267280876637,
  "log_return1_mean_450": 100.70387189090252,
  "log_return1_std_450": 232.5862943828106,
  "log_return2_sum_450": 110.71777158975601,
  "log_return2_realized_volatility_450": 3032.083689466119,
  "log_return2_mean_450": 105.7951787263155,
  "log_return2_std_450": 194.79094964265823,
  "wap_balance_sum_450": 157.03159606456757,
  "wap_balance_mean_450": 333.5154266357422,
  "wap_balance_std_450": 129.73612412810326,
  "price_spread_sum_450": 438.4472200870514,
  "price_spread_mean_450": 453.028730943799,
  "price_spread_std_450": 121.45005492866039,
  "bid_spread_sum_450": 88.63927927613258,
  "bid_spread_mean_450": 102.36818389594555,
  "bid_spread_std_450": 107.5326997935772,
  "ask_spread_sum_450": 87.25949767231941,
  "ask_spread_mean_450": 391.0964306741953,
  "ask_spread_std_450": 106.67126296460629,
  "total_volume_sum_450": 99.20514917373657,
  "total_volume_mean_450": 82.82693289220333,
  "total_volume_std_450": 133.2105577737093,
  "volume_imbalance_sum_450": 74.45579622685909,
  "volume_imbalance_mean_450": 99.34673483669758,
  "volume_imbalance_std_450": 54.37393805384636,
  "wap1_sum_300": 73.90730020403862,
  "wap1_mean_300": 55.2822442650795,
  "wap1_std_300": 126.44016632437706,
  "wap2_sum_300": 43.298682272434235,
  "wap2_mean_300": 48.72053427994251,
  "wap2_std_300": 157.61663208901882,
  "log_return1_sum_300": 100.29737202823162,
  "log_return1_realized_volatility_300": 9823.325423002243,
  "log_return1_mean_300": 97.26806482672691,
  "log_return1_std_300": 884.133513212204,
  "log_return2_sum_300": 83.32838118076324,
  "log_return2_realized_volatility_300": 2400.0912873595953,
  "log_return2_mean_300": 91.76294776797295,
  "log_return2_std_300": 123.77798244357109,
  "wap_balance_sum_300": 128.04547294974327,
  "wap_balance_mean_300": 603.2610514163971,
  "wap_balance_std_300": 137.95795094966888,
  "price_spread_sum_300": 1161.1326337456703,
  "price_spread_mean_300": 713.4489211440086,
  "price_spread_std_300": 108.86359167098999,
  "bid_spread_sum_300": 68.44643215835094,
  "bid_spread_mean_300": 65.82871760427952,
  "bid_spread_std_300": 92.3541712462902,
  "ask_spread_sum_300": 86.79099628329277,
  "ask_spread_mean_300": 100.73587892949581,
  "ask_spread_std_300": 83.71250693500042,
  "total_volume_sum_300": 85.32079893350601,
  "total_volume_mean_300": 75.29212407767773,
  "total_volume_std_300": 177.65929779410362,
  "volume_imbalance_sum_300": 57.70413485169411,
  "volume_imbalance_mean_300": 70.17967876791954,
  "volume_imbalance_std_300": 110.51179943978786,
  "wap1_sum_150": 83.7500659674406,
  "wap1_mean_150": 44.66921979188919,
  "wap1_std_150": 82.49465775489807,
  "wap2_sum_150": 26.832897275686264,
  "wap2_mean_150": 42.6959810256958,
  "wap2_std_150": 104.18936102092266,
  "log_return1_sum_150": 100.68850862979889,
  "log_return1_realized_volatility_150": 103495.3585152626,
  "log_return1_mean_150": 68.54591496288776,
  "log_return1_std_150": 413.5690055936575,
  "log_return2_sum_150": 71.25285597145557,
  "log_return2_realized_volatility_150": 6064.103428289294,
  "log_return2_mean_150": 85.59415093064308,
  "log_return2_std_150": 169.21197149157524,
  "wap_balance_sum_150": 267.88375060260296,
  "wap_balance_mean_150": 160.50631502270699,
  "wap_balance_std_150": 165.40341407060623,
  "price_spread_sum_150": 216.24755123257637,
  "price_spread_mean_150": 180.24365565180779,
  "price_spread_std_150": 100.83073678612709,
  "bid_spread_sum_150": 68.88694015145302,
  "bid_spread_mean_150": 80.67978999018669,
  "bid_spread_std_150": 92.59323208034039,
  "ask_spread_sum_150": 60.34631818532944,
  "ask_spread_mean_150": 82.2701580375433,
  "ask_spread_std_150": 85.46574284136295,
  "total_volume_sum_150": 87.81223425269127,
  "total_volume_mean_150": 68.1254118680954,
  "total_volume_std_150": 227.11046762764454,
  "volume_imbalance_sum_150": 55.250763952732086,
  "volume_imbalance_mean_150": 614.4941545575857,
  "volume_imbalance_std_150": 105.92478874325752,
  "trade_log_return_realized_volatility": 535.2048144042492,
  "trade_seconds_in_bucket_count_unique": 216.78195218741894,
  "trade_size_sum": 100.40117958188057,
  "trade_order_count_mean": 273.5040815770626,
  "trade_log_return_realized_volatility_450": 1569.2531665116549,
  "trade_seconds_in_bucket_count_unique_450": 198.3685644865036,
  "trade_size_sum_450": 158.37621031701565,
  "trade_order_count_mean_450": 245.51153254508972,
  "trade_log_return_realized_volatility_300": 450.34308111667633,
  "trade_seconds_in_bucket_count_unique_300": 175.46989111602306,
  "trade_size_sum_300": 102.72189493477345,
  "trade_order_count_mean_300": 198.2643257677555,
  "trade_log_return_realized_volatility_150": 139.11640548706055,
  "trade_seconds_in_bucket_count_unique_150": 164.7982271462679,
  "trade_size_sum_150": 101.05057966709137,
  "trade_order_count_mean_150": 145.50241200625896,
  "log_return1_realized_volatility_mean_stock": 283.0910893380642,
  "log_return1_realized_volatility_std_stock": 25.402834713459015,
  "log_return1_realized_volatility_max_stock": 7.987814962863922,
  "log_return1_realized_volatility_min_stock": 82.57895743846893,
  "log_return2_realized_volatility_mean_stock": 19.915868878364563,
  "log_return2_realized_volatility_std_stock": 25.11580127477646,
  "log_return2_realized_volatility_max_stock": 13.961469858884811,
  "log_return2_realized_volatility_min_stock": 19.895525991916656,
  "log_return1_realized_volatility_450_mean_stock": 556.6361133754253,
  "log_return1_realized_volatility_450_std_stock": 6.397000044584274,
  "log_return1_realized_volatility_450_max_stock": 16.998306810855865,
  "log_return1_realized_volatility_450_min_stock": 15.31442803144455,
  "log_return2_realized_volatility_450_mean_stock": 23.413153916597366,
  "log_return2_realized_volatility_450_std_stock": 7.04804590344429,
  "log_return2_realized_volatility_450_max_stock": 6.763127967715263,
  "log_return2_realized_volatility_450_min_stock": 10.95283779501915,
  "log_return1_realized_volatility_300_mean_stock": 247.21430206298828,
  "log_return1_realized_volatility_300_std_stock": 7.9866668581962585,
  "log_return1_realized_volatility_300_max_stock": 8.027770966291428,
  "log_return1_realized_volatility_300_min_stock": 19.520427763462067,
  "log_return2_realized_volatility_300_mean_stock": 16.831958144903183,