{
  "stock_id": 10053.749560937285,
  "wap1_sum": 122.61538523435593,
  "wap1_mean": 77.42506982386112,
  "wap1_std": 117.8566932529211,
  "wap2_sum": 95.62515184283257,
  "wap2_mean": 66.50199592113495,
  "wap2_std": 102.82014067471027,
  "log_return1_sum": 107.35714489221573,
  "log_return1_realized_volatility": 97131.35835590959,
  "log_return1_mean": 82.82305409014225,
  "log_return1_std": 2443.9779695123434,
  "log_return2_sum": 119.22808733582497,
  "log_return2_realized_volatility": 19389.062099397182,
  "log_return2_mean": 107.58253093063831,
  "log_return2_std": 69.16161319613457,
  "wap_balance_sum": 533.9336350858212,
  "wap_balance_mean": 113.72223781049252,
  "wap_balance_std": 127.62904261052608,
  "price_spread_sum": 1189.7593713700771,
  "price_spread_mean": 938.7270459607244,
  "price_spread_std": 178.39428289234638,
  "bid_spread_sum": 93.49109098315239,
  "bid_spread_mean": 504.8499826788902,
  "bid_spread_std": 98.6122702807188,
  "ask_spread_sum": 79.52133277058601,
  "ask_spread_mean": 1271.9348449110985,
  "ask_spread_std": 94.64210121333599,
  "total_volume_sum": 281.7731886729598,
  "total_volume_mean": 395.3800670951605,
  "total_volume_std": 203.09167055785656,
  "volume_imbalance_sum": 58.866929084062576,
  "volume_imbalance_mean": 1417.9964403361082,
  "volume_imbalance_std": 212.74182924628258,
  "wap1_sum_450": 115.72752387821674,
  "wap1_mean_450": 66.67094819247723,
  "wap1_std_450": 278.9074772000313,
  "wap2_sum_450": 85.26352287828922,
  "wap2_mean_450": 120.0781551450491,
  "wap2_std_450": 222.1177097260952,
  "log_return1_sum_450": 84.93108659982681,
  "log_return1_realized_volatility_450": 1273.890681117773,
  "log_return1_mean_450": 88.39675553143024,
  "log_return1_std_450": 423.8005800694227,
  "log_return2_sum_450": 102.51295401155949,
  "log_return2_realized_volatility_450": 9699.256686627865,
  "log_return2_mean_450": 107.90992467105389,
  "log_return2_std_450": 134.23313201963902,
  "wap_balance_sum_450": 124.72074180841446,
  "wap_balance_mean_450": 117.3287810832262,
  "wap_balance_std_450": 97.11780799925327,
  "price_spread_sum_450": 553.7649538964033,
  "price_spread_mean_450": 250.24680623412132,
  "price_spread_std_450": 98.91219374537468,
  "bid_spread_sum_450": 121.513317450881,
  "bid_spread_mean_450": 86.32021680474281,
  "bid_spread_std_450": 101.65587702393532,
  "ask_spread_sum_450": 81.04758410900831,
  "ask_spread_mean_450": 1080.077484689653,
  "ask_spread_std_450": 95.69299991428852,
  "total_volume_sum_450": 69.27472625672817,
  "total_volume_mean_450": 161.65119194984436,
  "total_volume_std_450": 93.46039994060993,
  "volume_imbalance_sum_450": 66.51656605303288,
  "volume_imbalance_mean_450": 82.82212586700916,
  "volume_imbalance_std_450": 89.2682286053896,
  "wap1_sum_300": 109.6113594174385,
  "wap1_mean_300": 71.48188546299934,
  "wap1_std_300": 149.7212058454752,
  "wap2_sum_300": 70.96521505713463,
  "wap2_mean_300": 56.078360959887505,
  "wap2_std_300": 115.8858073502779,
  "log_return1_sum_300": 73.19785822182894,
  "log_return1_realized_volatility_300": 22406.050920158625,
  "log_return1_mean_300": 109.32765515893698,
  "log_return1_std_300": 612.8969488143921,
  "log_return2_sum_300": 72.78942823410034,
  "log_return2_realized_volatility_300": 2247.631209023297,
  "log_return2_mean_300": 91.28387713432312,
  "log_return2_std_300": 140.10234500467777,
  "wap_balance_sum_300": 272.03622767329216,
  "wap_balance_mean_300": 356.26943358778954,
  "wap_balance_std_300": 103.82419010996819,
  "price_spread_sum_300": 1137.2846995592117,
  "price_spread_mean_300": 682.9599192738533,
  "price_spread_std_300": 90.29112692177296,
  "bid_spread_sum_300": 61.07514927536249,
  "bid_spread_mean_300": 109.11589424312115,
  "bid_spread_std_300": 108.525605276227,
  "ask_spread_sum_300": 84.58151207864285,
  "ask_spread_mean_300": 101.06641215085983,
  "ask_spread_std_300": 88.84883469343185,
  "total_volume_sum_300": 93.55933433771133,
  "total_volume_mean_300": 106.2773336917162,
  "total_volume_std_300": 96.8088957220316,
  "volume_imbalance_sum_300": 99.5344850718975,
  "volume_imbalance_mean_300": 285.06002029776573,
  "volume_imbalance_std_300": 60.79833783209324,
  "wap1_sum_150": 91.1192944124341,
  "wap1_mean_150": 57.97941616177559,
  "wap1_std_150": 77.40604589879513,
  "wap2_sum_150": 86.19672091305256,
  "wap2_mean_150": 56.609737902879715,
  "wap2_std_150": 147.0896423459053,
  "log_return1_sum_150": 104.19872571527958,
  "log_return1_realized_volatility_150": 255513.73446296155,
  "log_return1_mean_150": 83.6977197676897,
  "log_return1_std_150": 593.0265830233693,
  "log_return2_sum_150": 99.91772432625294,
  "log_return2_realized_volatility_150": 10247.228333987296,
  "log_return2_mean_150": 61.35174088180065,
  "log_return2_std_150": 77.72228816151619,
  "wap_balance_sum_150": 381.3027280420065,
  "wap_balance_mean_150": 122.74902442097664,
  "wap_balance_std_150": 101.34395419061184,
  "price_spread_sum_150": 287.27098819613457,
  "price_spread_mean_150": 2065.7016471475363,
  "price_spread_std_150": 115.42680512368679,
  "bid_spread_sum_150": 82.30337727069855,
  "bid_spread_mean_150": 88.61732320487499,
  "bid_spread_std_150": 63.15603690594435,
  "ask_spread_sum_150": 71.18063409626484,
  "ask_spread_mean_150": 115.75066101551056,
  "ask_spread_std_150": 77.3686141371727,
  "total_volume_sum_150": 88.51957981288433,
  "total_volume_mean_150": 110.36614042520523,
  "total_volume_std_150": 105.05626241862774,
  "volume_imbalance_sum_150": 65.3195930570364,
  "volume_imbalance_mean_150": 220.58464168012142,
  "volume_imbalance_std_150": 61.0140201151371,
  "trade_log_return_realized_volatility": 3413.446217805147,
  "trade_seconds_in_bucket_count_unique": 353.5591372922063,
  "trade_size_sum": 144.34499026834965,
  "trade_order_count_mean": 225.0391644909978,
  "trade_log_return_realized_volatility_450": 1031.832415163517,
  "trade_seconds_in_bucket_count_unique_450": 263.2487437725067,
  "trade_size_sum_450": 169.91215778887272,
  "trade_order_count_mean_450": 214.10324569046497,
  "trade_log_return_realized_volatility_300": 697.7983100414276,
  "trade_seconds_in_bucket_count_unique_300": 284.27667886018753,
  "trade_size_sum_300": 134.5499111711979,
  "trade_order_count_mean_300": 146.25441506505013,
  "trade_log_return_realized_volatility_150": 205.5252536535263,
  "trade_seconds_in_bucket_count_unique_150": 227.15576710551977,
  "trade_size_sum_150": 110.71022273600101,
  "trade_order_count_mean_150": 239.82773189991713,
  "log_return1_realized_volatility_mean_stock": 449.2262426763773,
  "log_return1_realized_volatility_std_stock": 38.269004717469215,
  "log_return1_realized_volatility_max_stock": 29.95314520597458,
  "log_return1_realized_volatility_min_stock": 68.52636763453484,
  "log_return2_realized_volatility_mean_stock": 116.49119982123375,
  "log_return2_realized_volatility_std_stock": 92.12393069267273,
  "log_return2_realized_volatility_max_stock": 23.772512063384056,
  "log_return2_realized_volatility_min_stock": 60.49570597708225,
  "log_return1_realized_volatility_450_mean_stock": 879.755567252636,
  "log_return1_realized_volatility_450_std_stock": 52.26629251241684,
  "log_return1_realized_volatility_450_max_stock": 22.193412020802498,
  "log_return1_realized_volatility_450_min_stock": 21.907440051436424,
  "log_return2_realized_volatility_450_mean_stock": 140.62380307912827,
  "log_return2_realized_volatility_450_std_stock": 56.42120835930109,
  "log_return2_realized_volatility_450_max_stock": 25.849203184247017,
  "log_return2_realized_volatility_450_min_stock": 20.512210115790367,
  "log_return1_realized_volatility_300_mean_stock": 293.5528711229563,
  "log_return1_realized_volatility_300_std_stock": 32.77435129880905,
  "log_return1_realized_volatility_300_max_stock": 25.345890134572983,
  "log_return1_realized_volatility_300_min_stock": 50.029851108789444,
  "log_return2_realized_volatility_300_mean_stock": 239.4896824657917,