{
  "stock_id": 11198.192565381527,
  "wap1_sum": 103.55097560584545,
  "wap1_mean": 59.58311386406422,
  "wap1_std": 72.55770002305508,
  "wap2_sum": 75.96211110055447,
  "wap2_mean": 64.65030205249786,
  "wap2_std": 95.91822910308838,
  "log_return1_sum": 90.80373528599739,
  "log_return1_realized_volatility": 124982.67716690898,
  "log_return1_mean": 81.90454266965389,
  "log_return1_std": 191.42478328943253,
  "log_return2_sum": 81.99335588514805,
  "log_return2_realized_volatility": 25562.81803752482,
  "log_return2_mean": 80.30075988173485,
  "log_return2_std": 62.82023902237415,
  "wap_balance_sum": 445.96478076279163,
  "wap_balance_mean": 105.03443677723408,
  "wap_balance_std": 109.7376557290554,
  "price_spread_sum": 1070.0520172268152,
  "price_spread_mean": 641.7060594707727,
  "price_spread_std": 208.8183352649212,
  "bid_spread_sum": 61.27116894721985,
  "bid_spread_mean": 1335.3983200788498,
  "bid_spread_std": 113.41927257180214,
  "ask_spread_sum": 48.147682905197144,
  "ask_spread_mean": 1366.6763116717339,
  "ask_spread_std": 77.1432886570692,
  "total_volume_sum": 132.4330009520054,
  "total_volume_mean": 292.42980943620205,
  "total_volume_std": 268.73169097304344,
  "volume_imbalance_sum": 43.27960982918739,
  "volume_imbalance_mean": 1311.261280298233,
  "volume_imbalance_std": 143.23910515010357,
  "wap1_sum_450": 71.12093412876129,
  "wap1_mean_450": 53.09162560105324,
  "wap1_std_450": 223.21328556537628,
  "wap2_sum_450": 56.644122034311295,
  "wap2_mean_450": 112.47445194423199,
  "wap2_std_450": 222.18053245544434,
  "log_return1_sum_450": 66.11061599850655,
  "log_return1_realized_volatility_450": 764.2146019935608,
  "log_return1_mean_450": 93.99717745184898,
  "log_return1_std_450": 242.47631408274174,
  "log_return2_sum_450": 70.9293712079525,
  "log_return2_realized_volatility_450": 2088.475449696183,
  "log_return2_mean_450": 63.824724182486534,
  "log_return2_std_450": 94.93360878527164,
  "wap_balance_sum_450": 172.9841619282961,
  "wap_balance_mean_450": 133.13224571943283,
  "wap_balance_std_450": 69.56501190364361,
  "price_spread_sum_450": 531.4491928070784,
  "price_spread_mean_450": 725.3493739962578,
  "price_spread_std_450": 72.00761081278324,
  "bid_spread_sum_450": 61.4529540091753,
  "bid_spread_mean_450": 87.87374296784401,
  "bid_spread_std_450": 68.55899521708488,
  "ask_spread_sum_450": 70.08398994803429,
  "ask_spread_mean_450": 900.5094787031412,
  "ask_spread_std_450": 85.60626569390297,
  "total_volume_sum_450": 78.86374244093895,
  "total_volume_mean_450": 153.8636119365692,
  "total_volume_std_450": 65.66330993175507,
  "volume_imbalance_sum_450": 55.9912987947464,
  "volume_imbalance_mean_450": 57.4931680560112,
  "volume_imbalance_std_450": 71.5554972589016,
  "wap1_sum_300": 50.03363421559334,
  "wap1_mean_300": 72.28665873408318,
  "wap1_std_300": 172.7269922196865,
  "wap2_sum_300": 55.08776515722275,
  "wap2_mean_300": 35.436350896954536,
  "wap2_std_300": 115.37137520313263,
  "log_return1_sum_300": 58.61104974150658,
  "log_return1_realized_volatility_300": 8410.530947118998,
  "log_return1_mean_300": 81.29501590132713,
  "log_return1_std_300": 404.4128131866455,
  "log_return2_sum_300": 68.93041151762009,
  "log_return2_realized_volatility_300": 2569.968063428998,
  "log_return2_mean_300": 74.61140893399715,
  "log_return2_std_300": 127.74411962926388,
  "wap_balance_sum_300": 144.57840304076672,
  "wap_balance_mean_300": 343.07421243190765,
  "wap_balance_std_300": 67.79642052948475,
  "price_spread_sum_300": 578.2219092547894,
  "price_spread_mean_300": 943.2533305287361,
  "price_spread_std_300": 83.35649639368057,
  "bid_spread_sum_300": 54.70250190794468,
  "bid_spread_mean_300": 72.21359723806381,
  "bid_spread_std_300": 66.57145491242409,
  "ask_spread_sum_300": 48.3813271522522,
  "ask_spread_mean_300": 105.39806365966797,
  "ask_spread_std_300": 67.94079771637917,
  "total_volume_sum_300": 64.65505735576153,
  "total_volume_mean_300": 95.14465516805649,
  "total_volume_std_300": 76.02618999779224,
  "volume_imbalance_sum_300": 43.841535836458206,
  "volume_imbalance_mean_300": 68.2587262392044,
  "volume_imbalance_std_300": 51.35774286091328,
  "wap1_sum_150": 99.61114832758904,
  "wap1_mean_150": 58.28862062096596,
  "wap1_std_150": 52.028475016355515,
  "wap2_sum_150": 90.07801625132561,
  "wap2_mean_150": 48.43868172168732,
  "wap2_std_150": 126.62897956371307,
  "log_return1_sum_150": 62.20530705153942,
  "log_return1_realized_volatility_150": 253948.0628131479,
  "log_return1_mean_150": 71.69801788032055,
  "log_return1_std_150": 482.5979030877352,
  "log_return2_sum_150": 47.21800531446934,
  "log_return2_realized_volatility_150": 1582.8221498429775,
  "log_return2_mean_150": 66.5247211754322,
  "log_return2_std_150": 129.31447957456112,
  "wap_balance_sum_150": 359.269627481699,
  "wap_balance_mean_150": 100.20289494097233,
  "wap_balance_std_150": 68.78883266448975,
  "price_spread_sum_150": 374.7514429092407,
  "price_spread_mean_150": 1085.1566264480352,
  "price_spread_std_150": 90.77475714683533,
  "bid_spread_sum_150": 57.023565009236336,
  "bid_spread_mean_150": 81.11613902449608,
  "bid_spread_std_150": 54.829635977745056,
  "ask_spread_sum_150": 58.86427192389965,
  "ask_spread_mean_150": 48.3932149708271,
  "ask_spread_std_150": 53.558389097452164,
  "total_volume_sum_150": 71.42712622880936,
  "total_volume_mean_150": 78.35014878213406,
  "total_volume_std_150": 54.75475914776325,
  "volume_imbalance_sum_150": 39.690067142248154,
  "volume_imbalance_mean_150": 55.05109083652496,
  "volume_imbalance_std_150": 96.77768060564995,
  "trade_log_return_realized_volatility": 1110.6121549755335,
  "trade_seconds_in_bucket_count_unique": 357.4324463903904,
  "trade_size_sum": 95.71423754096031,
  "trade_order_count_mean": 196.3739773631096,
  "trade_log_return_realized_volatility_450": 921.8110309392214,
  "trade_seconds_in_bucket_count_unique_450": 301.8076454550028,
  "trade_size_sum_450": 112.30972534418106,
  "trade_order_count_mean_450": 187.49323374032974,
  "trade_log_return_realized_volatility_300": 460.4241460710764,
  "trade_seconds_in_bucket_count_unique_300": 246.00773188471794,
  "trade_size_sum_300": 118.01144108176231,
  "trade_order_count_mean_300": 159.45582599937916,
  "trade_log_return_realized_volatility_150": 331.655152797699,
  "trade_seconds_in_bucket_count_unique_150": 193.86085230112076,
  "trade_size_sum_150": 84.61988213658333,
  "trade_order_count_mean_150": 234.24452072381973,
  "log_return1_realized_volatility_mean_stock": 382.3528790175915,
  "log_return1_realized_volatility_std_stock": 17.227005064487457,
  "log_return1_realized_volatility_max_stock": 11.162843018770218,
  "log_return1_realized_volatility_min_stock": 35.23077481985092,
  "log_return2_realized_volatility_mean_stock": 155.12892284989357,
  "log_return2_realized_volatility_std_stock": 74.05503934621811,
  "log_return2_realized_volatility_max_stock": 17.06444412469864,
  "log_return2_realized_volatility_min_stock": 54.60866767168045,
  "log_return1_realized_volatility_450_mean_stock": 577.9210996329784,
  "log_return1_realized_volatility_450_std_stock": 34.09031990170479,
  "log_return1_realized_volatility_450_max_stock": 9.465248972177505,
  "log_return1_realized_volatility_450_min_stock": 14.889412939548492,
  "log_return2_realized_volatility_450_mean_stock": 120.13184666633606,
  "log_return2_realized_volatility_450_std_stock": 34.86329931020737,
  "log_return2_realized_volatility_450_max_stock": 18.773447036743164,
  "log_return2_realized_volatility_450_min_stock": 15.704622969031334,
  "log_return1_realized_volatility_300_mean_stock": 199.05297955870628,
  "log_return1_realized_volatility_300_std_stock": 18.840365201234818,
  "log_return1_realized_volatility_300_max_stock": 13.288736015558243,
  "log_return1_realized_volatility_300_min_stock": 19.391669154167175,
  "log_return2_realized_volatility_300_mean_stock": 50.376356691122055,