{
  "stock_id": 10660.94217582047,
  "wap1_sum": 109.70293715596199,
  "wap1_mean": 79.10796941816807,
  "wap1_std": 107.94206522405148,
  "wap2_sum": 88.96644772589207,
  "wap2_mean": 60.782161220908165,
  "wap2_std": 109.24009589105844,
  "log_return1_sum": 83.06859192252159,
  "log_return1_realized_volatility": 103100.48368664086,
  "log_return1_mean": 76.49628911912441,
  "log_return1_std": 233.55321283638477,
  "log_return2_sum": 95.20553466677666,
  "log_return2_realized_volatility": 17164.264785334468,
  "log_return2_mean": 83.728496581316,
  "log_return2_std": 93.94593453407288,
  "wap_balance_sum": 483.2682875096798,
  "wap_balance_mean": 106.18271243572235,
  "wap_balance_std": 110.84720334410667,
  "price_spread_sum": 1314.5672837942839,
  "price_spread_mean": 553.1220275685191,
  "price_spread_std": 186.44135762751102,
  "bid_spread_sum": 91.30914741754532,
  "bid_spread_mean": 1408.7863457500935,
  "bid_spread_std": 101.022525832057,
  "ask_spread_sum": 50.95844101905823,
  "ask_spread_mean": 1518.062226653099,
  "ask_spread_std": 68.20218939334154,
  "total_volume_sum": 272.9202707707882,
  "total_volume_mean": 241.85231019556522,
  "total_volume_std": 203.86516462266445,
  "volume_imbalance_sum": 53.10503500699997,
  "volume_imbalance_mean": 1106.4448664784431,
  "volume_imbalance_std": 111.4011912792921,
  "wap1_sum_450": 81.49253715574741,
  "wap1_mean_450": 82.32742223888636,
  "wap1_std_450": 275.79404197633266,
  "wap2_sum_450": 75.58275905251503,
  "wap2_mean_450": 108.98308208584785,
  "wap2_std_450": 296.29376527667046,
  "log_return1_sum_450": 84.28771631419659,
  "log_return1_realized_volatility_450": 994.8143411278725,
  "log_return1_mean_450": 69.86246532201767,
  "log_return1_std_450": 299.269419580698,
  "log_return2_sum_450": 86.11821967363358,
  "log_return2_realized_volatility_450": 9799.343166150153,
  "log_return2_mean_450": 81.55677051842213,
  "log_return2_std_450": 114.18834570795298,
  "wap_balance_sum_450": 140.88427856564522,
  "wap_balance_mean_450": 127.22604347765446,
  "wap_balance_std_450": 87.51293727755547,
  "price_spread_sum_450": 402.515882819891,
  "price_spread_mean_450": 705.657442227006,
  "price_spread_std_450": 92.6807421296835,
  "bid_spread_sum_450": 55.54286480695009,
  "bid_spread_mean_450": 84.6543258279562,
  "bid_spread_std_450": 84.76872152090073,
  "ask_spread_sum_450": 62.83066911995411,
  "ask_spread_mean_450": 771.9462164193392,
  "ask_spread_std_450": 64.50541797280312,
  "total_volume_sum_450": 97.30405548214912,
  "total_volume_mean_450": 172.0040596947074,
  "total_volume_std_450": 88.22319027781487,
  "volume_imbalance_sum_450": 79.15990678966045,
  "volume_imbalance_mean_450": 71.97935082018375,
  "volume_imbalance_std_450": 55.19044814258814,
  "wap1_sum_300": 84.2202912569046,
  "wap1_mean_300": 66.35718040168285,
  "wap1_std_300": 97.36430045217276,
  "wap2_sum_300": 56.741837322711945,
  "wap2_mean_300": 45.035955145955086,
  "wap2_std_300": 106.58979181945324,
  "log_return1_sum_300": 73.28823538124561,
  "log_return1_realized_volatility_300": 8236.342308148742,
  "log_return1_mean_300": 88.69275590032339,
  "log_return1_std_300": 685.7106962800026,
  "log_return2_sum_300": 60.9736191034317,
  "log_return2_realized_volatility_300": 2921.919838503003,
  "log_return2_mean_300": 78.60335499048233,
  "log_return2_std_300": 143.32926060259342,
  "wap_balance_sum_300": 156.09885814785957,
  "wap_balance_mean_300": 419.7227839976549,
  "wap_balance_std_300": 100.43339183926582,
  "price_spread_sum_300": 937.5944253057241,
  "price_spread_mean_300": 1750.2741131484509,
  "price_spread_std_300": 75.10255438089371,
  "bid_spread_sum_300": 45.93613486737013,
  "bid_spread_mean_300": 77.14275300502777,
  "bid_spread_std_300": 76.13440404832363,
  "ask_spread_sum_300": 54.10296691954136,
  "ask_spread_mean_300": 75.39680816233158,
  "ask_spread_std_300": 95.21867007017136,
  "total_volume_sum_300": 60.57660873234272,
  "total_volume_mean_300": 132.26464934647083,
  "total_volume_std_300": 90.68494053184986,
  "volume_imbalance_sum_300": 51.548115000128746,
  "volume_imbalance_mean_300": 68.64851592481136,
  "volume_imbalance_std_300": 62.060100346803665,
  "wap1_sum_150": 69.23894001543522,
  "wap1_mean_150": 49.19971391558647,
  "wap1_std_150": 62.0557282269001,
  "wap2_sum_150": 86.03981228172779,
  "wap2_mean_150": 36.788115948438644,
  "wap2_std_150": 134.9875376969576,
  "log_return1_sum_150": 75.81535115838051,
  "log_return1_realized_volatility_150": 278892.396536842,
  "log_return1_mean_150": 68.7971154153347,
  "log_return1_std_150": 453.6731614470482,
  "log_return2_sum_150": 79.98515170812607,
  "log_return2_realized_volatility_150": 7356.68652959913,
  "log_return2_mean_150": 65.5538341999054,
  "log_return2_std_150": 125.75456522405148,
  "wap_balance_sum_150": 367.20514868199825,
  "wap_balance_mean_150": 104.56756393611431,
  "wap_balance_std_150": 85.61070235073566,
  "price_spread_sum_150": 261.0391530096531,
  "price_spread_mean_150": 593.1598283946514,
  "price_spread_std_150": 102.66791516542435,
  "bid_spread_sum_150": 62.452913239598274,
  "bid_spread_mean_150": 86.85874511301517,
  "bid_spread_std_150": 99.56626105308533,
  "ask_spread_sum_150": 63.96023212373257,
  "ask_spread_mean_150": 63.91391098499298,
  "ask_spread_std_150": 52.85768838226795,
  "total_volume_sum_150": 129.9963708370924,
  "total_volume_mean_150": 81.51413675397635,
  "total_volume_std_150": 46.66319814324379,
  "volume_imbalance_sum_150": 58.5298301205039,
  "volume_imbalance_mean_150": 89.92544454336166,
  "volume_imbalance_std_150": 66.24258667230606,
  "trade_log_return_realized_volatility": 2365.745354011655,
  "trade_seconds_in_bucket_count_unique": 343.8269471526146,
  "trade_size_sum": 121.0505300462246,
  "trade_order_count_mean": 225.87394163757563,
  "trade_log_return_realized_volatility_450": 973.0158363133669,
  "trade_seconds_in_bucket_count_unique_450": 304.3710194826126,
  "trade_size_sum_450": 125.02064271271229,
  "trade_order_count_mean_450": 171.6239524334669,
  "trade_log_return_realized_volatility_300": 395.35530254244804,
  "trade_seconds_in_bucket_count_unique_300": 257.1046184375882,
  "trade_size_sum_300": 157.58100447058678,
  "trade_order_count_mean_300": 163.0963331758976,
  "trade_log_return_realized_volatility_150": 353.1186050027609,
  "trade_seconds_in_bucket_count_unique_150": 192.93346253037453,
  "trade_size_sum_150": 105.718436434865,
  "trade_order_count_mean_150": 180.46099527180195,
  "log_return1_realized_volatility_mean_stock": 612.9176205098629,
  "log_return1_realized_volatility_std_stock": 40.08149915933609,
  "log_return1_realized_volatility_max_stock": 18.52201499044895,
  "log_return1_realized_volatility_min_stock": 84.11998522281647,
  "log_return2_realized_volatility_mean_stock": 115.95749835669994,
  "log_return2_realized_volatility_std_stock": 43.502616211771965,
  "log_return2_realized_volatility_max_stock": 24.044208899140358,
  "log_return2_realized_volatility_min_stock": 64.81918951869011,
  "log_return1_realized_volatility_450_mean_stock": 854.8676918745041,
  "log_return1_realized_volatility_450_std_stock": 37.72035627067089,
  "log_return1_realized_volatility_450_max_stock": 15.901877909898758,
  "log_return1_realized_volatility_450_min_stock": 22.097513049840927,
  "log_return2_realized_volatility_450_mean_stock": 127.35258612036705,
  "log_return2_realized_volatility_450_std_stock": 74.84083519876003,
  "log_return2_realized_volatility_450_max_stock": 21.581718802452087,
  "log_return2_realized_volatility_450_min_stock": 14.29167602956295,
  "log_return1_realized_volatility_300_mean_stock": 295.80735993385315,
  "log_return1_realized_volatility_300_std_stock": 19.55818009376526,
  "log_return1_realized_volatility_300_max_stock": 18.6515681296587,
  "log_return1_realized_volatility_300_min_stock": 64.65345875918865,
  "log_return2_realized_volatility_300_mean_stock": 176.67036765813828,