{
  "stock_id": 9573.839676171541,
  "wap1_sum": 111.16374343633652,
  "wap1_mean": 62.36895579099655,
  "wap1_std": 84.39011210203171,
  "wap2_sum": 45.95065900683403,
  "wap2_mean": 54.42300096154213,
  "wap2_std": 121.85611164569855,
  "log_return1_sum": 80.58199715614319,
  "log_return1_realized_volatility": 123233.37475037575,
  "log_return1_mean": 68.32283785939217,
  "log_return1_std": 207.31401577591896,
  "log_return2_sum": 76.29574826359749,
  "log_return2_realized_volatility": 19837.079337984324,
  "log_return2_mean": 61.84546506404877,
  "log_return2_std": 171.37591642141342,
  "wap_balance_sum": 173.344767421484,
  "wap_balance_mean": 114.72931259870529,
  "wap_balance_std": 168.31489926576614,
  "price_spread_sum": 510.94597178697586,
  "price_spread_mean": 411.0190079510212,
  "price_spread_std": 188.30321536958218,
  "bid_spread_sum": 64.25981602072716,
  "bid_spread_mean": 882.2985005378723,
  "bid_spread_std": 89.50041484832764,
  "ask_spread_sum": 63.008365869522095,
  "ask_spread_mean": 295.4361446797848,
  "ask_spread_std": 79.19646343588829,
  "total_volume_sum": 80.13809674978256,
  "total_volume_mean": 118.71517816185951,
  "total_volume_std": 78.1381129026413,
  "volume_imbalance_sum": 41.52872413396835,
  "volume_imbalance_mean": 158.8733410537243,
  "volume_imbalance_std": 806.1078772544861,
  "wap1_sum_450": 83.96474722027779,
  "wap1_mean_450": 74.21317833662033,
  "wap1_std_450": 95.11637687683105,
  "wap2_sum_450": 59.414807081222534,
  "wap2_mean_450": 92.42874589562416,
  "wap2_std_450": 214.455781519413,
  "log_return1_sum_450": 86.28988695144653,
  "log_return1_realized_volatility_450": 1242.9374677836895,
  "log_return1_mean_450": 88.66733840107918,
  "log_return1_std_450": 307.15785178542137,
  "log_return2_sum_450": 69.67133823037148,
  "log_return2_realized_volatility_450": 3259.2188136279583,
  "log_return2_mean_450": 78.14477935433388,
  "log_return2_std_450": 164.3670212328434,
  "wap_balance_sum_450": 159.13199198246002,
  "wap_balance_mean_450": 83.40725919604301,
  "wap_balance_std_450": 141.72157216072083,
  "price_spread_sum_450": 448.41942915320396,
  "price_spread_mean_450": 428.0046932399273,
  "price_spread_std_450": 86.83179947733879,
  "bid_spread_sum_450": 73.36771380901337,
  "bid_spread_mean_450": 66.84621432423592,
  "bid_spread_std_450": 82.82751381397247,
  "ask_spread_sum_450": 72.17963495850563,
  "ask_spread_mean_450": 92.2464411854744,
  "ask_spread_std_450": 115.48885488510132,
  "total_volume_sum_450": 67.80813953280449,
  "total_volume_mean_450": 73.64892408251762,
  "total_volume_std_450": 83.33741042017937,
  "volume_imbalance_sum_450": 56.14257809519768,
  "volume_imbalance_mean_450": 63.663523226976395,
  "volume_imbalance_std_450": 51.12174901366234,
  "wap1_sum_300": 67.33260011672974,
  "wap1_mean_300": 29.515426129102707,
  "wap1_std_300": 136.86164185404778,
  "wap2_sum_300": 28.90044116973877,
  "wap2_mean_300": 30.256538063287735,
  "wap2_std_300": 99.5455050766468,
  "log_return1_sum_300": 70.48263797163963,
  "log_return1_realized_volatility_300": 7516.729123651981,
  "log_return1_mean_300": 68.51880085468292,
  "log_return1_std_300": 569.5316780805588,
  "log_return2_sum_300": 77.7110108435154,
  "log_return2_realized_volatility_300": 2830.7573336213827,
  "log_return2_mean_300": 77.57128238677979,
  "log_return2_std_300": 247.60344803333282,
  "wap_balance_sum_300": 113.56023570895195,
  "wap_balance_mean_300": 805.0355969965458,
  "wap_balance_std_300": 88.00806918740273,
  "price_spread_sum_300": 1323.5608341097832,
  "price_spread_mean_300": 1215.1348019838333,
  "price_spread_std_300": 65.44900983572006,
  "bid_spread_sum_300": 52.59817290306091,
  "bid_spread_mean_300": 72.5824239552021,
  "bid_spread_std_300": 88.92546036839485,
  "ask_spread_sum_300": 58.600058794021606,
  "ask_spread_mean_300": 64.66906297206879,
  "ask_spread_std_300": 65.50534602999687,
  "total_volume_sum_300": 47.11411502957344,
  "total_volume_mean_300": 43.82839632034302,
  "total_volume_std_300": 219.0241828262806,
  "volume_imbalance_sum_300": 43.475163251161575,
  "volume_imbalance_mean_300": 53.11038488149643,
  "volume_imbalance_std_300": 38.45365485548973,
  "wap1_sum_150": 77.64178204536438,
  "wap1_mean_150": 36.29320713877678,
  "wap1_std_150": 72.62251001596451,
  "wap2_sum_150": 45.1068177819252,
  "wap2_mean_150": 39.07580703496933,
  "wap2_std_150": 62.00251519680023,
  "log_return1_sum_150": 61.79306533932686,
  "log_return1_realized_volatility_150": 92922.71995997429,
  "log_return1_mean_150": 76.80886602401733,
  "log_return1_std_150": 303.31957921385765,
  "log_return2_sum_150": 53.36496126651764,
  "log_return2_realized_volatility_150": 3046.3172795176506,
  "log_return2_mean_150": 73.53140896558762,
  "log_return2_std_150": 191.73868027329445,
  "wap_balance_sum_150": 230.97974795103073,
  "wap_balance_mean_150": 76.84795701503754,
  "wap_balance_std_150": 101.45174789428711,
  "price_spread_sum_150": 177.92196705937386,
  "price_spread_mean_150": 209.8433711528778,
  "price_spread_std_150": 81.8682521879673,
  "bid_spread_sum_150": 65.45180594921112,
  "bid_spread_mean_150": 64.58061310648918,
  "bid_spread_std_150": 60.00913393497467,
  "ask_spread_sum_150": 37.55522793531418,
  "ask_spread_mean_150": 67.18856200575829,
  "ask_spread_std_150": 75.33291012048721,
  "total_volume_sum_150": 75.54010698199272,
  "total_volume_mean_150": 60.99957174062729,
  "total_volume_std_150": 48.26166453957558,
  "volume_imbalance_sum_150": 60.27253574132919,
  "volume_imbalance_mean_150": 77.28849765658379,
  "volume_imbalance_std_150": 289.26098611950874,
  "trade_log_return_realized_volatility": 540.9525103271008,
  "trade_seconds_in_bucket_count_unique": 199.31410565972328,
  "trade_size_sum": 131.5627295076847,
  "trade_order_count_mean": 290.60020965337753,
  "trade_log_return_realized_volatility_450": 1733.8857969939709,
  "trade_seconds_in_bucket_count_unique_450": 182.21455216407776,
  "trade_size_sum_450": 103.44592961668968,
  "trade_order_count_mean_450": 221.82563096284866,
  "trade_log_return_realized_volatility_300": 258.3584666252136,
  "trade_seconds_in_bucket_count_unique_300": 162.96158745884895,
  "trade_size_sum_300": 122.97978389263153,
  "trade_order_count_mean_300": 149.38020491600037,
  "trade_log_return_realized_volatility_150": 297.0826976597309,
  "trade_seconds_in_bucket_count_unique_150": 138.44350245594978,
  "trade_size_sum_150": 87.3242638707161,
  "trade_order_count_mean_150": 173.3409467935562,
  "log_return1_realized_volatility_mean_stock": 172.92557102441788,
  "log_return1_realized_volatility_std_stock": 14.679113924503326,
  "log_return1_realized_volatility_max_stock": 10.248671025037766,
  "log_return1_realized_volatility_min_stock": 59.68971028923988,
  "log_return2_realized_volatility_mean_stock": 7.156401872634888,
  "log_return2_realized_volatility_std_stock": 12.991034746170044,
  "log_return2_realized_volatility_max_stock": 10.977125972509384,
  "log_return2_realized_volatility_min_stock": 44.754022389650345,
  "log_return1_realized_volatility_450_mean_stock": 564.7848373651505,
  "log_return1_realized_volatility_450_std_stock": 5.7824289202690125,
  "log_return1_realized_volatility_450_max_stock": 6.965220004320145,
  "log_return1_realized_volatility_450_min_stock": 6.612553030252457,
  "log_return2_realized_volatility_450_mean_stock": 43.02854263782501,
  "log_return2_realized_volatility_450_std_stock": 34.01854908466339,
  "log_return2_realized_volatility_450_max_stock": 6.109088987112045,
  "log_return2_realized_volatility_450_min_stock": 6.798096060752869,
  "log_return1_realized_volatility_300_mean_stock": 172.4447982609272,
  "log_return1_realized_volatility_300_std_stock": 2.3965549767017365,
  "log_return1_realized_volatility_300_max_stock": 6.593003034591675,
  "log_return1_realized_volatility_300_min_stock": 15.714545965194702,
  "log_return2_realized_volatility_300_mean_stock": 0.0,