{
  "stock_id": 10229.07622422278,
  "wap1_sum": 140.17731030285358,
  "wap1_mean": 81.50200210511684,
  "wap1_std": 98.37771274149418,
  "wap2_sum": 101.44562947005033,
  "wap2_mean": 58.753075905144215,
  "wap2_std": 86.61702217161655,
  "log_return1_sum": 94.64801023900509,
  "log_return1_realized_volatility": 101512.95452799648,
  "log_return1_mean": 96.05116328597069,
  "log_return1_std": 228.5859397649765,
  "log_return2_sum": 105.5872104614973,
  "log_return2_realized_volatility": 15704.528599202633,
  "log_return2_mean": 92.85255225002766,
  "log_return2_std": 76.57016152143478,
  "wap_balance_sum": 532.520815178752,
  "wap_balance_mean": 111.81345617771149,
  "wap_balance_std": 139.71345494687557,
  "price_spread_sum": 1242.2170905321836,
  "price_spread_mean": 712.4028554260731,
  "price_spread_std": 150.86033926904202,
  "bid_spread_sum": 79.67112919688225,
  "bid_spread_mean": 1338.7422551959753,
  "bid_spread_std": 115.09309434890747,
  "ask_spread_sum": 64.05710589885712,
  "ask_spread_mean": 1384.4637137055397,
  "ask_spread_std": 97.52418644726276,
  "total_volume_sum": 271.43380841612816,
  "total_volume_mean": 274.76170429587364,
  "total_volume_std": 205.13988515734673,
  "volume_imbalance_sum": 43.67459996044636,
  "volume_imbalance_mean": 1553.6889656633139,
  "volume_imbalance_std": 54.368281185626984,
  "wap1_sum_450": 140.45519104599953,
  "wap1_mean_450": 70.84429861605167,
  "wap1_std_450": 254.41952273249626,
  "wap2_sum_450": 71.45587845146656,
  "wap2_mean_450": 135.13133876025677,
  "wap2_std_450": 349.1214674562216,
  "log_return1_sum_450": 83.81081434339285,
  "log_return1_realized_volatility_450": 805.7808433324099,
  "log_return1_mean_450": 108.84837616980076,
  "log_return1_std_450": 347.82099859416485,
  "log_return2_sum_450": 106.36920049786568,
  "log_return2_realized_volatility_450": 9632.96791408956,
  "log_return2_mean_450": 80.42508924007416,
  "log_return2_std_450": 116.60265436768532,
  "wap_balance_sum_450": 161.43135112524033,
  "wap_balance_mean_450": 137.14633378386497,
  "wap_balance_std_450": 99.2018575668335,
  "price_spread_sum_450": 447.32403357326984,
  "price_spread_mean_450": 628.4281039685011,
  "price_spread_std_450": 102.9593647569418,
  "bid_spread_sum_450": 65.2610996812582,
  "bid_spread_mean_450": 87.76422257721424,
  "bid_spread_std_450": 106.7887012064457,
  "ask_spread_sum_450": 80.51937144994736,
  "ask_spread_mean_450": 771.5977036654949,
  "ask_spread_std_450": 93.78399031609297,
  "total_volume_sum_450": 79.8535494953394,
  "total_volume_mean_450": 168.46626995503902,
  "total_volume_std_450": 115.9270117431879,
  "volume_imbalance_sum_450": 84.42538198828697,
  "volume_imbalance_mean_450": 102.46849028766155,
  "volume_imbalance_std_450": 59.79126685857773,
  "wap1_sum_300": 91.53282490372658,
  "wap1_mean_300": 59.9869919270277,
  "wap1_std_300": 121.87110738456249,
  "wap2_sum_300": 42.49733880162239,
  "wap2_mean_300": 44.867303133010864,
  "wap2_std_300": 127.32972694933414,
  "log_return1_sum_300": 77.9323041588068,
  "log_return1_realized_volatility_300": 9557.004119157791,
  "log_return1_mean_300": 115.68714854121208,
  "log_return1_std_300": 501.950408577919,
  "log_return2_sum_300": 56.24282477796078,
  "log_return2_realized_volatility_300": 1755.6310510784388,
  "log_return2_mean_300": 101.47733506560326,
  "log_return2_std_300": 184.15640071034431,
  "wap_balance_sum_300": 188.98527839779854,
  "wap_balance_mean_300": 427.9514242261648,
  "wap_balance_std_300": 116.18855985999107,
  "price_spread_sum_300": 871.621556699276,
  "price_spread_mean_300": 1004.329433247447,
  "price_spread_std_300": 77.28019791841507,
  "bid_spread_sum_300": 80.32001033425331,
  "bid_spread_mean_300": 101.22483339905739,
  "bid_spread_std_300": 78.81112171709538,
  "ask_spread_sum_300": 62.0860620290041,
  "ask_spread_mean_300": 92.98533000051975,
  "ask_spread_std_300": 88.6156438589096,
  "total_volume_sum_300": 76.20735131204128,
  "total_volume_mean_300": 140.95058470964432,
  "total_volume_std_300": 73.0182213485241,
  "volume_imbalance_sum_300": 54.19486068189144,
  "volume_imbalance_mean_300": 131.51347663998604,
  "volume_imbalance_std_300": 55.767406940460205,
  "wap1_sum_150": 83.46093313395977,
  "wap1_mean_150": 64.88925601541996,
  "wap1_std_150": 63.917165115475655,
  "wap2_sum_150": 84.39116936922073,
  "wap2_mean_150": 56.594498217105865,
  "wap2_std_150": 150.8812998831272,
  "log_return1_sum_150": 90.22987708449364,
  "log_return1_realized_volatility_150": 271999.09868209064,
  "log_return1_mean_150": 82.20667171478271,
  "log_return1_std_150": 407.16384948790073,
  "log_return2_sum_150": 61.20131112635136,
  "log_return2_realized_volatility_150": 7509.9929129853845,
  "log_return2_mean_150": 59.32545007765293,
  "log_return2_std_150": 107.97141768038273,
  "wap_balance_sum_150": 405.42434230446815,
  "wap_balance_mean_150": 123.61378075182438,
  "wap_balance_std_150": 120.6033215969801,
  "price_spread_sum_150": 424.17796771228313,
  "price_spread_mean_150": 795.1120738238096,
  "price_spread_std_150": 106.76614139974117,
  "bid_spread_sum_150": 72.32180479168892,
  "bid_spread_mean_150": 85.29593013226986,
  "bid_spread_std_150": 86.46197989583015,
  "ask_spread_sum_150": 71.02748982608318,
  "ask_spread_mean_150": 145.47373996675014,
  "ask_spread_std_150": 67.59849075973034,
  "total_volume_sum_150": 85.63808633387089,
  "total_volume_mean_150": 92.0569857954979,
  "total_volume_std_150": 73.73893432319164,
  "volume_imbalance_sum_150": 105.75645233690739,
  "volume_imbalance_mean_150": 78.02814188599586,
  "volume_imbalance_std_150": 42.093272149562836,
  "trade_log_return_realized_volatility": 2506.6791812181473,
  "trade_seconds_in_bucket_count_unique": 456.38742899149656,
  "trade_size_sum": 92.53780262172222,
  "trade_order_count_mean": 334.6099676191807,
  "trade_log_return_realized_volatility_450": 932.7151506841183,
  "trade_seconds_in_bucket_count_unique_450": 338.53571332991123,
  "trade_size_sum_450": 128.95730111002922,
  "trade_order_count_mean_450": 176.7221236974001,
  "trade_log_return_realized_volatility_300": 315.3448679149151,
  "trade_seconds_in_bucket_count_unique_300": 314.13542917370796,
  "trade_size_sum_300": 123.50451093912125,
  "trade_order_count_mean_300": 158.05103506147861,
  "trade_log_return_realized_volatility_150": 372.5626715570688,
  "trade_seconds_in_bucket_count_unique_150": 225.11488550901413,
  "trade_size_sum_150": 112.52725672721863,
  "trade_order_count_mean_150": 142.77358143031597,
  "log_return1_realized_volatility_mean_stock": 557.6971817612648,
  "log_return1_realized_volatility_std_stock": 49.09556436538696,
  "log_return1_realized_volatility_max_stock": 15.34881903231144,
  "log_return1_realized_volatility_min_stock": 41.1829728782177,
  "log_return2_realized_volatility_mean_stock": 126.33842687308788,
  "log_return2_realized_volatility_std_stock": 54.904292568564415,
  "log_return2_realized_volatility_max_stock": 22.337797075510025,
  "log_return2_realized_volatility_min_stock": 88.45623481273651,
  "log_return1_realized_volatility_450_mean_stock": 756.2525182962418,
  "log_return1_realized_volatility_450_std_stock": 52.11862379312515,
  "log_return1_realized_volatility_450_max_stock": 23.133621990680695,
  "log_return1_realized_volatility_450_min_stock": 29.65731108188629,
  "log_return2_realized_volatility_450_mean_stock": 162.8457857966423,
  "log_return2_realized_volatility_450_std_stock": 35.658491015434265,
  "log_return2_realized_volatility_450_max_stock": 15.514738038182259,
  "log_return2_realized_volatility_450_min_stock": 21.884860023856163,
  "log_return1_realized_volatility_300_mean_stock": 257.0083439350128,
  "log_return1_realized_volatility_300_std_stock": 14.834459260106087,
  "log_return1_realized_volatility_300_max_stock": 20.569012075662613,
  "log_return1_realized_volatility_300_min_stock": 74.24762462079525,
  "log_return2_realized_volatility_300_mean_stock": 234.58426217734814,