{
  "stock_id": 8101.067132502794,
  "wap1_sum": 127.70213147997856,
  "wap1_mean": 88.58657191693783,
  "wap1_std": 88.83181704580784,
  "wap2_sum": 83.27653063833714,
  "wap2_mean": 80.167524933815,
  "wap2_std": 110.54231207072735,
  "log_return1_sum": 85.84061725437641,
  "log_return1_realized_volatility": 90665.26369836926,
  "log_return1_mean": 77.50365510582924,
  "log_return1_std": 1244.4660626798868,
  "log_return2_sum": 112.26217240095139,
  "log_return2_realized_volatility": 23642.864086464047,
  "log_return2_mean": 62.714623779058456,
  "log_return2_std": 115.56609357893467,
  "wap_balance_sum": 413.65663889050484,
  "wap_balance_mean": 82.69826516509056,
  "wap_balance_std": 141.07062828540802,
  "price_spread_sum": 1143.239447310567,
  "price_spread_mean": 1108.2334941327572,
  "price_spread_std": 207.54145002365112,
  "bid_spread_sum": 88.64986458420753,
  "bid_spread_mean": 1346.9475053995848,
  "bid_spread_std": 98.3655516654253,
  "ask_spread_sum": 52.037427097558975,
  "ask_spread_mean": 1123.9008207768202,
  "ask_spread_std": 72.84243363142014,
  "total_volume_sum": 237.11852400004864,
  "total_volume_mean": 306.5303174108267,
  "total_volume_std": 115.6813407689333,
  "volume_imbalance_sum": 54.99889101088047,
  "volume_imbalance_mean": 1618.8870952874422,
  "volume_imbalance_std": 99.36503939330578,
  "wap1_sum_450": 124.54954236745834,
  "wap1_mean_450": 69.41371384263039,
  "wap1_std_450": 275.3345495015383,
  "wap2_sum_450": 68.51764802634716,
  "wap2_mean_450": 122.38786788284779,
  "wap2_std_450": 294.80947637557983,
  "log_return1_sum_450": 67.45111411809921,
  "log_return1_realized_volatility_450": 1261.9709130972624,
  "log_return1_mean_450": 91.31137584149837,
  "log_return1_std_450": 250.7963079214096,
  "log_return2_sum_450": 119.60883270204067,
  "log_return2_realized_volatility_450": 9894.899968281388,
  "log_return2_mean_450": 71.7529422044754,
  "log_return2_std_450": 81.15211500227451,
  "wap_balance_sum_450": 173.9258678406477,
  "wap_balance_mean_450": 146.8377446681261,
  "wap_balance_std_450": 111.75150430202484,
  "price_spread_sum_450": 372.4935919046402,
  "price_spread_mean_450": 792.9222427606583,
  "price_spread_std_450": 88.2500638216734,
  "bid_spread_sum_450": 113.39755156636238,
  "bid_spread_mean_450": 83.01598210632801,
  "bid_spread_std_450": 87.94113521277905,
  "ask_spread_sum_450": 71.11690917611122,
  "ask_spread_mean_450": 876.3301771581173,
  "ask_spread_std_450": 94.73478995263577,
  "total_volume_sum_450": 126.98225219547749,
  "total_volume_mean_450": 75.58284233510494,
  "total_volume_std_450": 96.91960567235947,
  "volume_imbalance_sum_450": 44.909986063838005,
  "volume_imbalance_mean_450": 73.8385661393404,
  "volume_imbalance_std_450": 67.43371500074863,
  "wap1_sum_300": 92.45494262874126,
  "wap1_mean_300": 58.43368677794933,
  "wap1_std_300": 91.92736928164959,
  "wap2_sum_300": 66.30109879374504,
  "wap2_mean_300": 59.83285707235336,
  "wap2_std_300": 112.3758656680584,
  "log_return1_sum_300": 56.717736184597015,
  "log_return1_realized_volatility_300": 21367.190379485488,
  "log_return1_mean_300": 105.70165166258812,
  "log_return1_std_300": 519.3046870678663,
  "log_return2_sum_300": 74.55289183557034,
  "log_return2_realized_volatility_300": 1528.8900994956493,
  "log_return2_mean_300": 68.29029509425163,
  "log_return2_std_300": 137.8648230880499,
  "wap_balance_sum_300": 125.70843161642551,
  "wap_balance_mean_300": 101.91817437112331,
  "wap_balance_std_300": 70.52618896961212,
  "price_spread_sum_300": 888.4898981153965,
  "price_spread_mean_300": 491.65182692557573,
  "price_spread_std_300": 109.25422577559948,
  "bid_spread_sum_300": 72.61270335316658,
  "bid_spread_mean_300": 71.91213195025921,
  "bid_spread_std_300": 55.81121526658535,
  "ask_spread_sum_300": 56.48895904421806,
  "ask_spread_mean_300": 106.39483377337456,
  "ask_spread_std_300": 83.81526008248329,
  "total_volume_sum_300": 94.19141629338264,
  "total_volume_mean_300": 192.34590651094913,
  "total_volume_std_300": 65.88088771700859,
  "volume_imbalance_sum_300": 51.662752866744995,
  "volume_imbalance_mean_300": 79.15728814899921,
  "volume_imbalance_std_300": 58.423974975943565,
  "wap1_sum_150": 107.67147661745548,
  "wap1_mean_150": 52.08230684697628,
  "wap1_std_150": 73.55538940429688,
  "wap2_sum_150": 96.38022069633007,
  "wap2_mean_150": 42.51023906469345,
  "wap2_std_150": 91.33711886405945,
  "log_return1_sum_150": 118.35520206391811,
  "log_return1_realized_volatility_150": 231210.49651689827,
  "log_return1_mean_150": 72.7021771222353,
  "log_return1_std_150": 374.0631897300482,
  "log_return2_sum_150": 66.45894701778889,
  "log_return2_realized_volatility_150": 8816.669278740883,
  "log_return2_mean_150": 71.61422491073608,
  "log_return2_std_150": 112.41999426484108,
  "wap_balance_sum_150": 469.14329083263874,
  "wap_balance_mean_150": 340.3702255189419,
  "wap_balance_std_150": 141.71123823523521,
  "price_spread_sum_150": 130.0740868896246,
  "price_spread_mean_150": 654.781612932682,
  "price_spread_std_150": 106.56185558438301,
  "bid_spread_sum_150": 73.36498971283436,
  "bid_spread_mean_150": 69.31038011610508,
  "bid_spread_std_150": 54.34369699656963,
  "ask_spread_sum_150": 65.88551737368107,
  "ask_spread_mean_150": 142.28452025353909,
  "ask_spread_std_150": 85.18343012034893,
  "total_volume_sum_150": 129.02815176546574,
  "total_volume_mean_150": 131.44783574342728,
  "total_volume_std_150": 67.057821854949,
  "volume_imbalance_sum_150": 52.062057822942734,
  "volume_imbalance_mean_150": 336.736852183938,
  "volume_imbalance_std_150": 60.41309796273708,
  "trade_log_return_realized_volatility": 4643.771637290716,
  "trade_seconds_in_bucket_count_unique": 348.55166441202164,
  "trade_size_sum": 113.95640914142132,
  "trade_order_count_mean": 216.34301036596298,
  "trade_log_return_realized_volatility_450": 771.6073892861605,
  "trade_seconds_in_bucket_count_unique_450": 169.73907567560673,
  "trade_size_sum_450": 146.3105846196413,
  "trade_order_count_mean_450": 181.20001038908958,
  "trade_log_return_realized_volatility_300": 249.25882002711296,
  "trade_seconds_in_bucket_count_unique_300": 294.03338135778904,
  "trade_size_sum_300": 141.99418099224567,
  "trade_order_count_mean_300": 158.99214647710323,
  "trade_log_return_realized_volatility_150": 123.63120697438717,
  "trade_seconds_in_bucket_count_unique_150": 229.72093638777733,
  "trade_size_sum_150": 109.19610051810741,
  "trade_order_count_mean_150": 155.9904860854149,
  "log_return1_realized_volatility_mean_stock": 585.2715383470058,
  "log_return1_realized_volatility_std_stock": 37.9472758769989,
  "log_return1_realized_volatility_max_stock": 21.17287890613079,
  "log_return1_realized_volatility_min_stock": 79.46913586556911,
  "log_return2_realized_volatility_mean_stock": 82.49158599972725,
  "log_return2_realized_volatility_std_stock": 97.17244297266006,
  "log_return2_realized_volatility_max_stock": 43.14016491174698,
  "log_return2_realized_volatility_min_stock": 87.11804483830929,
  "log_return1_realized_volatility_450_mean_stock": 907.3153206110001,
  "log_return1_realized_volatility_450_std_stock": 39.83662524819374,
  "log_return1_realized_volatility_450_max_stock": 24.656544879078865,
  "log_return1_realized_volatility_450_min_stock": 27.19339706003666,
  "log_return2_realized_volatility_450_mean_stock": 157.38958725333214,
  "log_return2_realized_volatility_450_std_stock": 33.72204665839672,
  "log_return2_realized_volatility_450_max_stock": 23.430815160274506,
  "log_return2_realized_volatility_450_min_stock": 19.644214004278183,
  "log_return1_realized_volatility_300_mean_stock": 440.25103583931923,
  "log_return1_realized_volatility_300_std_stock": 16.20166802406311,
  "log_return1_realized_volatility_300_max_stock": 27.037640124559402,
  "log_return1_realized_volatility_300_min_stock": 60.046690568327904,
  "log_return2_realized_volatility_300_mean_stock": 51.98299261927605,