{
  "stock_id": 9709.525905542076,
  "wap1_sum": 152.19950675964355,
  "wap1_mean": 91.7296467423439,
  "wap1_std": 98.00435571372509,
  "wap2_sum": 68.21313342452049,
  "wap2_mean": 81.46920707821846,
  "wap2_std": 128.648403942585,
  "log_return1_sum": 85.24031871557236,
  "log_return1_realized_volatility": 97100.45406320691,
  "log_return1_mean": 95.45019890367985,
  "log_return1_std": 307.93533454835415,
  "log_return2_sum": 82.35035465657711,
  "log_return2_realized_volatility": 23739.499064534903,
  "log_return2_mean": 116.07688468694687,
  "log_return2_std": 127.96748051047325,
  "wap_balance_sum": 442.9263507425785,
  "wap_balance_mean": 221.45039354264736,
  "wap_balance_std": 136.07231530547142,
  "price_spread_sum": 1284.4256538152695,
  "price_spread_mean": 1371.221751227975,
  "price_spread_std": 186.37866324186325,
  "bid_spread_sum": 73.88151877373457,
  "bid_spread_mean": 1334.1025119423866,
  "bid_spread_std": 82.91971527040005,
  "ask_spread_sum": 69.88150198757648,
  "ask_spread_mean": 942.5228008925915,
  "ask_spread_std": 128.60725677013397,
  "total_volume_sum": 251.67025730013847,
  "total_volume_mean": 262.8705344796181,
  "total_volume_std": 131.2405884116888,
  "volume_imbalance_sum": 58.197783306241035,
  "volume_imbalance_mean": 1315.9349702596664,
  "volume_imbalance_std": 119.97860911488533,
  "wap1_sum_450": 136.26860365271568,
  "wap1_mean_450": 86.16508994996548,
  "wap1_std_450": 237.79529498517513,
  "wap2_sum_450": 95.82186786830425,
  "wap2_mean_450": 94.30756637454033,
  "wap2_std_450": 283.23659908771515,
  "log_return1_sum_450": 90.46330313384533,
  "log_return1_realized_volatility_450": 1317.7145423442125,
  "log_return1_mean_450": 92.112298771739,
  "log_return1_std_450": 308.7285802215338,
  "log_return2_sum_450": 101.96502083539963,
  "log_return2_realized_volatility_450": 9444.892811819911,
  "log_return2_mean_450": 102.89724689722061,
  "log_return2_std_450": 117.49168941378593,
  "wap_balance_sum_450": 165.3965641707182,
  "wap_balance_mean_450": 138.76005199551582,
  "wap_balance_std_450": 109.86112344264984,
  "price_spread_sum_450": 355.7874893993139,
  "price_spread_mean_450": 650.6708587855101,
  "price_spread_std_450": 139.25407180190086,
  "bid_spread_sum_450": 107.42096231877804,
  "bid_spread_mean_450": 103.86486899852753,
  "bid_spread_std_450": 96.99482326209545,
  "ask_spread_sum_450": 71.02581901848316,
  "ask_spread_mean_450": 828.6256960183382,
  "ask_spread_std_450": 77.95698894560337,
  "total_volume_sum_450": 99.51535399258137,
  "total_volume_mean_450": 92.27661789953709,
  "total_volume_std_450": 93.37453496456146,
  "volume_imbalance_sum_450": 80.0439300686121,
  "volume_imbalance_mean_450": 82.18179804086685,
  "volume_imbalance_std_450": 90.10806719958782,
  "wap1_sum_300": 87.24918133020401,
  "wap1_mean_300": 51.753631830215454,
  "wap1_std_300": 134.01724410057068,
  "wap2_sum_300": 55.15470315515995,
  "wap2_mean_300": 66.64265954494476,
  "wap2_std_300": 145.6872846186161,
  "log_return1_sum_300": 72.43233512341976,
  "log_return1_realized_volatility_300": 25610.948789700866,
  "log_return1_mean_300": 117.22646805644035,
  "log_return1_std_300": 525.2829500734806,
  "log_return2_sum_300": 76.16548119485378,
  "log_return2_realized_volatility_300": 2448.723879635334,
  "log_return2_mean_300": 84.9192011654377,
  "log_return2_std_300": 107.43755105137825,
  "wap_balance_sum_300": 210.60108171403408,
  "wap_balance_mean_300": 456.12488210201263,
  "wap_balance_std_300": 76.72616428136826,
  "price_spread_sum_300": 894.7805807739496,
  "price_spread_mean_300": 646.8070170432329,
  "price_spread_std_300": 66.57317113876343,
  "bid_spread_sum_300": 78.96274143457413,
  "bid_spread_mean_300": 88.00752913951874,
  "bid_spread_std_300": 79.6881971359253,
  "ask_spread_sum_300": 79.96158972382545,
  "ask_spread_mean_300": 112.21339455246925,
  "ask_spread_std_300": 90.66676379740238,
  "total_volume_sum_300": 87.24867960810661,
  "total_volume_mean_300": 72.85935784876347,
  "total_volume_std_300": 97.23533369600773,
  "volume_imbalance_sum_300": 61.113873064517975,
  "volume_imbalance_mean_300": 305.0467856377363,
  "volume_imbalance_std_300": 70.2115648239851,
  "wap1_sum_150": 84.65092873573303,
  "wap1_mean_150": 74.90978214144707,
  "wap1_std_150": 75.23435491323471,
  "wap2_sum_150": 66.88038305938244,
  "wap2_mean_150": 58.37500895559788,
  "wap2_std_150": 98.11148785054684,
  "log_return1_sum_150": 82.0957758128643,
  "log_return1_realized_volatility_150": 235682.71206365526,
  "log_return1_mean_150": 70.54692368209362,
  "log_return1_std_150": 168.78963930904865,
  "log_return2_sum_150": 66.21127578616142,
  "log_return2_realized_volatility_150": 7177.0751277804375,
  "log_return2_mean_150": 86.53555880486965,
  "log_return2_std_150": 110.26555342972279,
  "wap_balance_sum_150": 250.67054565250874,
  "wap_balance_mean_150": 148.64671882987022,
  "wap_balance_std_150": 96.58814556896687,
  "price_spread_sum_150": 374.3223003000021,
  "price_spread_mean_150": 1069.389538243413,
  "price_spread_std_150": 101.04519905149937,
  "bid_spread_sum_150": 66.70833595097065,
  "bid_spread_mean_150": 75.17763286828995,
  "bid_spread_std_150": 82.77995325624943,
  "ask_spread_sum_150": 76.86383536458015,
  "ask_spread_mean_150": 119.19605182111263,
  "ask_spread_std_150": 69.70104317367077,
  "total_volume_sum_150": 98.55390591919422,
  "total_volume_mean_150": 117.49986433982849,
  "total_volume_std_150": 131.17116037011147,
  "volume_imbalance_sum_150": 57.93710304796696,
  "volume_imbalance_mean_150": 123.87244465947151,
  "volume_imbalance_std_150": 74.49941504001617,
  "trade_log_return_realized_volatility": 2435.2109490931034,
  "trade_seconds_in_bucket_count_unique": 368.69597797095776,
  "trade_size_sum": 121.36069297790527,
  "trade_order_count_mean": 299.7162383645773,
  "trade_log_return_realized_volatility_450": 994.0752972215414,
  "trade_seconds_in_bucket_count_unique_450": 300.98861050605774,
  "trade_size_sum_450": 121.10567280650139,
  "trade_order_count_mean_450": 211.27143289148808,
  "trade_log_return_realized_volatility_300": 279.0800471305847,
  "trade_seconds_in_bucket_count_unique_300": 246.10535541176796,
  "trade_size_sum_300": 143.58660697937012,
  "trade_order_count_mean_300": 191.23198802769184,
  "trade_log_return_realized_volatility_150": 175.89302726089954,
  "trade_seconds_in_bucket_count_unique_150": 170.0751055330038,
  "trade_size_sum_150": 105.43262405693531,
  "trade_order_count_mean_150": 190.86089769005775,
  "log_return1_realized_volatility_mean_stock": 398.03178253769875,
  "log_return1_realized_volatility_std_stock": 70.10940131545067,
  "log_return1_realized_volatility_max_stock": 20.688914939761162,
  "log_return1_realized_volatility_min_stock": 64.94111135601997,
  "log_return2_realized_volatility_mean_stock": 183.89256657660007,
  "log_return2_realized_volatility_std_stock": 63.93405328691006,
  "log_return2_realized_volatility_max_stock": 23.587767973542213,
  "log_return2_realized_volatility_min_stock": 86.73622088134289,
  "log_return1_realized_volatility_450_mean_stock": 794.8074826002121,
  "log_return1_realized_volatility_450_std_stock": 57.84517951309681,
  "log_return1_realized_volatility_450_max_stock": 11.618304014205933,
  "log_return1_realized_volatility_450_min_stock": 37.7960569113493,
  "log_return2_realized_volatility_450_mean_stock": 119.7914068698883,
  "log_return2_realized_volatility_450_std_stock": 46.06320729851723,
  "log_return2_realized_volatility_450_max_stock": 27.406933531165123,
  "log_return2_realized_volatility_450_min_stock": 18.352231964468956,
  "log_return1_realized_volatility_300_mean_stock": 291.2679762840271,
  "log_return1_realized_volatility_300_std_stock": 14.053003191947937,
  "log_return1_realized_volatility_300_max_stock": 27.46505296230316,
  "log_return1_realized_volatility_300_min_stock": 57.47928608953953,
  "log_return2_realized_volatility_300_mean_stock": 186.53641073405743,