{
  "stock_id": 8596.618043363094,
  "wap1_sum": 123.48571242392063,
  "wap1_mean": 71.78845085203648,
  "wap1_std": 90.32443383336067,
  "wap2_sum": 105.84118257462978,
  "wap2_mean": 67.35572025179863,
  "wap2_std": 98.90415598452091,
  "log_return1_sum": 96.85166685283184,
  "log_return1_realized_volatility": 88375.85738579929,
  "log_return1_mean": 73.88996909558773,
  "log_return1_std": 2416.4533673524857,
  "log_return2_sum": 100.85109010338783,
  "log_return2_realized_volatility": 18418.686005741358,
  "log_return2_mean": 97.29440689086914,
  "log_return2_std": 70.81481409072876,
  "wap_balance_sum": 395.6232808679342,
  "wap_balance_mean": 248.84349125623703,
  "wap_balance_std": 119.6300323009491,
  "price_spread_sum": 1218.3849374353886,
  "price_spread_mean": 1433.7943778038025,
  "price_spread_std": 184.42626222968102,
  "bid_spread_sum": 67.3087640851736,
  "bid_spread_mean": 1314.6486193835735,
  "bid_spread_std": 90.58898875117302,
  "ask_spread_sum": 63.247113063931465,
  "ask_spread_mean": 417.4520768523216,
  "ask_spread_std": 70.08649103343487,
  "total_volume_sum": 105.02239617705345,
  "total_volume_mean": 475.52458886802197,
  "total_volume_std": 101.6395677626133,
  "volume_imbalance_sum": 40.1020188331604,
  "volume_imbalance_mean": 1199.5507910102606,
  "volume_imbalance_std": 49.49107803404331,
  "wap1_sum_450": 104.38008558750153,
  "wap1_mean_450": 67.20668834447861,
  "wap1_std_450": 156.8697787821293,
  "wap2_sum_450": 70.03252393007278,
  "wap2_mean_450": 93.34502328932285,
  "wap2_std_450": 313.42231218516827,
  "log_return1_sum_450": 84.50264485180378,
  "log_return1_realized_volatility_450": 1192.072733283043,
  "log_return1_mean_450": 78.94898575544357,
  "log_return1_std_450": 366.52700014412403,
  "log_return2_sum_450": 84.9670547246933,
  "log_return2_realized_volatility_450": 9425.960615709424,
  "log_return2_mean_450": 69.26942600309849,
  "log_return2_std_450": 73.7142221480608,
  "wap_balance_sum_450": 170.9746466577053,
  "wap_balance_mean_450": 97.62725350260735,
  "wap_balance_std_450": 77.8390736579895,
  "price_spread_sum_450": 334.42562061548233,
  "price_spread_mean_450": 269.9203822761774,
  "price_spread_std_450": 134.0325129032135,
  "bid_spread_sum_450": 90.33230736851692,
  "bid_spread_mean_450": 68.57523433864117,
  "bid_spread_std_450": 116.84873765707016,
  "ask_spread_sum_450": 54.796417981386185,
  "ask_spread_mean_450": 593.8301660865545,
  "ask_spread_std_450": 78.00045295059681,
  "total_volume_sum_450": 131.30810874700546,
  "total_volume_mean_450": 118.96526756882668,
  "total_volume_std_450": 78.41778022050858,
  "volume_imbalance_sum_450": 65.66012509167194,
  "volume_imbalance_mean_450": 62.30851794779301,
  "volume_imbalance_std_450": 58.441009148955345,
  "wap1_sum_300": 90.0318256020546,
  "wap1_mean_300": 52.68310606479645,
  "wap1_std_300": 116.24915979802608,
  "wap2_sum_300": 70.8864720761776,
  "wap2_mean_300": 49.360885843634605,
  "wap2_std_300": 90.05909924209118,
  "log_return1_sum_300": 72.9332106411457,
  "log_return1_realized_volatility_300": 27182.425712421536,
  "log_return1_mean_300": 101.29801224172115,
  "log_return1_std_300": 229.78815235197544,
  "log_return2_sum_300": 58.83071568608284,
  "log_return2_realized_volatility_300": 2095.073787227273,
  "log_return2_mean_300": 107.41393426060677,
  "log_return2_std_300": 147.9567515552044,
  "wap_balance_sum_300": 158.84914031624794,
  "wap_balance_mean_300": 714.398627653718,
  "wap_balance_std_300": 110.65397039055824,
  "price_spread_sum_300": 1211.5230099856853,
  "price_spread_mean_300": 1426.4170828461647,
  "price_spread_std_300": 85.6061429977417,
  "bid_spread_sum_300": 65.72391931712627,
  "bid_spread_mean_300": 91.27771061658859,
  "bid_spread_std_300": 80.9670073390007,
  "ask_spread_sum_300": 64.92227301001549,
  "ask_spread_mean_300": 99.51422227919102,
  "ask_spread_std_300": 64.8816477805376,
  "total_volume_sum_300": 79.64910835027695,
  "total_volume_mean_300": 144.81866651773453,
  "total_volume_std_300": 100.73677341639996,
  "volume_imbalance_sum_300": 49.53744974732399,
  "volume_imbalance_mean_300": 144.92385976016521,
  "volume_imbalance_std_300": 44.639279931783676,
  "wap1_sum_150": 86.81077083945274,
  "wap1_mean_150": 49.059974044561386,
  "wap1_std_150": 56.60849604010582,
  "wap2_sum_150": 65.36245572566986,
  "wap2_mean_150": 44.44741106033325,
  "wap2_std_150": 83.67649282515049,
  "log_return1_sum_150": 76.44739167392254,
  "log_return1_realized_volatility_150": 225499.7802029699,
  "log_return1_mean_150": 71.22925609350204,
  "log_return1_std_150": 227.03437554836273,
  "log_return2_sum_150": 68.60051399469376,
  "log_return2_realized_volatility_150": 7752.24009411037,
  "log_return2_mean_150": 65.37320484220982,
  "log_return2_std_150": 108.39735290408134,
  "wap_balance_sum_150": 283.8481441438198,
  "wap_balance_mean_150": 144.8594038784504,
  "wap_balance_std_150": 126.25733141601086,
  "price_spread_sum_150": 458.78870090842247,
  "price_spread_mean_150": 842.988468170166,
  "price_spread_std_150": 93.06787584722042,
  "bid_spread_sum_150": 65.26655133068562,
  "bid_spread_mean_150": 66.6686650365591,
  "bid_spread_std_150": 71.90541081130505,
  "ask_spread_sum_150": 73.47902975976467,
  "ask_spread_mean_150": 94.32704778015614,
  "ask_spread_std_150": 82.96857103705406,
  "total_volume_sum_150": 70.93134486675262,
  "total_volume_mean_150": 99.5979905128479,
  "total_volume_std_150": 102.17506520450115,
  "volume_imbalance_sum_150": 50.44394479691982,
  "volume_imbalance_mean_150": 266.1500994563103,
  "volume_imbalance_std_150": 104.68108779191971,
  "trade_log_return_realized_volatility": 3364.523785442114,
  "trade_seconds_in_bucket_count_unique": 303.95673781633377,
  "trade_size_sum": 98.28444302082062,
  "trade_order_count_mean": 445.73730596899986,
  "trade_log_return_realized_volatility_450": 808.9726370871067,
  "trade_seconds_in_bucket_count_unique_450": 219.17447167634964,
  "trade_size_sum_450": 139.88393965363503,
  "trade_order_count_mean_450": 189.73673184216022,
  "trade_log_return_realized_volatility_300": 389.8862422853708,
  "trade_seconds_in_bucket_count_unique_300": 282.31654849648476,
  "trade_size_sum_300": 114.0090990960598,
  "trade_order_count_mean_300": 150.7652806043625,
  "trade_log_return_realized_volatility_150": 191.39865450561047,
  "trade_seconds_in_bucket_count_unique_150": 208.74484844505787,
  "trade_size_sum_150": 109.33234666287899,
  "trade_order_count_mean_150": 100.1864138841629,
  "log_return1_realized_volatility_mean_stock": 434.6370518505573,
  "log_return1_realized_volatility_std_stock": 45.48711074888706,
  "log_return1_realized_volatility_max_stock": 18.939377918839455,
  "log_return1_realized_volatility_min_stock": 113.75222504138947,
  "log_return2_realized_volatility_mean_stock": 142.97422644495964,
  "log_return2_realized_volatility_std_stock": 42.26094877719879,
  "log_return2_realized_volatility_max_stock": 19.775358021259308,
  "log_return2_realized_volatility_min_stock": 65.96091249585152,
  "log_return1_realized_volatility_450_mean_stock": 640.5246167331934,
  "log_return1_realized_volatility_450_std_stock": 25.15777614712715,
  "log_return1_realized_volatility_450_max_stock": 11.738719165325165,
  "log_return1_realized_volatility_450_min_stock": 22.595164000988007,
  "log_return2_realized_volatility_450_mean_stock": 143.81429266929626,
  "log_return2_realized_volatility_450_std_stock": 40.17235468327999,
  "log_return2_realized_volatility_450_max_stock": 24.8987058699131,
  "log_return2_realized_volatility_450_min_stock": 18.058704003691673,
  "log_return1_realized_volatility_300_mean_stock": 328.2405152320862,
  "log_return1_realized_volatility_300_std_stock": 24.11522004008293,
  "log_return1_realized_volatility_300_max_stock": 27.89794097840786,
  "log_return1_realized_volatility_300_min_stock": 76.29558251798153,
  "log_return2_realized_volatility_300_mean_stock": 78.47097265720367,