{
  "stock_id": 10193.628830820322,
  "wap1_sum": 127.47314237058163,
  "wap1_mean": 85.21815474331379,
  "wap1_std": 87.6874640211463,
  "wap2_sum": 97.79749032855034,
  "wap2_mean": 78.90509213507175,
  "wap2_std": 104.08478310704231,
  "log_return1_sum": 112.01554676890373,
  "log_return1_realized_volatility": 99114.702126652,
  "log_return1_mean": 79.58981797099113,
  "log_return1_std": 2422.549517452717,
  "log_return2_sum": 87.05524334311485,
  "log_return2_realized_volatility": 19811.90597270429,
  "log_return2_mean": 95.95775018632412,
  "log_return2_std": 96.42362225055695,
  "wap_balance_sum": 416.39072239398956,
  "wap_balance_mean": 245.65416313707829,
  "wap_balance_std": 128.64225661754608,
  "price_spread_sum": 1348.8818198964,
  "price_spread_mean": 837.9913339614868,
  "price_spread_std": 190.9586193114519,
  "bid_spread_sum": 90.67462415993214,
  "bid_spread_mean": 1417.0961356461048,
  "bid_spread_std": 123.15416074544191,
  "ask_spread_sum": 67.23707392811775,
  "ask_spread_mean": 1303.5993543416262,
  "ask_spread_std": 90.6827804595232,
  "total_volume_sum": 288.12918297946453,
  "total_volume_mean": 259.0277288481593,
  "total_volume_std": 221.46394142508507,
  "volume_imbalance_sum": 61.15492720901966,
  "volume_imbalance_mean": 652.1684017926455,
  "volume_imbalance_std": 95.71789109706879,
  "wap1_sum_450": 105.54712003469467,
  "wap1_mean_450": 89.79174271225929,
  "wap1_std_450": 241.05012749135494,
  "wap2_sum_450": 91.68693592399359,
  "wap2_mean_450": 102.55747263133526,
  "wap2_std_450": 307.51578360795975,
  "log_return1_sum_450": 91.8383889645338,
  "log_return1_realized_volatility_450": 1432.1970692873,
  "log_return1_mean_450": 101.05168736726046,
  "log_return1_std_450": 434.4782428443432,
  "log_return2_sum_450": 106.38632995635271,
  "log_return2_realized_volatility_450": 9782.00067473203,
  "log_return2_mean_450": 79.85035115480423,
  "log_return2_std_450": 111.48211194574833,
  "wap_balance_sum_450": 165.32044886797667,
  "wap_balance_mean_450": 94.46606627106667,
  "wap_balance_std_450": 108.6551548987627,
  "price_spread_sum_450": 431.1902096122503,
  "price_spread_mean_450": 790.8592134416103,
  "price_spread_std_450": 108.3739915639162,
  "bid_spread_sum_450": 132.07400737702847,
  "bid_spread_mean_450": 91.21421211957932,
  "bid_spread_std_450": 107.48918098211288,
  "ask_spread_sum_450": 66.76387611031532,
  "ask_spread_mean_450": 968.059882864356,
  "ask_spread_std_450": 74.89297078549862,
  "total_volume_sum_450": 73.52698816359043,
  "total_volume_mean_450": 171.9996866285801,
  "total_volume_std_450": 89.05321216583252,
  "volume_imbalance_sum_450": 75.40703195333481,
  "volume_imbalance_mean_450": 86.61509492993355,
  "volume_imbalance_std_450": 67.62792870402336,
  "wap1_sum_300": 91.31256026029587,
  "wap1_mean_300": 86.77446562051773,
  "wap1_std_300": 103.90192949771881,
  "wap2_sum_300": 61.683931931853294,
  "wap2_mean_300": 76.6459280103445,
  "wap2_std_300": 116.14143671095371,
  "log_return1_sum_300": 66.36193495988846,
  "log_return1_realized_volatility_300": 25418.01906515658,
  "log_return1_mean_300": 116.15769986063242,
  "log_return1_std_300": 670.6677116453648,
  "log_return2_sum_300": 87.54690319299698,
  "log_return2_realized_volatility_300": 2454.512251958251,
  "log_return2_mean_300": 91.37784042954445,
  "log_return2_std_300": 120.72218444943428,
  "wap_balance_sum_300": 239.14170168340206,
  "wap_balance_mean_300": 365.15301547944546,
  "wap_balance_std_300": 85.77818135917187,
  "price_spread_sum_300": 1089.6333497166634,
  "price_spread_mean_300": 1506.3313483074307,
  "price_spread_std_300": 97.01509529352188,
  "bid_spread_sum_300": 67.11324913799763,
  "bid_spread_mean_300": 90.20779213309288,
  "bid_spread_std_300": 102.4749596118927,
  "ask_spread_sum_300": 88.0411487519741,
  "ask_spread_mean_300": 100.9897530078888,
  "ask_spread_std_300": 86.05585098266602,
  "total_volume_sum_300": 73.55706088244915,
  "total_volume_mean_300": 129.14445973932743,
  "total_volume_std_300": 108.2792225331068,
  "volume_imbalance_sum_300": 57.80576200783253,
  "volume_imbalance_mean_300": 163.17757339775562,
  "volume_imbalance_std_300": 55.468458116054535,
  "wap1_sum_150": 87.68534776568413,
  "wap1_mean_150": 73.58473002910614,
  "wap1_std_150": 104.28348916769028,
  "wap2_sum_150": 69.84035238623619,
  "wap2_mean_150": 53.01164601743221,
  "wap2_std_150": 133.90000440180302,
  "log_return1_sum_150": 81.58600556850433,
  "log_return1_realized_volatility_150": 259117.4575502053,
  "log_return1_mean_150": 78.16566890478134,
  "log_return1_std_150": 443.09571880847216,
  "log_return2_sum_150": 79.93722301721573,
  "log_return2_realized_volatility_150": 7464.938396446407,
  "log_return2_mean_150": 69.52900815010071,
  "log_return2_std_150": 92.33095808327198,
  "wap_balance_sum_150": 433.84476336836815,
  "wap_balance_mean_150": 137.15159045159817,
  "wap_balance_std_150": 109.69693277776241,
  "price_spread_sum_150": 322.2824761867523,
  "price_spread_mean_150": 754.2217225879431,
  "price_spread_std_150": 102.6230057477951,
  "bid_spread_sum_150": 71.64337504655123,
  "bid_spread_mean_150": 107.22379113733768,
  "bid_spread_std_150": 79.48181927204132,
  "ask_spread_sum_150": 84.59712867438793,
  "ask_spread_mean_150": 77.32244597375393,
  "ask_spread_std_150": 88.36624783277512,
  "total_volume_sum_150": 90.61707171052694,
  "total_volume_mean_150": 144.13728740811348,
  "total_volume_std_150": 151.39860201627016,
  "volume_imbalance_sum_150": 121.14224715530872,
  "volume_imbalance_mean_150": 383.84118534624577,
  "volume_imbalance_std_150": 61.972975835204124,
  "trade_log_return_realized_volatility": 3468.632594510913,
  "trade_seconds_in_bucket_count_unique": 452.15381476283073,
  "trade_size_sum": 113.43112754821777,
  "trade_order_count_mean": 275.1112443432212,
  "trade_log_return_realized_volatility_450": 984.2634462416172,
  "trade_seconds_in_bucket_count_unique_450": 266.48620907217264,
  "trade_size_sum_450": 141.89047226309776,
  "trade_order_count_mean_450": 210.75450964272022,
  "trade_log_return_realized_volatility_300": 746.1538834422827,
  "trade_seconds_in_bucket_count_unique_300": 352.96719417721033,
  "trade_size_sum_300": 156.0621671229601,
  "trade_order_count_mean_300": 143.83648347854614,
  "trade_log_return_realized_volatility_150": 199.6589960604906,
  "trade_seconds_in_bucket_count_unique_150": 270.25436668097973,
  "trade_size_sum_150": 97.66992924362421,
  "trade_order_count_mean_150": 244.1504858136177,
  "log_return1_realized_volatility_mean_stock": 481.8418153524399,
  "log_return1_realized_volatility_std_stock": 27.866006016731262,
  "log_return1_realized_volatility_max_stock": 17.742199942469597,
  "log_return1_realized_volatility_min_stock": 53.91063992679119,
  "log_return2_realized_volatility_mean_stock": 133.11685846745968,
  "log_return2_realized_volatility_std_stock": 57.89825198054314,
  "log_return2_realized_volatility_max_stock": 30.048748925328255,
  "log_return2_realized_volatility_min_stock": 74.26202721893787,
  "log_return1_realized_volatility_450_mean_stock": 793.8758398741484,
  "log_return1_realized_volatility_450_std_stock": 42.947693943977356,
  "log_return1_realized_volatility_450_max_stock": 16.495259940624237,
  "log_return1_realized_volatility_450_min_stock": 31.128002017736435,
  "log_return2_realized_volatility_450_mean_stock": 142.1040539443493,
  "log_return2_realized_volatility_450_std_stock": 58.47561292350292,
  "log_return2_realized_volatility_450_max_stock": 23.57307304441929,
  "log_return2_realized_volatility_450_min_stock": 24.920360699295998,
  "log_return1_realized_volatility_300_mean_stock": 417.7932022213936,
  "log_return1_realized_volatility_300_std_stock": 33.59366275370121,
  "log_return1_realized_volatility_300_max_stock": 18.921348944306374,
  "log_return1_realized_volatility_300_min_stock": 71.74894897639751,
  "log_return2_realized_volatility_300_mean_stock": 112.85917165875435,