{
  "stock_id": 6561.222930788994,
  "wap1_sum": 114.98145654797554,
  "wap1_mean": 70.89056286215782,
  "wap1_std": 86.4590392112732,
  "wap2_sum": 61.49035793542862,
  "wap2_mean": 62.50835719704628,
  "wap2_std": 96.94936786592007,
  "log_return1_sum": 100.00575405359268,
  "log_return1_realized_volatility": 65586.79898223281,
  "log_return1_mean": 95.08362311124802,
  "log_return1_std": 273.9097490012646,
  "log_return2_sum": 102.76040464639664,
  "log_return2_realized_volatility": 5998.593998908997,
  "log_return2_mean": 84.22049388289452,
  "log_return2_std": 108.11459341645241,
  "wap_balance_sum": 632.1092871725559,
  "wap_balance_mean": 217.45214593410492,
  "wap_balance_std": 118.71449348330498,
  "price_spread_sum": 445.14995527267456,
  "price_spread_mean": 197.56652209162712,
  "price_spread_std": 156.68055152893066,
  "bid_spread_sum": 78.80044201016426,
  "bid_spread_mean": 94.8230052292347,
  "bid_spread_std": 90.4698990881443,
  "ask_spread_sum": 68.50915068387985,
  "ask_spread_mean": 340.17765173316,
  "ask_spread_std": 82.51103985309601,
  "total_volume_sum": 89.60881304740906,
  "total_volume_mean": 136.47009959816933,
  "total_volume_std": 63.58525714278221,
  "volume_imbalance_sum": 49.546985894441605,
  "volume_imbalance_mean": 290.1023919284344,
  "volume_imbalance_std": 88.65903031826019,
  "wap1_sum_450": 124.90304407477379,
  "wap1_mean_450": 71.13542273640633,
  "wap1_std_450": 140.1868748664856,
  "wap2_sum_450": 47.85583972930908,
  "wap2_mean_450": 77.54659190773964,
  "wap2_std_450": 144.93991124629974,
  "log_return1_sum_450": 96.02163451910019,
  "log_return1_realized_volatility_450": 721.5002270042896,
  "log_return1_mean_450": 116.71004617214203,
  "log_return1_std_450": 226.24714696407318,
  "log_return2_sum_450": 82.70848521590233,
  "log_return2_realized_volatility_450": 2056.5769660174847,
  "log_return2_mean_450": 101.86586457490921,
  "log_return2_std_450": 186.14294636249542,
  "wap_balance_sum_450": 288.0309751033783,
  "wap_balance_mean_450": 224.48154377937317,
  "wap_balance_std_450": 141.67842423915863,
  "price_spread_sum_450": 229.59772863984108,
  "price_spread_mean_450": 507.8468713760376,
  "price_spread_std_450": 180.4569669365883,
  "bid_spread_sum_450": 83.86643573641777,
  "bid_spread_mean_450": 123.11239689588547,
  "bid_spread_std_450": 88.37817108631134,
  "ask_spread_sum_450": 98.88311812281609,
  "ask_spread_mean_450": 323.89023926854134,
  "ask_spread_std_450": 79.28895908594131,
  "total_volume_sum_450": 79.51675614714622,
  "total_volume_mean_450": 71.26791694760323,
  "total_volume_std_450": 155.31949430704117,
  "volume_imbalance_sum_450": 89.01179280877113,
  "volume_imbalance_mean_450": 89.16449272632599,
  "volume_imbalance_std_450": 64.86753851175308,
  "wap1_sum_300": 112.906733751297,
  "wap1_mean_300": 58.934992760419846,
  "wap1_std_300": 108.85129308700562,
  "wap2_sum_300": 59.627263724803925,
  "wap2_mean_300": 55.07843279838562,
  "wap2_std_300": 131.009451597929,
  "log_return1_sum_300": 93.18447452783585,
  "log_return1_realized_volatility_300": 6765.015805780888,
  "log_return1_mean_300": 109.17592093348503,
  "log_return1_std_300": 660.2365011572838,
  "log_return2_sum_300": 93.67450302839279,
  "log_return2_realized_volatility_300": 1351.6692443788052,
  "log_return2_mean_300": 101.9389999806881,
  "log_return2_std_300": 183.15302205085754,
  "wap_balance_sum_300": 125.28632217645645,
  "wap_balance_mean_300": 789.4227509200573,
  "wap_balance_std_300": 101.96020969748497,
  "price_spread_sum_300": 695.8843326568604,
  "price_spread_mean_300": 869.65620470047,
  "price_spread_std_300": 92.03602033853531,
  "bid_spread_sum_300": 52.78091877698898,
  "bid_spread_mean_300": 81.06647109985352,
  "bid_spread_std_300": 106.7257998585701,
  "ask_spread_sum_300": 65.85296511650085,
  "ask_spread_mean_300": 69.9189139008522,
  "ask_spread_std_300": 100.69656711816788,
  "total_volume_sum_300": 62.531067222356796,
  "total_volume_mean_300": 65.7646498978138,
  "total_volume_std_300": 77.76302605867386,
  "volume_imbalance_sum_300": 54.83153995871544,
  "volume_imbalance_mean_300": 59.98032388091087,
  "volume_imbalance_std_300": 138.4734379351139,
  "wap1_sum_150": 68.89138939976692,
  "wap1_mean_150": 51.81266710162163,
  "wap1_std_150": 78.30917739868164,
  "wap2_sum_150": 63.157241225242615,
  "wap2_mean_150": 48.613040924072266,
  "wap2_std_150": 86.90765273571014,
  "log_return1_sum_150": 62.19312500953674,
  "log_return1_realized_volatility_150": 87639.45346346498,
  "log_return1_mean_150": 84.79231095314026,
  "log_return1_std_150": 312.4462974667549,
  "log_return2_sum_150": 67.6060953438282,
  "log_return2_realized_volatility_150": 3882.283422589302,
  "log_return2_mean_150": 78.50208687782288,
  "log_return2_std_150": 88.02281591296196,
  "wap_balance_sum_150": 348.28211387991905,
  "wap_balance_mean_150": 113.4085288643837,
  "wap_balance_std_150": 167.34622451663017,
  "price_spread_sum_150": 326.5177725851536,
  "price_spread_mean_150": 143.82104793190956,
  "price_spread_std_150": 106.89232596755028,
  "bid_spread_sum_150": 70.42392784357071,
  "bid_spread_mean_150": 78.01346719264984,
  "bid_spread_std_150": 93.9281043112278,
  "ask_spread_sum_150": 77.42034351825714,
  "ask_spread_mean_150": 68.75357913970947,
  "ask_spread_std_150": 90.67345380783081,
  "total_volume_sum_150": 79.88873389363289,
  "total_volume_mean_150": 64.50624507665634,
  "total_volume_std_150": 157.71252566576004,
  "volume_imbalance_sum_150": 70.32118326425552,
  "volume_imbalance_mean_150": 219.4247204065323,
  "volume_imbalance_std_150": 583.0930426418781,
  "trade_log_return_realized_volatility": 577.4393568783998,
  "trade_seconds_in_bucket_count_unique": 191.14402255415916,
  "trade_size_sum": 95.72093096375465,
  "trade_order_count_mean": 175.72944770753384,
  "trade_log_return_realized_volatility_450": 918.4932577908039,
  "trade_seconds_in_bucket_count_unique_450": 184.15029540657997,
  "trade_size_sum_450": 141.9274696111679,
  "trade_order_count_mean_450": 188.55609890818596,
  "trade_log_return_realized_volatility_300": 288.56562688946724,
  "trade_seconds_in_bucket_count_unique_300": 211.39919206500053,
  "trade_size_sum_300": 125.37692242860794,
  "trade_order_count_mean_300": 208.24245834350586,
  "trade_log_return_realized_volatility_150": 129.56299659609795,
  "trade_seconds_in_bucket_count_unique_150": 153.40043926239014,
  "trade_size_sum_150": 117.29082277417183,
  "trade_order_count_mean_150": 164.7180504500866,
  "log_return1_realized_volatility_mean_stock": 240.19226330518723,
  "log_return1_realized_volatility_std_stock": 12.824737131595612,
  "log_return1_realized_volatility_max_stock": 14.386451005935669,
  "log_return1_realized_volatility_min_stock": 73.77703791856766,
  "log_return2_realized_volatility_mean_stock": 44.14875081181526,
  "log_return2_realized_volatility_std_stock": 21.998149931430817,
  "log_return2_realized_volatility_max_stock": 15.525532066822052,
  "log_return2_realized_volatility_min_stock": 20.593452244997025,
  "log_return1_realized_volatility_450_mean_stock": 295.42600843310356,
  "log_return1_realized_volatility_450_std_stock": 18.33775296807289,
  "log_return1_realized_volatility_450_max_stock": 18.9560409784317,
  "log_return1_realized_volatility_450_min_stock": 12.712131172418594,
  "log_return2_realized_volatility_450_mean_stock": 81.55254611372948,
  "log_return2_realized_volatility_450_std_stock": 12.270719915628433,
  "log_return2_realized_volatility_450_max_stock": 13.35302796959877,
  "log_return2_realized_volatility_450_min_stock": 12.714514940977097,
  "log_return1_realized_volatility_300_mean_stock": 115.37107199430466,
  "log_return1_realized_volatility_300_std_stock": 7.980451077222824,
  "log_return1_realized_volatility_300_max_stock": 11.299984991550446,
  "log_return1_realized_volatility_300_min_stock": 12.407180070877075,
  "log_return2_realized_volatility_300_mean_stock": 6.408336937427521,