{
  "stock_id": 10286.343085333705,
  "wap1_sum": 126.65540412068367,
  "wap1_mean": 76.97870813310146,
  "wap1_std": 90.747195109725,
  "wap2_sum": 91.47122617065907,
  "wap2_mean": 65.55591015517712,
  "wap2_std": 137.41965261101723,
  "log_return1_sum": 86.57594493031502,
  "log_return1_realized_volatility": 98032.50019454956,
  "log_return1_mean": 88.00354078412056,
  "log_return1_std": 2706.5024101138115,
  "log_return2_sum": 83.75690449774265,
  "log_return2_realized_volatility": 24141.832513585687,
  "log_return2_mean": 70.50825288891792,
  "log_return2_std": 68.36757217347622,
  "wap_balance_sum": 517.167408272624,
  "wap_balance_mean": 191.42098000645638,
  "wap_balance_std": 110.49158164858818,
  "price_spread_sum": 1388.1839488744736,
  "price_spread_mean": 844.0604584515095,
  "price_spread_std": 170.96797366440296,
  "bid_spread_sum": 87.8124190568924,
  "bid_spread_mean": 487.177381336689,
  "bid_spread_std": 125.71049255132675,
  "ask_spread_sum": 63.34074218571186,
  "ask_spread_mean": 2149.697693184018,
  "ask_spread_std": 86.50223372876644,
  "total_volume_sum": 296.7402000874281,
  "total_volume_mean": 295.7510862350464,
  "total_volume_std": 239.87769329547882,
  "volume_imbalance_sum": 58.15447188913822,
  "volume_imbalance_mean": 972.3727239966393,
  "volume_imbalance_std": 265.4235486239195,
  "wap1_sum_450": 88.07618300616741,
  "wap1_mean_450": 58.72607547789812,
  "wap1_std_450": 352.5419073998928,
  "wap2_sum_450": 101.450216203928,
  "wap2_mean_450": 119.64175474643707,
  "wap2_std_450": 237.23541921377182,
  "log_return1_sum_450": 82.00596725940704,
  "log_return1_realized_volatility_450": 1211.2330161482096,
  "log_return1_mean_450": 101.08306615054607,
  "log_return1_std_450": 442.7854102551937,
  "log_return2_sum_450": 89.05105473101139,
  "log_return2_realized_volatility_450": 9709.323709368706,
  "log_return2_mean_450": 87.06719300150871,
  "log_return2_std_450": 113.46292181313038,
  "wap_balance_sum_450": 134.8650110810995,
  "wap_balance_mean_450": 93.37716254591942,
  "wap_balance_std_450": 87.30103825032711,
  "price_spread_sum_450": 369.9712775796652,
  "price_spread_mean_450": 348.89281575381756,
  "price_spread_std_450": 124.25228874385357,
  "bid_spread_sum_450": 55.6338612139225,
  "bid_spread_mean_450": 77.9336920529604,
  "bid_spread_std_450": 95.5531110316515,
  "ask_spread_sum_450": 72.09422315657139,
  "ask_spread_mean_450": 896.1562629789114,
  "ask_spread_std_450": 72.99528993666172,
  "total_volume_sum_450": 71.33014516532421,
  "total_volume_mean_450": 113.32287894189358,
  "total_volume_std_450": 92.51482972502708,
  "volume_imbalance_sum_450": 65.02044586837292,
  "volume_imbalance_mean_450": 76.57843893766403,
  "volume_imbalance_std_450": 65.87438569962978,
  "wap1_sum_300": 89.44518172740936,
  "wap1_mean_300": 57.3485452234745,
  "wap1_std_300": 150.90521322190762,
  "wap2_sum_300": 70.72826334834099,
  "wap2_mean_300": 55.64505325257778,
  "wap2_std_300": 94.97351787984371,
  "log_return1_sum_300": 70.62595082819462,
  "log_return1_realized_volatility_300": 24915.00742585957,
  "log_return1_mean_300": 98.1422148346901,
  "log_return1_std_300": 630.1484373062849,
  "log_return2_sum_300": 71.92435124516487,
  "log_return2_realized_volatility_300": 1934.6902686804533,
  "log_return2_mean_300": 83.83801829814911,
  "log_return2_std_300": 157.15661896765232,
  "wap_balance_sum_300": 145.0923886448145,
  "wap_balance_mean_300": 381.1074097007513,
  "wap_balance_std_300": 85.14178308844566,
  "price_spread_sum_300": 1076.546415090561,
  "price_spread_mean_300": 823.5830559581518,
  "price_spread_std_300": 80.93557785451412,
  "bid_spread_sum_300": 57.896441012620926,
  "bid_spread_mean_300": 63.683997973799706,
  "bid_spread_std_300": 76.26591204106808,
  "ask_spread_sum_300": 59.29139286279678,
  "ask_spread_mean_300": 90.68737725913525,
  "ask_spread_std_300": 81.56609204411507,
  "total_volume_sum_300": 71.11917494237423,
  "total_volume_mean_300": 73.38305735588074,
  "total_volume_std_300": 98.62808808684349,
  "volume_imbalance_sum_300": 45.812534883618355,
  "volume_imbalance_mean_300": 276.0805198997259,
  "volume_imbalance_std_300": 43.127606093883514,
  "wap1_sum_150": 82.98222425580025,
  "wap1_mean_150": 57.61130045354366,
  "wap1_std_150": 67.77678284049034,
  "wap2_sum_150": 79.47426672279835,
  "wap2_mean_150": 43.30784700810909,
  "wap2_std_150": 156.23159396648407,
  "log_return1_sum_150": 86.56946220993996,
  "log_return1_realized_volatility_150": 251280.78373241425,
  "log_return1_mean_150": 74.70113736391068,
  "log_return1_std_150": 598.9953369498253,
  "log_return2_sum_150": 60.21721924841404,
  "log_return2_realized_volatility_150": 6611.959906518459,
  "log_return2_mean_150": 70.6114222407341,
  "log_return2_std_150": 61.085299886763096,
  "wap_balance_sum_150": 347.56270280480385,
  "wap_balance_mean_150": 150.92178496718407,
  "wap_balance_std_150": 99.82563614845276,
  "price_spread_sum_150": 443.90486048161983,
  "price_spread_mean_150": 1975.8703750222921,
  "price_spread_std_150": 88.00428315997124,
  "bid_spread_sum_150": 65.59262692928314,
  "bid_spread_mean_150": 80.73310501873493,
  "bid_spread_std_150": 58.71999388933182,
  "ask_spread_sum_150": 68.36524605751038,
  "ask_spread_mean_150": 80.64420130848885,
  "ask_spread_std_150": 64.40101593732834,
  "total_volume_sum_150": 82.96154256165028,
  "total_volume_mean_150": 167.94012840092182,
  "total_volume_std_150": 112.22518658638,
  "volume_imbalance_sum_150": 132.0171403437853,
  "volume_imbalance_mean_150": 235.8781856149435,
  "volume_imbalance_std_150": 54.59073679149151,
  "trade_log_return_realized_volatility": 3244.735236272216,
  "trade_seconds_in_bucket_count_unique": 449.76260720193386,
  "trade_size_sum": 110.58333732187748,
  "trade_order_count_mean": 222.36408105492592,
  "trade_log_return_realized_volatility_450": 894.5218425244093,
  "trade_seconds_in_bucket_count_unique_450": 288.49085192382336,
  "trade_size_sum_450": 103.19322274625301,
  "trade_order_count_mean_450": 200.1691831201315,
  "trade_log_return_realized_volatility_300": 765.8618066608906,
  "trade_seconds_in_bucket_count_unique_300": 258.33018431067467,
  "trade_size_sum_300": 154.90370397269726,
  "trade_order_count_mean_300": 149.4883666485548,
  "trade_log_return_realized_volatility_150": 129.74517060816288,
  "trade_seconds_in_bucket_count_unique_150": 184.4382083117962,
  "trade_size_sum_150": 108.29626788198948,
  "trade_order_count_mean_150": 215.74641406536102,
  "log_return1_realized_volatility_mean_stock": 446.1263014525175,
  "log_return1_realized_volatility_std_stock": 27.700860038399696,
  "log_return1_realized_volatility_max_stock": 19.612238883972168,
  "log_return1_realized_volatility_min_stock": 59.18020503222942,
  "log_return2_realized_volatility_mean_stock": 125.79563099145889,
  "log_return2_realized_volatility_std_stock": 43.0833790153265,
  "log_return2_realized_volatility_max_stock": 23.82285602390766,
  "log_return2_realized_volatility_min_stock": 65.63718970119953,
  "log_return1_realized_volatility_450_mean_stock": 803.4295212477446,
  "log_return1_realized_volatility_450_std_stock": 42.08013054728508,
  "log_return1_realized_volatility_450_max_stock": 16.358087956905365,
  "log_return1_realized_volatility_450_min_stock": 23.471939086914062,
  "log_return2_realized_volatility_450_mean_stock": 143.24079345166683,
  "log_return2_realized_volatility_450_std_stock": 67.9242981672287,
  "log_return2_realized_volatility_450_max_stock": 19.79189595580101,
  "log_return2_realized_volatility_450_min_stock": 29.116662055253983,
  "log_return1_realized_volatility_300_mean_stock": 277.31100618839264,
  "log_return1_realized_volatility_300_std_stock": 23.293811827898026,
  "log_return1_realized_volatility_300_max_stock": 21.62209002673626,
  "log_return1_realized_volatility_300_min_stock": 57.17595545947552,
  "log_return2_realized_volatility_300_mean_stock": 220.7780139297247,