{
  "stock_id": 9463.48728993535,
  "wap1_sum": 101.76842498779297,
  "wap1_mean": 86.28619803488255,
  "wap1_std": 91.49728725850582,
  "wap2_sum": 83.04831074178219,
  "wap2_mean": 76.12439304590225,
  "wap2_std": 91.64998117089272,
  "log_return1_sum": 113.7533827573061,
  "log_return1_realized_volatility": 100233.24911287427,
  "log_return1_mean": 81.66229367256165,
  "log_return1_std": 364.25639125704765,
  "log_return2_sum": 76.72933614253998,
  "log_return2_realized_volatility": 18198.3634006083,
  "log_return2_mean": 104.11339175701141,
  "log_return2_std": 63.27983269095421,
  "wap_balance_sum": 426.545318454504,
  "wap_balance_mean": 206.36078515648842,
  "wap_balance_std": 103.11932794749737,
  "price_spread_sum": 966.8078871518373,
  "price_spread_mean": 1342.7044846713543,
  "price_spread_std": 196.00949914753437,
  "bid_spread_sum": 93.69265493750572,
  "bid_spread_mean": 98.69398598372936,
  "bid_spread_std": 94.36373426020145,
  "ask_spread_sum": 63.22876888513565,
  "ask_spread_mean": 883.4944756776094,
  "ask_spread_std": 80.59505005180836,
  "total_volume_sum": 141.51513755321503,
  "total_volume_mean": 206.92020863294601,
  "total_volume_std": 69.98651391267776,
  "volume_imbalance_sum": 57.26241613924503,
  "volume_imbalance_mean": 539.3917838186026,
  "volume_imbalance_std": 148.53892916440964,
  "wap1_sum_450": 104.74426326155663,
  "wap1_mean_450": 66.36355575919151,
  "wap1_std_450": 237.8166505098343,
  "wap2_sum_450": 55.14062574505806,
  "wap2_mean_450": 99.97738163173199,
  "wap2_std_450": 315.8153331577778,
  "log_return1_sum_450": 96.13528198003769,
  "log_return1_realized_volatility_450": 359.3722175657749,
  "log_return1_mean_450": 87.52833779156208,
  "log_return1_std_450": 225.87313775718212,
  "log_return2_sum_450": 94.9227793365717,
  "log_return2_realized_volatility_450": 3032.4137049764395,
  "log_return2_mean_450": 75.44398386776447,
  "log_return2_std_450": 110.86098666489124,
  "wap_balance_sum_450": 757.3407700359821,
  "wap_balance_mean_450": 191.24540546536446,
  "wap_balance_std_450": 63.737626284360886,
  "price_spread_sum_450": 516.4664361327887,
  "price_spread_mean_450": 675.17147167027,
  "price_spread_std_450": 84.31742686033249,
  "bid_spread_sum_450": 75.04989275336266,
  "bid_spread_mean_450": 75.80929763615131,
  "bid_spread_std_450": 104.96568237245083,
  "ask_spread_sum_450": 80.07368294894695,
  "ask_spread_mean_450": 1047.912537574768,
  "ask_spread_std_450": 96.32268992066383,
  "total_volume_sum_450": 86.23102471232414,
  "total_volume_mean_450": 112.90457373857498,
  "total_volume_std_450": 112.59813722968102,
  "volume_imbalance_sum_450": 76.56154724955559,
  "volume_imbalance_mean_450": 73.88634006679058,
  "volume_imbalance_std_450": 49.44207485020161,
  "wap1_sum_300": 109.2837593704462,
  "wap1_mean_300": 63.33809584379196,
  "wap1_std_300": 127.8687496483326,
  "wap2_sum_300": 38.75083699822426,
  "wap2_mean_300": 49.42934615910053,
  "wap2_std_300": 112.35375118255615,
  "log_return1_sum_300": 81.04191398620605,
  "log_return1_realized_volatility_300": 12678.02968980372,
  "log_return1_mean_300": 104.78725607693195,
  "log_return1_std_300": 949.3827261030674,
  "log_return2_sum_300": 79.78112290799618,
  "log_return2_realized_volatility_300": 1491.2065112888813,
  "log_return2_mean_300": 93.1648703366518,
  "log_return2_std_300": 266.1148517727852,
  "wap_balance_sum_300": 134.47745969891548,
  "wap_balance_mean_300": 470.2636522203684,
  "wap_balance_std_300": 96.13725528120995,
  "price_spread_sum_300": 577.6074392646551,
  "price_spread_mean_300": 515.3273416161537,
  "price_spread_std_300": 87.43606713414192,
  "bid_spread_sum_300": 60.233800023794174,
  "bid_spread_mean_300": 79.15191701054573,
  "bid_spread_std_300": 97.87521143257618,
  "ask_spread_sum_300": 68.58928897976875,
  "ask_spread_mean_300": 191.6416349709034,
  "ask_spread_std_300": 85.04366584122181,
  "total_volume_sum_300": 86.10147996246815,
  "total_volume_mean_300": 112.24537070095539,
  "total_volume_std_300": 147.6988389790058,
  "volume_imbalance_sum_300": 46.31305396556854,
  "volume_imbalance_mean_300": 64.25137302279472,
  "volume_imbalance_std_300": 48.440980046987534,
  "wap1_sum_150": 90.62756796181202,
  "wap1_mean_150": 56.92059716582298,
  "wap1_std_150": 80.75251753628254,
  "wap2_sum_150": 47.34615507721901,
  "wap2_mean_150": 48.68590806424618,
  "wap2_std_150": 72.08755019307137,
  "log_return1_sum_150": 65.5932300388813,
  "log_return1_realized_volatility_150": 216470.00810724497,
  "log_return1_mean_150": 61.82896173000336,
  "log_return1_std_150": 298.0986274033785,
  "log_return2_sum_150": 75.14174345135689,
  "log_return2_realized_volatility_150": 3385.756698653102,
  "log_return2_mean_150": 70.56197606027126,
  "log_return2_std_150": 91.00613051652908,
  "wap_balance_sum_150": 235.38630840182304,
  "wap_balance_mean_150": 181.05704563856125,
  "wap_balance_std_150": 79.65636891126633,
  "price_spread_sum_150": 195.11225083470345,
  "price_spread_mean_150": 727.9288026094437,
  "price_spread_std_150": 94.6444660127163,
  "bid_spread_sum_150": 68.08018377423286,
  "bid_spread_mean_150": 106.31520739197731,
  "bid_spread_std_150": 66.36505889892578,
  "ask_spread_sum_150": 80.49731335043907,
  "ask_spread_mean_150": 86.85546410083771,
  "ask_spread_std_150": 67.19602093100548,
  "total_volume_sum_150": 75.00786469876766,
  "total_volume_mean_150": 66.45350795984268,
  "total_volume_std_150": 74.11067494750023,
  "volume_imbalance_sum_150": 47.32189178466797,
  "volume_imbalance_mean_150": 987.6123980283737,
  "volume_imbalance_std_150": 252.48373234272003,
  "trade_log_return_realized_volatility": 1222.9089634865522,
  "trade_seconds_in_bucket_count_unique": 261.33759289979935,
  "trade_size_sum": 115.09343585371971,
  "trade_order_count_mean": 302.60636734962463,
  "trade_log_return_realized_volatility_450": 936.7988569736481,
  "trade_seconds_in_bucket_count_unique_450": 337.10826678574085,
  "trade_size_sum_450": 123.03277860581875,
  "trade_order_count_mean_450": 176.5839485824108,
  "trade_log_return_realized_volatility_300": 254.38407042622566,
  "trade_seconds_in_bucket_count_unique_300": 232.7032067924738,
  "trade_size_sum_300": 143.47599387168884,
  "trade_order_count_mean_300": 201.87126196920872,
  "trade_log_return_realized_volatility_150": 198.72295951843262,
  "trade_seconds_in_bucket_count_unique_150": 177.3082819879055,
  "trade_size_sum_150": 130.68578837811947,
  "trade_order_count_mean_150": 123.740997672081,
  "log_return1_realized_volatility_mean_stock": 424.26822786033154,
  "log_return1_realized_volatility_std_stock": 55.98463520407677,
  "log_return1_realized_volatility_max_stock": 15.248183965682983,
  "log_return1_realized_volatility_min_stock": 91.26791241765022,
  "log_return2_realized_volatility_mean_stock": 86.83000585436821,
  "log_return2_realized_volatility_std_stock": 54.98218910396099,
  "log_return2_realized_volatility_max_stock": 24.01021997630596,
  "log_return2_realized_volatility_min_stock": 52.548474967479706,
  "log_return1_realized_volatility_450_mean_stock": 428.85001565515995,
  "log_return1_realized_volatility_450_std_stock": 24.02044352889061,
  "log_return1_realized_volatility_450_max_stock": 17.61945091187954,
  "log_return1_realized_volatility_450_min_stock": 22.145708203315735,
  "log_return2_realized_volatility_450_mean_stock": 177.33233569562435,
  "log_return2_realized_volatility_450_std_stock": 33.49183917045593,
  "log_return2_realized_volatility_450_max_stock": 11.218668907880783,
  "log_return2_realized_volatility_450_min_stock": 19.368964195251465,
  "log_return1_realized_volatility_300_mean_stock": 208.41403847932816,
  "log_return1_realized_volatility_300_std_stock": 14.30148795247078,
  "log_return1_realized_volatility_300_max_stock": 10.477166056632996,
  "log_return1_realized_volatility_300_min_stock": 35.44610534608364,
  "log_return2_realized_volatility_300_mean_stock": 20.676478028297424,