{
  "stock_id": 10711.532838523388,
  "wap1_sum": 144.35201935470104,
  "wap1_mean": 95.63557906448841,
  "wap1_std": 127.18927799165249,
  "wap2_sum": 114.91560086607933,
  "wap2_mean": 70.49936805665493,
  "wap2_std": 103.23504386097193,
  "log_return1_sum": 105.28311662375927,
  "log_return1_realized_volatility": 103895.19667045027,
  "log_return1_mean": 88.05935311317444,
  "log_return1_std": 258.47430251538754,
  "log_return2_sum": 95.58797107636929,
  "log_return2_realized_volatility": 19807.355930171907,
  "log_return2_mean": 103.15275977551937,
  "log_return2_std": 95.43753497302532,
  "wap_balance_sum": 528.7563454285264,
  "wap_balance_mean": 256.6344227939844,
  "wap_balance_std": 113.30657663941383,
  "price_spread_sum": 1397.8734526336193,
  "price_spread_mean": 849.2691989541054,
  "price_spread_std": 172.5559774339199,
  "bid_spread_sum": 88.54590190947056,
  "bid_spread_mean": 1423.204687461257,
  "bid_spread_std": 149.44277614355087,
  "ask_spread_sum": 65.54586717486382,
  "ask_spread_mean": 1359.0461675822735,
  "ask_spread_std": 91.85052485764027,
  "total_volume_sum": 288.45724346488714,
  "total_volume_mean": 298.01050351560116,
  "total_volume_std": 191.46062387526035,
  "volume_imbalance_sum": 60.26871482282877,
  "volume_imbalance_mean": 649.3338449597359,
  "volume_imbalance_std": 159.12396705150604,
  "wap1_sum_450": 86.27341827750206,
  "wap1_mean_450": 76.2567733079195,
  "wap1_std_450": 225.39846970885992,
  "wap2_sum_450": 63.89519254118204,
  "wap2_mean_450": 133.57490819692612,
  "wap2_std_450": 322.9180370718241,
  "log_return1_sum_450": 93.63667003810406,
  "log_return1_realized_volatility_450": 1450.0349887385964,
  "log_return1_mean_450": 100.65265811234713,
  "log_return1_std_450": 333.07093869149685,
  "log_return2_sum_450": 106.75264772772789,
  "log_return2_realized_volatility_450": 9769.800605610013,
  "log_return2_mean_450": 98.47345004975796,
  "log_return2_std_450": 147.6776731237769,
  "wap_balance_sum_450": 160.1760871782899,
  "wap_balance_mean_450": 97.59073007106781,
  "wap_balance_std_450": 121.87246386706829,
  "price_spread_sum_450": 466.16847002506256,
  "price_spread_mean_450": 666.7784745693207,
  "price_spread_std_450": 109.43587553501129,
  "bid_spread_sum_450": 74.00988920032978,
  "bid_spread_mean_450": 117.7247562110424,
  "bid_spread_std_450": 116.34494621306658,
  "ask_spread_sum_450": 78.93855883181095,
  "ask_spread_mean_450": 1005.4277694150805,
  "ask_spread_std_450": 82.88845072686672,
  "total_volume_sum_450": 100.35185469686985,
  "total_volume_mean_450": 165.85581331700087,
  "total_volume_std_450": 98.23423938453197,
  "volume_imbalance_sum_450": 67.26119813323021,
  "volume_imbalance_mean_450": 88.41004215925932,
  "volume_imbalance_std_450": 64.23670692741871,
  "wap1_sum_300": 81.39702115952969,
  "wap1_mean_300": 90.30935679376125,
  "wap1_std_300": 136.86688341200352,
  "wap2_sum_300": 54.06239105761051,
  "wap2_mean_300": 45.45272512733936,
  "wap2_std_300": 141.76055009663105,
  "log_return1_sum_300": 82.82519777864218,
  "log_return1_realized_volatility_300": 22640.131922349334,
  "log_return1_mean_300": 110.77519648522139,
  "log_return1_std_300": 738.9536705613136,
  "log_return2_sum_300": 92.5033657848835,
  "log_return2_realized_volatility_300": 2459.4747369512916,
  "log_return2_mean_300": 98.52233326435089,
  "log_return2_std_300": 168.31338842213154,
  "wap_balance_sum_300": 266.26061075925827,
  "wap_balance_mean_300": 398.60621067881584,
  "wap_balance_std_300": 86.39268590509892,
  "price_spread_sum_300": 794.2012644559145,
  "price_spread_mean_300": 1543.3792286217213,
  "price_spread_std_300": 79.09405697882175,
  "bid_spread_sum_300": 63.3952220082283,
  "bid_spread_mean_300": 90.21540613472462,
  "bid_spread_std_300": 96.04263170063496,
  "ask_spread_sum_300": 62.13487204909325,
  "ask_spread_mean_300": 116.10224128514528,
  "ask_spread_std_300": 94.44253084808588,
  "total_volume_sum_300": 70.17483681440353,
  "total_volume_mean_300": 98.7772841155529,
  "total_volume_std_300": 107.38071908801794,
  "volume_imbalance_sum_300": 66.06092458963394,
  "volume_imbalance_mean_300": 350.2882726714015,
  "volume_imbalance_std_300": 65.97807075828314,
  "wap1_sum_150": 110.34823679924011,
  "wap1_mean_150": 62.933182060718536,
  "wap1_std_150": 75.17535507678986,
  "wap2_sum_150": 78.87059980630875,
  "wap2_mean_150": 56.44697277247906,
  "wap2_std_150": 151.3624361306429,
  "log_return1_sum_150": 93.74064325541258,
  "log_return1_realized_volatility_150": 257778.2576830238,
  "log_return1_mean_150": 78.09451122581959,
  "log_return1_std_150": 421.32095492631197,
  "log_return2_sum_150": 79.49455006420612,
  "log_return2_realized_volatility_150": 10277.107444792986,
  "log_return2_mean_150": 71.50150007009506,
  "log_return2_std_150": 74.09654116630554,
  "wap_balance_sum_150": 397.8889261931181,
  "wap_balance_mean_150": 144.40442222356796,
  "wap_balance_std_150": 110.35757130384445,
  "price_spread_sum_150": 377.17889834940434,
  "price_spread_mean_150": 771.355882704258,
  "price_spread_std_150": 93.22856576740742,
  "bid_spread_sum_150": 67.7643998414278,
  "bid_spread_mean_150": 108.00577896088362,
  "bid_spread_std_150": 90.04035702347755,
  "ask_spread_sum_150": 89.17828068137169,
  "ask_spread_mean_150": 84.38575175404549,
  "ask_spread_std_150": 95.95740569382906,
  "total_volume_sum_150": 84.42871478199959,
  "total_volume_mean_150": 103.37046268582344,
  "total_volume_std_150": 146.19602769613266,
  "volume_imbalance_sum_150": 117.89331142604351,
  "volume_imbalance_mean_150": 211.68078105151653,
  "volume_imbalance_std_150": 107.9019481614232,
  "trade_log_return_realized_volatility": 2678.645659416914,
  "trade_seconds_in_bucket_count_unique": 472.9233694896102,
  "trade_size_sum": 116.65357135981321,
  "trade_order_count_mean": 261.6245269924402,
  "trade_log_return_realized_volatility_450": 1018.9248052164912,
  "trade_seconds_in_bucket_count_unique_450": 342.30148570239544,
  "trade_size_sum_450": 136.61207545548677,
  "trade_order_count_mean_450": 214.63455589860678,
  "trade_log_return_realized_volatility_300": 162.66061654686928,
  "trade_seconds_in_bucket_count_unique_300": 309.92564721405506,
  "trade_size_sum_300": 148.31830728054047,
  "trade_order_count_mean_300": 209.07459530979395,
  "trade_log_return_realized_volatility_150": 235.5384165868163,
  "trade_seconds_in_bucket_count_unique_150": 209.0904252678156,
  "trade_size_sum_150": 106.29159514605999,
  "trade_order_count_mean_150": 225.2427333444357,
  "log_return1_realized_volatility_mean_stock": 390.9527281820774,
  "log_return1_realized_volatility_std_stock": 35.240288108587265,
  "log_return1_realized_volatility_max_stock": 21.203490018844604,
  "log_return1_realized_volatility_min_stock": 53.595516219735146,
  "log_return2_realized_volatility_mean_stock": 106.93834434449673,
  "log_return2_realized_volatility_std_stock": 73.4831674695015,
  "log_return2_realized_volatility_max_stock": 25.228716105222702,
  "log_return2_realized_volatility_min_stock": 90.65156777203083,
  "log_return1_realized_volatility_450_mean_stock": 843.0773632079363,
  "log_return1_realized_volatility_450_std_stock": 45.25954024493694,
  "log_return1_realized_volatility_450_max_stock": 16.365315228700638,
  "log_return1_realized_volatility_450_min_stock": 32.76000798493624,
  "log_return2_realized_volatility_450_mean_stock": 180.64759889245033,
  "log_return2_realized_volatility_450_std_stock": 70.29732133448124,
  "log_return2_realized_volatility_450_max_stock": 27.240972131490707,
  "log_return2_realized_volatility_450_min_stock": 20.38171687722206,
  "log_return1_realized_volatility_300_mean_stock": 288.31845420598984,
  "log_return1_realized_volatility_300_std_stock": 32.27933931350708,
  "log_return1_realized_volatility_300_max_stock": 22.970328763127327,
  "log_return1_realized_volatility_300_min_stock": 67.29740940779448,
  "log_return2_realized_volatility_300_mean_stock": 238.66418880224228,