{
  "stock_id": 10408.290278241038,
  "wap1_sum": 136.2563045322895,
  "wap1_mean": 71.95328398048878,
  "wap1_std": 94.76733888685703,
  "wap2_sum": 91.41199964284897,
  "wap2_mean": 53.06748412549496,
  "wap2_std": 103.0045845657587,
  "log_return1_sum": 75.7486170977354,
  "log_return1_realized_volatility": 108747.75171846151,
  "log_return1_mean": 71.35824997723103,
  "log_return1_std": 333.4500707387924,
  "log_return2_sum": 109.14168870449066,
  "log_return2_realized_volatility": 18187.429924696684,
  "log_return2_mean": 97.27372470498085,
  "log_return2_std": 91.47358557581902,
  "wap_balance_sum": 444.48006086051464,
  "wap_balance_mean": 200.62412723898888,
  "wap_balance_std": 124.78429147601128,
  "price_spread_sum": 894.8275029957294,
  "price_spread_mean": 1077.4951026588678,
  "price_spread_std": 194.6011280119419,
  "bid_spread_sum": 85.19983507692814,
  "bid_spread_mean": 82.54150214791298,
  "bid_spread_std": 113.28336741030216,
  "ask_spread_sum": 75.9846422970295,
  "ask_spread_mean": 924.7358285337687,
  "ask_spread_std": 86.92910897731781,
  "total_volume_sum": 101.33129331469536,
  "total_volume_mean": 222.25759607553482,
  "total_volume_std": 101.70196607708931,
  "volume_imbalance_sum": 53.41447600722313,
  "volume_imbalance_mean": 784.8535066246986,
  "volume_imbalance_std": 119.05364885926247,
  "wap1_sum_450": 97.20820462703705,
  "wap1_mean_450": 84.96749010682106,
  "wap1_std_450": 174.63661921024323,
  "wap2_sum_450": 103.46795107424259,
  "wap2_mean_450": 108.10234378278255,
  "wap2_std_450": 304.9006068557501,
  "log_return1_sum_450": 99.40652893483639,
  "log_return1_realized_volatility_450": 602.589103281498,
  "log_return1_mean_450": 108.51281186938286,
  "log_return1_std_450": 203.3659212589264,
  "log_return2_sum_450": 95.99164909124374,
  "log_return2_realized_volatility_450": 2053.030154168606,
  "log_return2_mean_450": 88.89462278783321,
  "log_return2_std_450": 194.55768029391766,
  "wap_balance_sum_450": 185.99668273329735,
  "wap_balance_mean_450": 602.2358139157295,
  "wap_balance_std_450": 102.28556974232197,
  "price_spread_sum_450": 448.17531129717827,
  "price_spread_mean_450": 637.5600613355637,
  "price_spread_std_450": 120.60074058175087,
  "bid_spread_sum_450": 69.1479330509901,
  "bid_spread_mean_450": 107.52798599004745,
  "bid_spread_std_450": 89.15576592087746,
  "ask_spread_sum_450": 89.5303181707859,
  "ask_spread_mean_450": 841.5564274787903,
  "ask_spread_std_450": 80.26903007924557,
  "total_volume_sum_450": 69.7923205345869,
  "total_volume_mean_450": 84.34774298965931,
  "total_volume_std_450": 118.27249659597874,
  "volume_imbalance_sum_450": 68.93977917730808,
  "volume_imbalance_mean_450": 71.69837674498558,
  "volume_imbalance_std_450": 66.13221208751202,
  "wap1_sum_300": 81.62703411281109,
  "wap1_mean_300": 55.07984012365341,
  "wap1_std_300": 128.77974785864353,
  "wap2_sum_300": 56.81429398059845,
  "wap2_mean_300": 44.33395276963711,
  "wap2_std_300": 123.53060792386532,
  "log_return1_sum_300": 87.8871700167656,
  "log_return1_realized_volatility_300": 10250.91895070672,
  "log_return1_mean_300": 109.69566720724106,
  "log_return1_std_300": 656.7576202005148,
  "log_return2_sum_300": 82.6950621753931,
  "log_return2_realized_volatility_300": 1730.2306629121304,
  "log_return2_mean_300": 92.33519688248634,
  "log_return2_std_300": 164.99096471071243,
  "wap_balance_sum_300": 167.08573392033577,
  "wap_balance_mean_300": 669.0410797744989,
  "wap_balance_std_300": 107.82409402728081,
  "price_spread_sum_300": 477.5317183881998,
  "price_spread_mean_300": 838.3719303011894,
  "price_spread_std_300": 72.35585016012192,
  "bid_spread_sum_300": 75.13894262909889,
  "bid_spread_mean_300": 78.19538216292858,
  "bid_spread_std_300": 78.64385032653809,
  "ask_spread_sum_300": 70.26046712696552,
  "ask_spread_mean_300": 190.46267880499363,
  "ask_spread_std_300": 84.26424193382263,
  "total_volume_sum_300": 75.13411700725555,
  "total_volume_mean_300": 89.37451787292957,
  "total_volume_std_300": 78.02871216833591,
  "volume_imbalance_sum_300": 61.736938923597336,
  "volume_imbalance_mean_300": 59.014889031648636,
  "volume_imbalance_std_300": 55.23849394917488,
  "wap1_sum_150": 80.83355520665646,
  "wap1_mean_150": 50.353274926543236,
  "wap1_std_150": 69.28533379733562,
  "wap2_sum_150": 75.2429214566946,
  "wap2_mean_150": 47.023985743522644,
  "wap2_std_150": 108.09947644174099,
  "log_return1_sum_150": 87.4753704816103,
  "log_return1_realized_volatility_150": 222357.41797339916,
  "log_return1_mean_150": 84.4617613106966,
  "log_return1_std_150": 254.08135433495045,
  "log_return2_sum_150": 77.51294568181038,
  "log_return2_realized_volatility_150": 2765.4357780963182,
  "log_return2_mean_150": 69.69457083940506,
  "log_return2_std_150": 160.29110877215862,
  "wap_balance_sum_150": 278.4162400662899,
  "wap_balance_mean_150": 208.5344303548336,
  "wap_balance_std_150": 85.09488825500011,
  "price_spread_sum_150": 509.33920370042324,
  "price_spread_mean_150": 671.0140225589275,
  "price_spread_std_150": 99.0682492107153,
  "bid_spread_sum_150": 71.55129799246788,
  "bid_spread_mean_150": 77.22198191285133,
  "bid_spread_std_150": 95.84307114779949,
  "ask_spread_sum_150": 71.08426174521446,
  "ask_spread_mean_150": 68.62393406033516,
  "ask_spread_std_150": 52.1847932189703,
  "total_volume_sum_150": 110.3871282339096,
  "total_volume_mean_150": 79.19334903359413,
  "total_volume_std_150": 52.20120596885681,
  "volume_imbalance_sum_150": 58.371155589818954,
  "volume_imbalance_mean_150": 916.9298461973667,
  "volume_imbalance_std_150": 231.41799642145634,
  "trade_log_return_realized_volatility": 1192.6060663610697,
  "trade_seconds_in_bucket_count_unique": 261.0258255302906,
  "trade_size_sum": 116.25349470973015,
  "trade_order_count_mean": 199.38976554572582,
  "trade_log_return_realized_volatility_450": 857.5538493841887,
  "trade_seconds_in_bucket_count_unique_450": 266.7676685601473,
  "trade_size_sum_450": 136.2283444404602,
  "trade_order_count_mean_450": 190.7968928515911,
  "trade_log_return_realized_volatility_300": 351.8402049392462,
  "trade_seconds_in_bucket_count_unique_300": 256.3212891668081,
  "trade_size_sum_300": 115.28747092187405,
  "trade_order_count_mean_300": 196.05272243916988,
  "trade_log_return_realized_volatility_150": 326.0931020528078,
  "trade_seconds_in_bucket_count_unique_150": 223.31638707220554,
  "trade_size_sum_150": 110.6404570788145,
  "trade_order_count_mean_150": 174.0971248447895,
  "log_return1_realized_volatility_mean_stock": 301.4022586941719,
  "log_return1_realized_volatility_std_stock": 50.13095831871033,
  "log_return1_realized_volatility_max_stock": 19.040318936109543,
  "log_return1_realized_volatility_min_stock": 82.05379182100296,
  "log_return2_realized_volatility_mean_stock": 90.64137949049473,
  "log_return2_realized_volatility_std_stock": 40.19681999087334,
  "log_return2_realized_volatility_max_stock": 13.579683005809784,
  "log_return2_realized_volatility_min_stock": 57.277414470911026,
  "log_return1_realized_volatility_450_mean_stock": 457.4376072883606,
  "log_return1_realized_volatility_450_std_stock": 17.308222115039825,
  "log_return1_realized_volatility_450_max_stock": 12.127614945173264,
  "log_return1_realized_volatility_450_min_stock": 16.439374074339867,
  "log_return2_realized_volatility_450_mean_stock": 113.51026183366776,
  "log_return2_realized_volatility_450_std_stock": 38.66837605834007,
  "log_return2_realized_volatility_450_max_stock": 19.448532074689865,
  "log_return2_realized_volatility_450_min_stock": 14.390150099992752,
  "log_return1_realized_volatility_300_mean_stock": 208.68317955732346,
  "log_return1_realized_volatility_300_std_stock": 23.347513288259506,
  "log_return1_realized_volatility_300_max_stock": 20.389447927474976,
  "log_return1_realized_volatility_300_min_stock": 22.388892099261284,
  "log_return2_realized_volatility_300_mean_stock": 19.42747050523758,