{
  "stock_id": 9946.473077461123,
  "wap1_sum": 149.118037879467,
  "wap1_mean": 79.77693466842175,
  "wap1_std": 104.47310636937618,
  "wap2_sum": 87.52316299080849,
  "wap2_mean": 54.3909370303154,
  "wap2_std": 78.8377215564251,
  "log_return1_sum": 90.74035601317883,
  "log_return1_realized_volatility": 101133.35631838441,
  "log_return1_mean": 76.96451760828495,
  "log_return1_std": 206.54639445245266,
  "log_return2_sum": 85.1301334798336,
  "log_return2_realized_volatility": 19224.516617819667,
  "log_return2_mean": 97.15807814896107,
  "log_return2_std": 68.14430610835552,
  "wap_balance_sum": 454.8449128270149,
  "wap_balance_mean": 218.60114659368992,
  "wap_balance_std": 132.63291290402412,
  "price_spread_sum": 1253.6448623239994,
  "price_spread_mean": 892.4085382074118,
  "price_spread_std": 169.90584836900234,
  "bid_spread_sum": 74.00109414756298,
  "bid_spread_mean": 1391.6848347783089,
  "bid_spread_std": 122.93612802028656,
  "ask_spread_sum": 53.6553660184145,
  "ask_spread_mean": 1274.1971760243177,
  "ask_spread_std": 88.8399718105793,
  "total_volume_sum": 283.22432009875774,
  "total_volume_mean": 308.44817239046097,
  "total_volume_std": 274.7130177170038,
  "volume_imbalance_sum": 47.838501289486885,
  "volume_imbalance_mean": 1349.004298478365,
  "volume_imbalance_std": 97.8234723508358,
  "wap1_sum_450": 84.24365866184235,
  "wap1_mean_450": 57.950625225901604,
  "wap1_std_450": 233.62792064249516,
  "wap2_sum_450": 63.724126532673836,
  "wap2_mean_450": 95.21882462501526,
  "wap2_std_450": 311.6001980304718,
  "log_return1_sum_450": 87.23230983316898,
  "log_return1_realized_volatility_450": 1435.4697133302689,
  "log_return1_mean_450": 88.06301234662533,
  "log_return1_std_450": 284.521471619606,
  "log_return2_sum_450": 76.7949498295784,
  "log_return2_realized_volatility_450": 9669.689299821854,
  "log_return2_mean_450": 70.79598002135754,
  "log_return2_std_450": 91.98361441493034,
  "wap_balance_sum_450": 157.6497330069542,
  "wap_balance_mean_450": 157.25987441837788,
  "wap_balance_std_450": 120.8532053232193,
  "price_spread_sum_450": 364.6897127330303,
  "price_spread_mean_450": 591.5210841745138,
  "price_spread_std_450": 87.09065994620323,
  "bid_spread_sum_450": 86.81333975493908,
  "bid_spread_mean_450": 77.11982084810734,
  "bid_spread_std_450": 93.91080515086651,
  "ask_spread_sum_450": 75.95736190676689,
  "ask_spread_mean_450": 985.6290936768055,
  "ask_spread_std_450": 71.89083117246628,
  "total_volume_sum_450": 86.44666422903538,
  "total_volume_mean_450": 149.2701074630022,
  "total_volume_std_450": 68.70083862543106,
  "volume_imbalance_sum_450": 58.974819868803024,
  "volume_imbalance_mean_450": 58.813723027706146,
  "volume_imbalance_std_450": 53.191249296069145,
  "wap1_sum_300": 83.98110702633858,
  "wap1_mean_300": 80.33943372964859,
  "wap1_std_300": 143.76705239713192,
  "wap2_sum_300": 70.41453352570534,
  "wap2_mean_300": 56.831664100289345,
  "wap2_std_300": 94.99569462239742,
  "log_return1_sum_300": 76.60053093731403,
  "log_return1_realized_volatility_300": 22024.74101780355,
  "log_return1_mean_300": 97.7692522034049,
  "log_return1_std_300": 612.4441734552383,
  "log_return2_sum_300": 51.4099111109972,
  "log_return2_realized_volatility_300": 2692.039741769433,
  "log_return2_mean_300": 84.2003146559,
  "log_return2_std_300": 151.89551536738873,
  "wap_balance_sum_300": 158.16655011475086,
  "wap_balance_mean_300": 372.82248674333096,
  "wap_balance_std_300": 88.02891904115677,
  "price_spread_sum_300": 891.4662664532661,
  "price_spread_mean_300": 664.668460264802,
  "price_spread_std_300": 82.22203098237514,
  "bid_spread_sum_300": 69.24041809141636,
  "bid_spread_mean_300": 77.96431060135365,
  "bid_spread_std_300": 54.770377054810524,
  "ask_spread_sum_300": 56.233669087290764,
  "ask_spread_mean_300": 84.32250912487507,
  "ask_spread_std_300": 76.49174544215202,
  "total_volume_sum_300": 73.13942909240723,
  "total_volume_mean_300": 77.07938791811466,
  "total_volume_std_300": 93.97466360032558,
  "volume_imbalance_sum_300": 48.62503692507744,
  "volume_imbalance_mean_300": 269.9171172082424,
  "volume_imbalance_std_300": 50.94830986857414,
  "wap1_sum_150": 68.03447036445141,
  "wap1_mean_150": 62.53276477754116,
  "wap1_std_150": 58.32569798827171,
  "wap2_sum_150": 73.10061997175217,
  "wap2_mean_150": 43.38556298613548,
  "wap2_std_150": 124.27394120395184,
  "log_return1_sum_150": 63.6943718791008,
  "log_return1_realized_volatility_150": 254898.14217033982,
  "log_return1_mean_150": 71.87673799693584,
  "log_return1_std_150": 394.22163674235344,
  "log_return2_sum_150": 63.80474790930748,
  "log_return2_realized_volatility_150": 8998.299329608679,
  "log_return2_mean_150": 77.49980932474136,
  "log_return2_std_150": 57.02690088748932,
  "wap_balance_sum_150": 203.1867254525423,
  "wap_balance_mean_150": 146.22529707849026,
  "wap_balance_std_150": 106.96931996941566,
  "price_spread_sum_150": 397.5931259691715,
  "price_spread_mean_150": 981.0730804204941,
  "price_spread_std_150": 82.88081115484238,
  "bid_spread_sum_150": 69.85115323960781,
  "bid_spread_mean_150": 70.60779225826263,
  "bid_spread_std_150": 55.713335156440735,
  "ask_spread_sum_150": 74.56703291833401,
  "ask_spread_mean_150": 89.83308434486389,
  "ask_spread_std_150": 66.17627096176147,
  "total_volume_sum_150": 86.40821686387062,
  "total_volume_mean_150": 99.41174466907978,
  "total_volume_std_150": 105.40170571208,
  "volume_imbalance_sum_150": 54.68955782055855,
  "volume_imbalance_mean_150": 146.51857775449753,
  "volume_imbalance_std_150": 52.808406978845596,
  "trade_log_return_realized_volatility": 2366.5410621017218,
  "trade_seconds_in_bucket_count_unique": 454.2454263418913,
  "trade_size_sum": 148.8591144680977,
  "trade_order_count_mean": 314.2195725440979,
  "trade_log_return_realized_volatility_450": 965.9438493698835,
  "trade_seconds_in_bucket_count_unique_450": 250.41461338102818,
  "trade_size_sum_450": 98.86803524196148,
  "trade_order_count_mean_450": 164.42818453907967,
  "trade_log_return_realized_volatility_300": 237.9819807112217,
  "trade_seconds_in_bucket_count_unique_300": 300.68057791888714,
  "trade_size_sum_300": 151.88607197999954,
  "trade_order_count_mean_300": 134.9069972783327,
  "trade_log_return_realized_volatility_150": 247.2179998010397,
  "trade_seconds_in_bucket_count_unique_150": 183.93411886692047,
  "trade_size_sum_150": 97.04790215194225,
  "trade_order_count_mean_150": 187.25125062465668,
  "log_return1_realized_volatility_mean_stock": 437.1724643409252,
  "log_return1_realized_volatility_std_stock": 46.83449429273605,
  "log_return1_realized_volatility_max_stock": 15.155348107218742,
  "log_return1_realized_volatility_min_stock": 46.25165204703808,
  "log_return2_realized_volatility_mean_stock": 135.4562037885189,
  "log_return2_realized_volatility_std_stock": 66.66917806863785,
  "log_return2_realized_volatility_max_stock": 25.841561898589134,
  "log_return2_realized_volatility_min_stock": 75.07536095380783,
  "log_return1_realized_volatility_450_mean_stock": 847.1477779000998,
  "log_return1_realized_volatility_450_std_stock": 52.32067400217056,
  "log_return1_realized_volatility_450_max_stock": 16.254524916410446,
  "log_return1_realized_volatility_450_min_stock": 24.683655947446823,
  "log_return2_realized_volatility_450_mean_stock": 125.87949302792549,
  "log_return2_realized_volatility_450_std_stock": 51.2984723597765,
  "log_return2_realized_volatility_450_max_stock": 24.620607018470764,
  "log_return2_realized_volatility_450_min_stock": 15.699252098798752,
  "log_return1_realized_volatility_300_mean_stock": 252.76246522367,
  "log_return1_realized_volatility_300_std_stock": 35.45342460274696,
  "log_return1_realized_volatility_300_max_stock": 27.39230613410473,
  "log_return1_realized_volatility_300_min_stock": 54.12898547947407,
  "log_return2_realized_volatility_300_mean_stock": 169.52291630208492,