{
  "stock_id": 8251.589707583189,
  "wap1_sum": 185.2699649631977,
  "wap1_mean": 112.85151234269142,
  "wap1_std": 122.76601022481918,
  "wap2_sum": 34.561570316553116,
  "wap2_mean": 76.98382952809334,
  "wap2_std": 84.61256814002991,
  "log_return1_sum": 99.39670902490616,
  "log_return1_realized_volatility": 110070.31392943859,
  "log_return1_mean": 103.42133456468582,
  "log_return1_std": 175.9771359860897,
  "log_return2_sum": 105.03058183193207,
  "log_return2_realized_volatility": 2797.30904892087,
  "log_return2_mean": 120.63105046749115,
  "log_return2_std": 102.89486110210419,
  "wap_balance_sum": 347.86039474606514,
  "wap_balance_mean": 244.570392370224,
  "wap_balance_std": 219.00931298732758,
  "price_spread_sum": 515.6608810126781,
  "price_spread_mean": 580.1319381892681,
  "price_spread_std": 182.19956561923027,
  "bid_spread_sum": 66.17758092284203,
  "bid_spread_mean": 123.01802968978882,
  "bid_spread_std": 120.21234434843063,
  "ask_spread_sum": 86.19525888562202,
  "ask_spread_mean": 562.4687112271786,
  "ask_spread_std": 106.58934432268143,
  "total_volume_sum": 188.32292249798775,
  "total_volume_mean": 191.68404805660248,
  "total_volume_std": 145.93115636706352,
  "volume_imbalance_sum": 58.67470592260361,
  "volume_imbalance_mean": 639.4738174974918,
  "volume_imbalance_std": 59.89408326148987,
  "wap1_sum_450": 107.2992889881134,
  "wap1_mean_450": 82.64549267292023,
  "wap1_std_450": 223.52178236842155,
  "wap2_sum_450": 23.134714037179947,
  "wap2_mean_450": 105.98470509052277,
  "wap2_std_450": 194.46058025956154,
  "log_return1_sum_450": 114.01964077353477,
  "log_return1_realized_volatility_450": 872.7454352974892,
  "log_return1_mean_450": 131.12405806779861,
  "log_return1_std_450": 204.51643654704094,
  "log_return2_sum_450": 108.31506907939911,
  "log_return2_realized_volatility_450": 1113.8628197312355,
  "log_return2_mean_450": 143.12945672869682,
  "log_return2_std_450": 294.5619704425335,
  "wap_balance_sum_450": 238.61468109488487,
  "wap_balance_mean_450": 200.3408496081829,
  "wap_balance_std_450": 177.32055512070656,
  "price_spread_sum_450": 371.63698050379753,
  "price_spread_mean_450": 213.71115338802338,
  "price_spread_std_450": 138.31005692481995,
  "bid_spread_sum_450": 93.95135486125946,
  "bid_spread_mean_450": 138.86961820721626,
  "bid_spread_std_450": 133.63985788822174,
  "ask_spread_sum_450": 116.4973695576191,
  "ask_spread_mean_450": 408.6711923480034,
  "ask_spread_std_450": 120.07492864131927,
  "total_volume_sum_450": 193.55852976441383,
  "total_volume_mean_450": 82.3463836312294,
  "total_volume_std_450": 91.74624222517014,
  "volume_imbalance_sum_450": 80.58309504389763,
  "volume_imbalance_mean_450": 126.88572272658348,
  "volume_imbalance_std_450": 104.35920161008835,
  "wap1_sum_300": 94.64309957623482,
  "wap1_mean_300": 62.95444196462631,
  "wap1_std_300": 126.89101374149323,
  "wap2_sum_300": 23.80443647503853,
  "wap2_mean_300": 55.46446615457535,
  "wap2_std_300": 142.1872911453247,
  "log_return1_sum_300": 124.7521248459816,
  "log_return1_realized_volatility_300": 6384.969843924046,
  "log_return1_mean_300": 142.88640263676643,
  "log_return1_std_300": 1172.6951178014278,
  "log_return2_sum_300": 107.8697504401207,
  "log_return2_realized_volatility_300": 1711.7612210214138,
  "log_return2_mean_300": 125.04724788665771,
  "log_return2_std_300": 119.66402688622475,
  "wap_balance_sum_300": 175.28372421860695,
  "wap_balance_mean_300": 738.8551701903343,
  "wap_balance_std_300": 119.18387818336487,
  "price_spread_sum_300": 584.6966228783131,
  "price_spread_mean_300": 1793.8895438611507,
  "price_spread_std_300": 129.70427957177162,
  "bid_spread_sum_300": 79.74391683936119,
  "bid_spread_mean_300": 104.74154582619667,
  "bid_spread_std_300": 106.61577865481377,
  "ask_spread_sum_300": 92.55945912003517,
  "ask_spread_mean_300": 236.92757913470268,
  "ask_spread_std_300": 132.69917610287666,
  "total_volume_sum_300": 76.44102931022644,
  "total_volume_mean_300": 129.5391940176487,
  "total_volume_std_300": 116.0683240890503,
  "volume_imbalance_sum_300": 61.435617327690125,
  "volume_imbalance_mean_300": 71.34679180383682,
  "volume_imbalance_std_300": 116.75865197181702,
  "wap1_sum_150": 104.96530294418335,
  "wap1_mean_150": 55.274760127067566,
  "wap1_std_150": 127.40227797627449,
  "wap2_sum_150": 25.112454056739807,
  "wap2_mean_150": 70.28643077611923,
  "wap2_std_150": 97.24393624067307,
  "log_return1_sum_150": 131.6780488193035,
  "log_return1_realized_volatility_150": 48575.66535180807,
  "log_return1_mean_150": 114.25019919872284,
  "log_return1_std_150": 300.7296335399151,
  "log_return2_sum_150": 85.96608036756516,
  "log_return2_realized_volatility_150": 3460.5664757192135,
  "log_return2_mean_150": 157.90607798099518,
  "log_return2_std_150": 80.36097875237465,
  "wap_balance_sum_150": 243.588453322649,
  "wap_balance_mean_150": 105.90910422801971,
  "wap_balance_std_150": 116.86256223917007,
  "price_spread_sum_150": 443.37627789378166,
  "price_spread_mean_150": 309.08582973480225,
  "price_spread_std_150": 144.91459277272224,
  "bid_spread_sum_150": 67.40173703432083,
  "bid_spread_mean_150": 86.94848176836967,
  "bid_spread_std_150": 107.86343675851822,
  "ask_spread_sum_150": 67.77648696303368,
  "ask_spread_mean_150": 146.34381499886513,
  "ask_spread_std_150": 85.3996279835701,
  "total_volume_sum_150": 147.20340639352798,
  "total_volume_mean_150": 89.92190006375313,
  "total_volume_std_150": 88.08613210916519,
  "volume_imbalance_sum_150": 57.27095007896423,
  "volume_imbalance_mean_150": 126.66017615795135,
  "volume_imbalance_std_150": 166.50789818167686,
  "trade_log_return_realized_volatility": 599.6164414286613,
  "trade_seconds_in_bucket_count_unique": 185.03626930713654,
  "trade_size_sum": 163.67230907082558,
  "trade_order_count_mean": 218.62940508127213,
  "trade_log_return_realized_volatility_450": 606.9816220700741,
  "trade_seconds_in_bucket_count_unique_450": 228.98459097743034,
  "trade_size_sum_450": 212.02930980920792,
  "trade_order_count_mean_450": 246.63170057535172,
  "trade_log_return_realized_volatility_300": 736.23539686203,
  "trade_seconds_in_bucket_count_unique_300": 186.1569840312004,
  "trade_size_sum_300": 139.67187583446503,
  "trade_order_count_mean_300": 181.74759539961815,
  "trade_log_return_realized_volatility_150": 176.56619727611542,
  "trade_seconds_in_bucket_count_unique_150": 129.14471420645714,
  "trade_size_sum_150": 148.34409523010254,
  "trade_order_count_mean_150": 180.34378802776337,
  "log_return1_realized_volatility_mean_stock": 188.05206456780434,
  "log_return1_realized_volatility_std_stock": 25.795274943113327,
  "log_return1_realized_volatility_max_stock": 12.81750100851059,
  "log_return1_realized_volatility_min_stock": 15.486540049314499,
  "log_return2_realized_volatility_mean_stock": 20.10167905688286,
  "log_return2_realized_volatility_std_stock": 16.0827998816967,
  "log_return2_realized_volatility_max_stock": 18.941080033779144,
  "log_return2_realized_volatility_min_stock": 8.444453090429306,
  "log_return1_realized_volatility_450_mean_stock": 66.13004264235497,
  "log_return1_realized_volatility_450_std_stock": 8.645143002271652,
  "log_return1_realized_volatility_450_max_stock": 10.02776300907135,
  "log_return1_realized_volatility_450_min_stock": 17.718351125717163,
  "log_return2_realized_volatility_450_mean_stock": 7.316455990076065,
  "log_return2_realized_volatility_450_std_stock": 14.049127966165543,
  "log_return2_realized_volatility_450_max_stock": 8.8805570602417,
  "log_return2_realized_volatility_450_min_stock": 7.335348010063171,
  "log_return1_realized_volatility_300_mean_stock": 0.0,
  "log_return1_realized_volatility_300_std_stock": 8.664011865854263,
  "log_return1_realized_volatility_300_max_stock": 4.453008979558945,
  "log_return1_realized_volatility_300_min_stock": 15.138131022453308,
  "log_return2_realized_volatility_300_mean_stock": 3.2348499298095703,