{
  "stock_id": 15469.213043496013,
  "wap1_sum": 105.41646003723145,
  "wap1_mean": 107.0811358988285,
  "wap1_std": 82.01914978027344,
  "wap2_sum": 63.97518236935139,
  "wap2_mean": 54.048569083213806,
  "wap2_std": 88.19272874295712,
  "log_return1_sum": 92.39755741506815,
  "log_return1_realized_volatility": 212960.42954213917,
  "log_return1_mean": 54.16719897091389,
  "log_return1_std": 169.54033814370632,
  "log_return2_sum": 99.34149785339832,
  "log_return2_realized_volatility": 13775.865847840905,
  "log_return2_mean": 75.01468309760094,
  "log_return2_std": 99.6798116415739,
  "wap_balance_sum": 353.7847131639719,
  "wap_balance_mean": 69.96228188276291,
  "wap_balance_std": 110.97913707792759,
  "price_spread_sum": 1159.0050368607044,
  "price_spread_mean": 1974.7039944529533,
  "price_spread_std": 162.3919010311365,
  "bid_spread_sum": 75.77140612900257,
  "bid_spread_mean": 79.57840411365032,
  "bid_spread_std": 114.69719997048378,
  "ask_spread_sum": 60.10527594387531,
  "ask_spread_mean": 753.1881573945284,
  "ask_spread_std": 87.43123798072338,
  "total_volume_sum": 82.42222263664007,
  "total_volume_mean": 270.4688715338707,
  "total_volume_std": 174.8264473080635,
  "volume_imbalance_sum": 38.69983485341072,
  "volume_imbalance_mean": 904.321214556694,
  "volume_imbalance_std": 371.50877186656,
  "wap1_sum_450": 90.46618546545506,
  "wap1_mean_450": 72.83213424682617,
  "wap1_std_450": 216.3147328644991,
  "wap2_sum_450": 43.51049643754959,
  "wap2_mean_450": 122.59586028754711,
  "wap2_std_450": 307.28578536212444,
  "log_return1_sum_450": 83.14700368791819,
  "log_return1_realized_volatility_450": 811.9128029495478,
  "log_return1_mean_450": 105.62762278318405,
  "log_return1_std_450": 207.95862746238708,
  "log_return2_sum_450": 71.91500376164913,
  "log_return2_realized_volatility_450": 2146.4241595715284,
  "log_return2_mean_450": 89.68580605089664,
  "log_return2_std_450": 602.7639372944832,
  "wap_balance_sum_450": 168.7117941379547,
  "wap_balance_mean_450": 114.53455546498299,
  "wap_balance_std_450": 67.25613851845264,
  "price_spread_sum_450": 612.48477204144,
  "price_spread_mean_450": 167.69523958861828,
  "price_spread_std_450": 112.0138168334961,
  "bid_spread_sum_450": 60.671152234077454,
  "bid_spread_mean_450": 71.52219408750534,
  "bid_spread_std_450": 97.97189316153526,
  "ask_spread_sum_450": 63.94732886552811,
  "ask_spread_mean_450": 1906.1129281818867,
  "ask_spread_std_450": 106.47377429902554,
  "total_volume_sum_450": 268.8995369076729,
  "total_volume_mean_450": 69.75818508863449,
  "total_volume_std_450": 86.55837118625641,
  "volume_imbalance_sum_450": 45.37548303604126,
  "volume_imbalance_mean_450": 75.13675279915333,
  "volume_imbalance_std_450": 60.12754802405834,
  "wap1_sum_300": 68.20935383439064,
  "wap1_mean_300": 53.503198862075806,
  "wap1_std_300": 139.93820844590664,
  "wap2_sum_300": 15.652050018310547,
  "wap2_mean_300": 46.100339621305466,
  "wap2_std_300": 105.38946983218193,
  "log_return1_sum_300": 70.00688596069813,
  "log_return1_realized_volatility_300": 14698.6281760633,
  "log_return1_mean_300": 71.91719783842564,
  "log_return1_std_300": 627.7489063590765,
  "log_return2_sum_300": 84.07131841778755,
  "log_return2_realized_volatility_300": 3217.9871685877442,
  "log_return2_mean_300": 76.99658781290054,
  "log_return2_std_300": 177.96161445975304,
  "wap_balance_sum_300": 116.08375400304794,
  "wap_balance_mean_300": 163.34790834784508,
  "wap_balance_std_300": 79.67225448787212,
  "price_spread_sum_300": 421.1870913207531,
  "price_spread_mean_300": 834.2264530807734,
  "price_spread_std_300": 80.99100898206234,
  "bid_spread_sum_300": 55.989159017801285,
  "bid_spread_mean_300": 67.05290293693542,
  "bid_spread_std_300": 59.0754819214344,
  "ask_spread_sum_300": 78.02633342146873,
  "ask_spread_mean_300": 102.13211990892887,
  "ask_spread_std_300": 68.55117502808571,
  "total_volume_sum_300": 68.36076697707176,
  "total_volume_mean_300": 144.62962226569653,
  "total_volume_std_300": 81.65745504200459,
  "volume_imbalance_sum_300": 39.81717808544636,
  "volume_imbalance_mean_300": 76.26931615173817,
  "volume_imbalance_std_300": 56.40500399470329,
  "wap1_sum_150": 109.23222993314266,
  "wap1_mean_150": 44.60934096574783,
  "wap1_std_150": 85.84306415915489,
  "wap2_sum_150": 38.80861282348633,
  "wap2_mean_150": 36.44950193166733,
  "wap2_std_150": 96.03945437073708,
  "log_return1_sum_150": 77.6417246311903,
  "log_return1_realized_volatility_150": 178507.24709758908,
  "log_return1_mean_150": 67.33883306384087,
  "log_return1_std_150": 705.640302285552,
  "log_return2_sum_150": 74.46456097066402,
  "log_return2_realized_volatility_150": 4887.114763647318,
  "log_return2_mean_150": 71.4499419927597,
  "log_return2_std_150": 342.0990969389677,
  "wap_balance_sum_150": 315.3502601981163,
  "wap_balance_mean_150": 141.8931084573269,
  "wap_balance_std_150": 76.58613841235638,
  "price_spread_sum_150": 349.4597522467375,
  "price_spread_mean_150": 1193.013142362237,
  "price_spread_std_150": 72.17880895733833,
  "bid_spread_sum_150": 56.5025869756937,
  "bid_spread_mean_150": 75.87331332266331,
  "bid_spread_std_150": 61.79667545855045,
  "ask_spread_sum_150": 55.133690908551216,
  "ask_spread_mean_150": 60.39088894426823,
  "ask_spread_std_150": 51.22914303839207,
  "total_volume_sum_150": 61.07722717523575,
  "total_volume_mean_150": 104.2518163472414,
  "total_volume_std_150": 37.10789704322815,
  "volume_imbalance_sum_150": 46.51580913364887,
  "volume_imbalance_mean_150": 47.4797899723053,
  "volume_imbalance_std_150": 47.427338898181915,
  "trade_log_return_realized_volatility": 876.8955232650042,
  "trade_seconds_in_bucket_count_unique": 211.7091013044119,
  "trade_size_sum": 83.23548570275307,
  "trade_order_count_mean": 245.27385394275188,
  "trade_log_return_realized_volatility_450": 1192.4617320075631,
  "trade_seconds_in_bucket_count_unique_450": 270.6985677778721,
  "trade_size_sum_450": 103.57556296885014,
  "trade_order_count_mean_450": 181.6831067353487,
  "trade_log_return_realized_volatility_300": 489.7000602185726,
  "trade_seconds_in_bucket_count_unique_300": 253.13283950835466,
  "trade_size_sum_300": 98.88568086922169,
  "trade_order_count_mean_300": 130.86020323634148,
  "trade_log_return_realized_volatility_150": 190.51288521289825,
  "trade_seconds_in_bucket_count_unique_150": 253.67187078297138,
  "trade_size_sum_150": 97.47185757756233,
  "trade_order_count_mean_150": 190.05051383376122,
  "log_return1_realized_volatility_mean_stock": 178.23754554986954,
  "log_return1_realized_volatility_std_stock": 43.766552940011024,
  "log_return1_realized_volatility_max_stock": 14.743891805410385,
  "log_return1_realized_volatility_min_stock": 16.38219517469406,
  "log_return2_realized_volatility_mean_stock": 73.5751451253891,
  "log_return2_realized_volatility_std_stock": 17.862503707408905,
  "log_return2_realized_volatility_max_stock": 13.705271005630493,
  "log_return2_realized_volatility_min_stock": 16.726564049720764,
  "log_return1_realized_volatility_450_mean_stock": 254.34007275104523,
  "log_return1_realized_volatility_450_std_stock": 16.298200726509094,
  "log_return1_realized_volatility_450_max_stock": 10.886458992958069,
  "log_return1_realized_volatility_450_min_stock": 17.9426149725914,
  "log_return2_realized_volatility_450_mean_stock": 52.32310193777084,
  "log_return2_realized_volatility_450_std_stock": 18.126952975988388,
  "log_return2_realized_volatility_450_max_stock": 9.390451088547707,
  "log_return2_realized_volatility_450_min_stock": 11.135889112949371,
  "log_return1_realized_volatility_300_mean_stock": 44.41019371151924,
  "log_return1_realized_volatility_300_std_stock": 5.80152502655983,
  "log_return1_realized_volatility_300_max_stock": 9.073982119560242,
  "log_return1_realized_volatility_300_min_stock": 26.891588926315308,
  "log_return2_realized_volatility_300_mean_stock": 4.850331783294678,