{
  "stock_id": 9475.446422353387,
  "wap1_sum": 120.08021375536919,
  "wap1_mean": 85.57536269724369,
  "wap1_std": 86.23724548518658,
  "wap2_sum": 79.14292535185814,
  "wap2_mean": 68.46802221238613,
  "wap2_std": 78.55081376433372,
  "log_return1_sum": 126.50436805188656,
  "log_return1_realized_volatility": 99683.36506484449,
  "log_return1_mean": 82.40270262956619,
  "log_return1_std": 2465.7538254261017,
  "log_return2_sum": 95.7162841334939,
  "log_return2_realized_volatility": 20206.673356875777,
  "log_return2_mean": 61.3287573158741,
  "log_return2_std": 92.77105657756329,
  "wap_balance_sum": 454.3683485686779,
  "wap_balance_mean": 238.22052133083344,
  "wap_balance_std": 98.60798092186451,
  "price_spread_sum": 1369.247596539557,
  "price_spread_mean": 776.0349749773741,
  "price_spread_std": 162.14419198781252,
  "bid_spread_sum": 77.79801946878433,
  "bid_spread_mean": 1428.4755391851068,
  "bid_spread_std": 124.56549847126007,
  "ask_spread_sum": 60.08518598973751,
  "ask_spread_mean": 1284.7621435821056,
  "ask_spread_std": 83.48706216365099,
  "total_volume_sum": 273.63268934190273,
  "total_volume_mean": 381.44828267395496,
  "total_volume_std": 264.0697308778763,
  "volume_imbalance_sum": 73.36138170212507,
  "volume_imbalance_mean": 677.0193608105183,
  "volume_imbalance_std": 136.6747232824564,
  "wap1_sum_450": 136.57690246403217,
  "wap1_mean_450": 76.5005356296897,
  "wap1_std_450": 204.04759849607944,
  "wap2_sum_450": 69.82790397107601,
  "wap2_mean_450": 111.7243617027998,
  "wap2_std_450": 307.97932755947113,
  "log_return1_sum_450": 89.35073634982109,
  "log_return1_realized_volatility_450": 1231.8524833023548,
  "log_return1_mean_450": 92.27685129642487,
  "log_return1_std_450": 369.6152433529496,
  "log_return2_sum_450": 108.55707202106714,
  "log_return2_realized_volatility_450": 10167.366093225777,
  "log_return2_mean_450": 87.38613431155682,
  "log_return2_std_450": 112.27050559967756,
  "wap_balance_sum_450": 126.29192945361137,
  "wap_balance_mean_450": 137.36817333102226,
  "wap_balance_std_450": 99.98086142539978,
  "price_spread_sum_450": 422.58092817664146,
  "price_spread_mean_450": 690.799025952816,
  "price_spread_std_450": 104.69935120642185,
  "bid_spread_sum_450": 100.59103919565678,
  "bid_spread_mean_450": 106.44342485070229,
  "bid_spread_std_450": 91.52409107238054,
  "ask_spread_sum_450": 89.51539627462626,
  "ask_spread_mean_450": 937.4009695798159,
  "ask_spread_std_450": 98.73367691785097,
  "total_volume_sum_450": 176.29941817373037,
  "total_volume_mean_450": 105.74291087687016,
  "total_volume_std_450": 109.83406765758991,
  "volume_imbalance_sum_450": 63.339806884527206,
  "volume_imbalance_mean_450": 70.8129610568285,
  "volume_imbalance_std_450": 64.6431659758091,
  "wap1_sum_300": 86.41384609043598,
  "wap1_mean_300": 46.49592614918947,
  "wap1_std_300": 177.27713206410408,
  "wap2_sum_300": 65.82039301842451,
  "wap2_mean_300": 71.43494988977909,
  "wap2_std_300": 98.84264507889748,
  "log_return1_sum_300": 72.1829082146287,
  "log_return1_realized_volatility_300": 22792.25880216807,
  "log_return1_mean_300": 99.31716538965702,
  "log_return1_std_300": 706.5135996639729,
  "log_return2_sum_300": 83.45800483971834,
  "log_return2_realized_volatility_300": 2392.875642605126,
  "log_return2_mean_300": 98.43891763687134,
  "log_return2_std_300": 126.72527017444372,
  "wap_balance_sum_300": 164.6753477305174,
  "wap_balance_mean_300": 300.02678537368774,
  "wap_balance_std_300": 94.31538811326027,
  "price_spread_sum_300": 1161.814605794847,
  "price_spread_mean_300": 1498.105780504644,
  "price_spread_std_300": 97.77407163381577,
  "bid_spread_sum_300": 61.15124200284481,
  "bid_spread_mean_300": 63.80316399037838,
  "bid_spread_std_300": 86.7841089591384,
  "ask_spread_sum_300": 77.178088799119,
  "ask_spread_mean_300": 331.11445950716734,
  "ask_spread_std_300": 84.8869249895215,
  "total_volume_sum_300": 88.35746675729752,
  "total_volume_mean_300": 75.39919409155846,
  "total_volume_std_300": 62.01435276865959,
  "volume_imbalance_sum_300": 54.395171135663986,
  "volume_imbalance_mean_300": 147.13446705043316,
  "volume_imbalance_std_300": 59.538376837968826,
  "wap1_sum_150": 76.20541971921921,
  "wap1_mean_150": 56.74528393149376,
  "wap1_std_150": 80.58355108648539,
  "wap2_sum_150": 101.07537387311459,
  "wap2_mean_150": 54.92159882187843,
  "wap2_std_150": 114.30025061964989,
  "log_return1_sum_150": 109.2955606430769,
  "log_return1_realized_volatility_150": 257482.5108500272,
  "log_return1_mean_150": 75.96642622351646,
  "log_return1_std_150": 531.7574051246047,
  "log_return2_sum_150": 89.5564726293087,
  "log_return2_realized_volatility_150": 9813.141106829047,
  "log_return2_mean_150": 82.20539949089289,
  "log_return2_std_150": 115.08771520107985,
  "wap_balance_sum_150": 372.7819182127714,
  "wap_balance_mean_150": 80.73660239577293,
  "wap_balance_std_150": 131.20171450078487,
  "price_spread_sum_150": 140.4419561624527,
  "price_spread_mean_150": 431.0795751363039,
  "price_spread_std_150": 84.71744123101234,
  "bid_spread_sum_150": 74.69270560145378,
  "bid_spread_mean_150": 70.74907806515694,
  "bid_spread_std_150": 67.6477861776948,
  "ask_spread_sum_150": 70.3167403191328,
  "ask_spread_mean_150": 68.36322078108788,
  "ask_spread_std_150": 79.63823893666267,
  "total_volume_sum_150": 197.90982945263386,
  "total_volume_mean_150": 168.0084923952818,
  "total_volume_std_150": 81.82477462291718,
  "volume_imbalance_sum_150": 57.59092392027378,
  "volume_imbalance_mean_150": 387.6865249276161,
  "volume_imbalance_std_150": 80.52174323797226,
  "trade_log_return_realized_volatility": 3258.84987513721,
  "trade_seconds_in_bucket_count_unique": 310.2566563114524,
  "trade_size_sum": 126.53580163419247,
  "trade_order_count_mean": 257.28691133856773,
  "trade_log_return_realized_volatility_450": 993.9155705869198,
  "trade_seconds_in_bucket_count_unique_450": 221.0374891459942,
  "trade_size_sum_450": 123.46622823178768,
  "trade_order_count_mean_450": 166.65625454485416,
  "trade_log_return_realized_volatility_300": 783.3418089449406,
  "trade_seconds_in_bucket_count_unique_300": 337.61409471929073,
  "trade_size_sum_300": 142.59023468196392,
  "trade_order_count_mean_300": 142.91451593488455,
  "trade_log_return_realized_volatility_150": 212.27588407695293,
  "trade_seconds_in_bucket_count_unique_150": 178.91313879936934,
  "trade_size_sum_150": 95.1672046110034,
  "trade_order_count_mean_150": 177.68897023051977,
  "log_return1_realized_volatility_mean_stock": 568.889706864953,
  "log_return1_realized_volatility_std_stock": 45.30425305664539,
  "log_return1_realized_volatility_max_stock": 19.518985897302628,
  "log_return1_realized_volatility_min_stock": 113.58069364726543,
  "log_return2_realized_volatility_mean_stock": 79.0968476831913,
  "log_return2_realized_volatility_std_stock": 70.70089609920979,
  "log_return2_realized_volatility_max_stock": 30.374243050813675,
  "log_return2_realized_volatility_min_stock": 57.316055469214916,
  "log_return1_realized_volatility_450_mean_stock": 1019.7856391221285,
  "log_return1_realized_volatility_450_std_stock": 28.99605904519558,
  "log_return1_realized_volatility_450_max_stock": 21.97540494799614,
  "log_return1_realized_volatility_450_min_stock": 25.94427391886711,
  "log_return2_realized_volatility_450_mean_stock": 163.94220766425133,
  "log_return2_realized_volatility_450_std_stock": 71.38169790804386,
  "log_return2_realized_volatility_450_max_stock": 26.193677082657814,
  "log_return2_realized_volatility_450_min_stock": 26.706341922283173,
  "log_return1_realized_volatility_300_mean_stock": 457.24533703923225,
  "log_return1_realized_volatility_300_std_stock": 21.32243511080742,
  "log_return1_realized_volatility_300_max_stock": 17.10891391336918,
  "log_return1_realized_volatility_300_min_stock": 53.555281564593315,
  "log_return2_realized_volatility_300_mean_stock": 85.79944059252739,