{
  "stock_id": 6840.552416920662,
  "wap1_sum": 124.7234670072794,
  "wap1_mean": 77.7175362110138,
  "wap1_std": 113.07749393582344,
  "wap2_sum": 98.42247834801674,
  "wap2_mean": 92.95704986155033,
  "wap2_std": 119.17870481312275,
  "log_return1_sum": 99.67394632101059,
  "log_return1_realized_volatility": 76331.16743855178,
  "log_return1_mean": 98.83479690551758,
  "log_return1_std": 2135.9314010441303,
  "log_return2_sum": 106.74531054496765,
  "log_return2_realized_volatility": 19248.9459182024,
  "log_return2_mean": 99.54929293692112,
  "log_return2_std": 245.31176234781742,
  "wap_balance_sum": 412.3238023221493,
  "wap_balance_mean": 118.31488932669163,
  "wap_balance_std": 162.78283414244652,
  "price_spread_sum": 1050.936111137271,
  "price_spread_mean": 674.9144404828548,
  "price_spread_std": 207.7653530538082,
  "bid_spread_sum": 93.44070379436016,
  "bid_spread_mean": 101.55925451219082,
  "bid_spread_std": 139.26699003577232,
  "ask_spread_sum": 69.51124583184719,
  "ask_spread_mean": 1089.147161513567,
  "ask_spread_std": 87.82027380168438,
  "total_volume_sum": 224.76470391452312,
  "total_volume_mean": 439.02159871160984,
  "total_volume_std": 58.8969599455595,
  "volume_imbalance_sum": 65.63411477208138,
  "volume_imbalance_mean": 1482.7841425985098,
  "volume_imbalance_std": 63.94420324265957,
  "wap1_sum_450": 66.56669700145721,
  "wap1_mean_450": 102.1283056885004,
  "wap1_std_450": 205.93552884459496,
  "wap2_sum_450": 79.86549307405949,
  "wap2_mean_450": 98.563595443964,
  "wap2_std_450": 316.0946729928255,
  "log_return1_sum_450": 94.17569571733475,
  "log_return1_realized_volatility_450": 1034.4412972331047,
  "log_return1_mean_450": 118.93787968158722,
  "log_return1_std_450": 414.59866842627525,
  "log_return2_sum_450": 129.40054604411125,
  "log_return2_realized_volatility_450": 7703.814447134733,
  "log_return2_mean_450": 108.14903590083122,
  "log_return2_std_450": 106.19956701993942,
  "wap_balance_sum_450": 478.32159964740276,
  "wap_balance_mean_450": 241.1778166592121,
  "wap_balance_std_450": 123.33588054776192,
  "price_spread_sum_450": 398.64517587423325,
  "price_spread_mean_450": 826.7105248570442,
  "price_spread_std_450": 141.0779995918274,
  "bid_spread_sum_450": 107.8600472509861,
  "bid_spread_mean_450": 89.30956272780895,
  "bid_spread_std_450": 97.40310621261597,
  "ask_spread_sum_450": 80.92704908549786,
  "ask_spread_mean_450": 275.38043972849846,
  "ask_spread_std_450": 88.11895801126957,
  "total_volume_sum_450": 80.33336040377617,
  "total_volume_mean_450": 100.31246690452099,
  "total_volume_std_450": 106.55730578303337,
  "volume_imbalance_sum_450": 74.04703146219254,
  "volume_imbalance_mean_450": 138.0572184473276,
  "volume_imbalance_std_450": 100.35417692363262,
  "wap1_sum_300": 92.32175020873547,
  "wap1_mean_300": 73.40954092144966,
  "wap1_std_300": 118.45369419455528,
  "wap2_sum_300": 53.87197804450989,
  "wap2_mean_300": 64.00430509448051,
  "wap2_std_300": 170.44396582245827,
  "log_return1_sum_300": 93.04385389387608,
  "log_return1_realized_volatility_300": 17419.342964410782,
  "log_return1_mean_300": 92.54440182447433,
  "log_return1_std_300": 483.1450830101967,
  "log_return2_sum_300": 82.07632395625114,
  "log_return2_realized_volatility_300": 1944.7966919392347,
  "log_return2_mean_300": 125.10041657090187,
  "log_return2_std_300": 84.80253693461418,
  "wap_balance_sum_300": 235.23197461664677,
  "wap_balance_mean_300": 670.2098181396723,
  "wap_balance_std_300": 118.17590595781803,
  "price_spread_sum_300": 1671.0869362205267,
  "price_spread_mean_300": 901.0353411138058,
  "price_spread_std_300": 109.29105718433857,
  "bid_spread_sum_300": 80.3290784060955,
  "bid_spread_mean_300": 92.33810697495937,
  "bid_spread_std_300": 95.01704317331314,
  "ask_spread_sum_300": 86.0263240635395,
  "ask_spread_mean_300": 131.34767910838127,
  "ask_spread_std_300": 89.19803476333618,
  "total_volume_sum_300": 102.25030548870564,
  "total_volume_mean_300": 71.58170396089554,
  "total_volume_std_300": 218.22719018161297,
  "volume_imbalance_sum_300": 67.36080177128315,
  "volume_imbalance_mean_300": 897.306586176157,
  "volume_imbalance_std_300": 92.74354588985443,
  "wap1_sum_150": 115.19247162342072,
  "wap1_mean_150": 79.02522204816341,
  "wap1_std_150": 70.96762281656265,
  "wap2_sum_150": 91.9857118576765,
  "wap2_mean_150": 58.08697226643562,
  "wap2_std_150": 90.40154834091663,
  "log_return1_sum_150": 86.75534674525261,
  "log_return1_realized_volatility_150": 196083.82285548747,
  "log_return1_mean_150": 94.3621269762516,
  "log_return1_std_150": 372.1347776502371,
  "log_return2_sum_150": 102.62430463731289,
  "log_return2_realized_volatility_150": 7672.6250584721565,
  "log_return2_mean_150": 61.27821435034275,
  "log_return2_std_150": 111.43459098041058,
  "wap_balance_sum_150": 272.3635496199131,
  "wap_balance_mean_150": 186.2636389285326,
  "wap_balance_std_150": 139.56683106720448,
  "price_spread_sum_150": 189.3196344077587,
  "price_spread_mean_150": 292.4825801998377,
  "price_spread_std_150": 113.54346433281898,
  "bid_spread_sum_150": 86.4723920673132,
  "bid_spread_mean_150": 86.98474697768688,
  "bid_spread_std_150": 81.89110095798969,
  "ask_spread_sum_150": 86.5284744054079,
  "ask_spread_mean_150": 138.51880660653114,
  "ask_spread_std_150": 85.65427981317043,
  "total_volume_sum_150": 84.93848603963852,
  "total_volume_mean_150": 79.4074687063694,
  "total_volume_std_150": 139.75051780045033,
  "volume_imbalance_sum_150": 54.79086081683636,
  "volume_imbalance_mean_150": 69.85194282233715,
  "volume_imbalance_std_150": 88.35676798224449,
  "trade_log_return_realized_volatility": 2638.76342189312,
  "trade_seconds_in_bucket_count_unique": 271.23060093820095,
  "trade_size_sum": 118.94131329655647,
  "trade_order_count_mean": 201.3388233780861,
  "trade_log_return_realized_volatility_450": 758.1582526564598,
  "trade_seconds_in_bucket_count_unique_450": 282.8257589787245,
  "trade_size_sum_450": 144.09911261498928,
  "trade_order_count_mean_450": 228.69065223634243,
  "trade_log_return_realized_volatility_300": 388.6019947677851,
  "trade_seconds_in_bucket_count_unique_300": 271.1053313612938,
  "trade_size_sum_300": 136.18656937777996,
  "trade_order_count_mean_300": 219.4061349928379,
  "trade_log_return_realized_volatility_150": 143.5222618430853,
  "trade_seconds_in_bucket_count_unique_150": 151.60489836335182,
  "trade_size_sum_150": 116.49784153699875,
  "trade_order_count_mean_150": 185.83768811821938,
  "log_return1_realized_volatility_mean_stock": 415.43847347795963,
  "log_return1_realized_volatility_std_stock": 44.10899043083191,
  "log_return1_realized_volatility_max_stock": 24.854434072971344,
  "log_return1_realized_volatility_min_stock": 72.77955090999603,
  "log_return2_realized_volatility_mean_stock": 99.85660806298256,
  "log_return2_realized_volatility_std_stock": 59.175690203905106,
  "log_return2_realized_volatility_max_stock": 30.41487208008766,
  "log_return2_realized_volatility_min_stock": 58.82881799340248,
  "log_return1_realized_volatility_450_mean_stock": 859.805627644062,
  "log_return1_realized_volatility_450_std_stock": 56.01527497172356,
  "log_return1_realized_volatility_450_max_stock": 26.321521997451782,
  "log_return1_realized_volatility_450_min_stock": 30.05693908035755,
  "log_return2_realized_volatility_450_mean_stock": 151.09881243109703,
  "log_return2_realized_volatility_450_std_stock": 33.0152857452631,
  "log_return2_realized_volatility_450_max_stock": 31.625137105584145,
  "log_return2_realized_volatility_450_min_stock": 23.641674026846886,
  "log_return1_realized_volatility_300_mean_stock": 224.1034352183342,
  "log_return1_realized_volatility_300_std_stock": 27.440320894122124,
  "log_return1_realized_volatility_300_max_stock": 27.276265010237694,
  "log_return1_realized_volatility_300_min_stock": 70.14027552306652,
  "log_return2_realized_volatility_300_mean_stock": 84.50106637179852,