{
  "stock_id": 9829.042918175459,
  "wap1_sum": 123.43353772163391,
  "wap1_mean": 70.02872018516064,
  "wap1_std": 74.36517979204655,
  "wap2_sum": 70.27141781151295,
  "wap2_mean": 71.41674815118313,
  "wap2_std": 104.81556256115437,
  "log_return1_sum": 113.44381375610828,
  "log_return1_realized_volatility": 95690.44404032826,
  "log_return1_mean": 62.82637172937393,
  "log_return1_std": 524.8036529570818,
  "log_return2_sum": 82.04267512261868,
  "log_return2_realized_volatility": 22824.64337143302,
  "log_return2_mean": 67.00563986599445,
  "log_return2_std": 110.53518885374069,
  "wap_balance_sum": 479.5914708226919,
  "wap_balance_mean": 109.76901483535767,
  "wap_balance_std": 122.00927455723286,
  "price_spread_sum": 1404.4354676157236,
  "price_spread_mean": 1335.3581442534924,
  "price_spread_std": 161.67366793751717,
  "bid_spread_sum": 67.79670499265194,
  "bid_spread_mean": 1493.2956349551678,
  "bid_spread_std": 92.68534876406193,
  "ask_spread_sum": 54.74335332214832,
  "ask_spread_mean": 1174.767749145627,
  "ask_spread_std": 72.59290811419487,
  "total_volume_sum": 249.33507868647575,
  "total_volume_mean": 231.80081574618816,
  "total_volume_std": 250.93796072900295,
  "volume_imbalance_sum": 42.950493052601814,
  "volume_imbalance_mean": 985.9960385710001,
  "volume_imbalance_std": 71.80923476815224,
  "wap1_sum_450": 72.8917869925499,
  "wap1_mean_450": 65.63401912897825,
  "wap1_std_450": 262.1471638828516,
  "wap2_sum_450": 107.83549316227436,
  "wap2_mean_450": 103.78529050946236,
  "wap2_std_450": 302.8662910312414,
  "log_return1_sum_450": 91.46407188475132,
  "log_return1_realized_volatility_450": 1273.962218940258,
  "log_return1_mean_450": 90.98119376599789,
  "log_return1_std_450": 314.1927238404751,
  "log_return2_sum_450": 78.07141999900341,
  "log_return2_realized_volatility_450": 9404.437528587878,
  "log_return2_mean_450": 72.52843818068504,
  "log_return2_std_450": 81.70423492789268,
  "wap_balance_sum_450": 118.05611595511436,
  "wap_balance_mean_450": 94.97768794000149,
  "wap_balance_std_450": 84.64938324689865,
  "price_spread_sum_450": 297.2275485098362,
  "price_spread_mean_450": 828.5046551525593,
  "price_spread_std_450": 76.94791722297668,
  "bid_spread_sum_450": 69.2111174017191,
  "bid_spread_mean_450": 77.97405059635639,
  "bid_spread_std_450": 91.66074530780315,
  "ask_spread_sum_450": 67.49087779223919,
  "ask_spread_mean_450": 681.2099930122495,
  "ask_spread_std_450": 74.85425813496113,
  "total_volume_sum_450": 154.5222656428814,
  "total_volume_mean_450": 85.30000542104244,
  "total_volume_std_450": 94.04226905107498,
  "volume_imbalance_sum_450": 48.66792108118534,
  "volume_imbalance_mean_450": 67.75748690962791,
  "volume_imbalance_std_450": 59.37056502699852,
  "wap1_sum_300": 70.29747676849365,
  "wap1_mean_300": 75.76774901151657,
  "wap1_std_300": 153.42622140049934,
  "wap2_sum_300": 65.24941165745258,
  "wap2_mean_300": 59.43717300891876,
  "wap2_std_300": 97.84068694710732,
  "log_return1_sum_300": 65.5694838911295,
  "log_return1_realized_volatility_300": 23627.39832690358,
  "log_return1_mean_300": 83.21116192638874,
  "log_return1_std_300": 444.48441138863564,
  "log_return2_sum_300": 83.23272122442722,
  "log_return2_realized_volatility_300": 2255.6431246846914,
  "log_return2_mean_300": 71.30265708267689,
  "log_return2_std_300": 127.82581098377705,
  "wap_balance_sum_300": 227.34768666327,
  "wap_balance_mean_300": 159.15529349446297,
  "wap_balance_std_300": 90.10635744035244,
  "price_spread_sum_300": 1418.2702888846397,
  "price_spread_mean_300": 733.842265099287,
  "price_spread_std_300": 87.28596733510494,
  "bid_spread_sum_300": 72.35798424482346,
  "bid_spread_mean_300": 63.3009669482708,
  "bid_spread_std_300": 64.4042449593544,
  "ask_spread_sum_300": 68.69852218031883,
  "ask_spread_mean_300": 76.33951322734356,
  "ask_spread_std_300": 74.24372725188732,
  "total_volume_sum_300": 75.0069984048605,
  "total_volume_mean_300": 81.02648028731346,
  "total_volume_std_300": 54.28466320037842,
  "volume_imbalance_sum_300": 48.55773514509201,
  "volume_imbalance_mean_300": 347.7998481839895,
  "volume_imbalance_std_300": 66.99187687039375,
  "wap1_sum_150": 86.64684683829546,
  "wap1_mean_150": 53.014606922864914,
  "wap1_std_150": 65.53913170099258,
  "wap2_sum_150": 59.30354706943035,
  "wap2_mean_150": 42.2215828448534,
  "wap2_std_150": 79.07174290716648,
  "log_return1_sum_150": 83.7891139537096,
  "log_return1_realized_volatility_150": 239686.25428648293,
  "log_return1_mean_150": 65.72600311040878,
  "log_return1_std_150": 211.55242624878883,
  "log_return2_sum_150": 78.54025126993656,
  "log_return2_realized_volatility_150": 8699.528934031725,
  "log_return2_mean_150": 57.64748087525368,
  "log_return2_std_150": 69.87412801384926,
  "wap_balance_sum_150": 285.5263834297657,
  "wap_balance_mean_150": 381.52619433403015,
  "wap_balance_std_150": 124.30581369996071,
  "price_spread_sum_150": 146.64312103390694,
  "price_spread_mean_150": 717.8445150703192,
  "price_spread_std_150": 99.62988908588886,
  "bid_spread_sum_150": 68.28991279006004,
  "bid_spread_mean_150": 67.99819473922253,
  "bid_spread_std_150": 61.07316775619984,
  "ask_spread_sum_150": 70.79755482077599,
  "ask_spread_mean_150": 71.38896106183529,
  "ask_spread_std_150": 85.6420992910862,
  "total_volume_sum_150": 111.566086769104,
  "total_volume_mean_150": 105.05669705569744,
  "total_volume_std_150": 63.327939093112946,
  "volume_imbalance_sum_150": 51.83490493893623,
  "volume_imbalance_mean_150": 62.49352288246155,
  "volume_imbalance_std_150": 84.78677615523338,
  "trade_log_return_realized_volatility": 2226.8925081044436,
  "trade_seconds_in_bucket_count_unique": 265.9396261870861,
  "trade_size_sum": 105.84910736978054,
  "trade_order_count_mean": 235.91170489042997,
  "trade_log_return_realized_volatility_450": 949.946881249547,
  "trade_seconds_in_bucket_count_unique_450": 260.6425475180149,
  "trade_size_sum_450": 168.56591695547104,
  "trade_order_count_mean_450": 171.89630050957203,
  "trade_log_return_realized_volatility_300": 191.96861897408962,
  "trade_seconds_in_bucket_count_unique_300": 269.6919974386692,
  "trade_size_sum_300": 145.89478807151318,
  "trade_order_count_mean_300": 132.58533384650946,
  "trade_log_return_realized_volatility_150": 186.52674578130245,
  "trade_seconds_in_bucket_count_unique_150": 145.5477784872055,
  "trade_size_sum_150": 83.45841601490974,
  "trade_order_count_mean_150": 213.52698296308517,
  "log_return1_realized_volatility_mean_stock": 502.0085552036762,
  "log_return1_realized_volatility_std_stock": 66.57159835100174,
  "log_return1_realized_volatility_max_stock": 14.2014329880476,
  "log_return1_realized_volatility_min_stock": 102.50748386979103,
  "log_return2_realized_volatility_mean_stock": 99.67703700065613,
  "log_return2_realized_volatility_std_stock": 61.89269410073757,
  "log_return2_realized_volatility_max_stock": 13.936500921845436,
  "log_return2_realized_volatility_min_stock": 43.549512311816216,
  "log_return1_realized_volatility_450_mean_stock": 861.4086496829987,
  "log_return1_realized_volatility_450_std_stock": 25.8710675239563,
  "log_return1_realized_volatility_450_max_stock": 14.390165954828262,
  "log_return1_realized_volatility_450_min_stock": 30.382250890135765,
  "log_return2_realized_volatility_450_mean_stock": 166.7414912879467,
  "log_return2_realized_volatility_450_std_stock": 38.89023405313492,
  "log_return2_realized_volatility_450_max_stock": 21.964313954114914,
  "log_return2_realized_volatility_450_min_stock": 15.502607986330986,
  "log_return1_realized_volatility_300_mean_stock": 284.66113545000553,
  "log_return1_realized_volatility_300_std_stock": 15.858847096562386,
  "log_return1_realized_volatility_300_max_stock": 15.861252874135971,
  "log_return1_realized_volatility_300_min_stock": 69.11859939992428,
  "log_return2_realized_volatility_300_mean_stock": 146.11743864417076,