{
  "stock_id": 9684.322468414903,
  "wap1_sum": 121.07262289524078,
  "wap1_mean": 109.69314731657505,
  "wap1_std": 108.34802159667015,
  "wap2_sum": 123.06315663456917,
  "wap2_mean": 78.45705576241016,
  "wap2_std": 106.90226136147976,
  "log_return1_sum": 139.4362916648388,
  "log_return1_realized_volatility": 94109.25914295018,
  "log_return1_mean": 93.8160927593708,
  "log_return1_std": 1116.8400178700686,
  "log_return2_sum": 95.43054085224867,
  "log_return2_realized_volatility": 24233.426557205617,
  "log_return2_mean": 73.91346517205238,
  "log_return2_std": 369.7694803252816,
  "wap_balance_sum": 443.1604685038328,
  "wap_balance_mean": 89.83701007068157,
  "wap_balance_std": 134.29281979054213,
  "price_spread_sum": 1293.9640696570277,
  "price_spread_mean": 825.4303277209401,
  "price_spread_std": 187.6936734765768,
  "bid_spread_sum": 83.85265097767115,
  "bid_spread_mean": 1364.6942116618156,
  "bid_spread_std": 100.90831876546144,
  "ask_spread_sum": 68.09869499504566,
  "ask_spread_mean": 1157.8435367643833,
  "ask_spread_std": 86.59145559370518,
  "total_volume_sum": 251.63117060810328,
  "total_volume_mean": 295.84357553720474,
  "total_volume_std": 215.72741605341434,
  "volume_imbalance_sum": 63.238588243722916,
  "volume_imbalance_mean": 844.5636038854718,
  "volume_imbalance_std": 93.3949818611145,
  "wap1_sum_450": 106.8289516121149,
  "wap1_mean_450": 59.82191289961338,
  "wap1_std_450": 300.83105343580246,
  "wap2_sum_450": 66.1358050480485,
  "wap2_mean_450": 134.52993350476027,
  "wap2_std_450": 289.79651817679405,
  "log_return1_sum_450": 75.39983119815588,
  "log_return1_realized_volatility_450": 1265.9789927005768,
  "log_return1_mean_450": 115.60857521742582,
  "log_return1_std_450": 331.89782190322876,
  "log_return2_sum_450": 125.72896055877209,
  "log_return2_realized_volatility_450": 10080.79476416856,
  "log_return2_mean_450": 103.5664393901825,
  "log_return2_std_450": 97.57858806848526,
  "wap_balance_sum_450": 217.66135044395924,
  "wap_balance_mean_450": 175.31227611005306,
  "wap_balance_std_450": 94.54613465070724,
  "price_spread_sum_450": 288.52971518039703,
  "price_spread_mean_450": 683.4835732877254,
  "price_spread_std_450": 115.89373716711998,
  "bid_spread_sum_450": 116.39414701610804,
  "bid_spread_mean_450": 107.01776956021786,
  "bid_spread_std_450": 110.49129715561867,
  "ask_spread_sum_450": 72.85661289095879,
  "ask_spread_mean_450": 844.1925648599863,
  "ask_spread_std_450": 97.65008470416069,
  "total_volume_sum_450": 134.10109938681126,
  "total_volume_mean_450": 118.38590770214796,
  "total_volume_std_450": 129.46304346621037,
  "volume_imbalance_sum_450": 56.53259201347828,
  "volume_imbalance_mean_450": 82.64235244691372,
  "volume_imbalance_std_450": 64.09121207892895,
  "wap1_sum_300": 115.03134302049875,
  "wap1_mean_300": 91.39402633160353,
  "wap1_std_300": 126.93741092085838,
  "wap2_sum_300": 63.72618106007576,
  "wap2_mean_300": 58.11063538491726,
  "wap2_std_300": 90.06558834016323,
  "log_return1_sum_300": 89.27780947834253,
  "log_return1_realized_volatility_300": 23746.44625109434,
  "log_return1_mean_300": 113.61258137226105,
  "log_return1_std_300": 511.16153940558434,
  "log_return2_sum_300": 93.62322124838829,
  "log_return2_realized_volatility_300": 2096.58851249516,
  "log_return2_mean_300": 113.44302552938461,
  "log_return2_std_300": 92.88467347621918,
  "wap_balance_sum_300": 192.41042608767748,
  "wap_balance_mean_300": 219.50085005164146,
  "wap_balance_std_300": 106.01123525947332,
  "price_spread_sum_300": 1073.2229483425617,
  "price_spread_mean_300": 1372.9700942486525,
  "price_spread_std_300": 86.84442276507616,
  "bid_spread_sum_300": 68.72280519455671,
  "bid_spread_mean_300": 96.958262860775,
  "bid_spread_std_300": 101.7197559773922,
  "ask_spread_sum_300": 83.01932989060879,
  "ask_spread_mean_300": 107.9818256944418,
  "ask_spread_std_300": 109.45522400736809,
  "total_volume_sum_300": 80.18563422560692,
  "total_volume_mean_300": 221.33559472858906,
  "total_volume_std_300": 74.40943016856909,
  "volume_imbalance_sum_300": 61.33005367219448,
  "volume_imbalance_mean_300": 326.42343301326036,
  "volume_imbalance_std_300": 78.21503606438637,
  "wap1_sum_150": 94.29211774468422,
  "wap1_mean_150": 57.453672766685486,
  "wap1_std_150": 100.55580963939428,
  "wap2_sum_150": 88.98993486166,
  "wap2_mean_150": 47.84100419282913,
  "wap2_std_150": 88.925452247262,
  "log_return1_sum_150": 95.96069933474064,
  "log_return1_realized_volatility_150": 239370.31979605556,
  "log_return1_mean_150": 110.93037161231041,
  "log_return1_std_150": 378.36483380943537,
  "log_return2_sum_150": 70.31307742744684,
  "log_return2_realized_volatility_150": 8849.467116810381,
  "log_return2_mean_150": 68.00413911044598,
  "log_return2_std_150": 112.13790684938431,
  "wap_balance_sum_150": 537.1754907518625,
  "wap_balance_mean_150": 362.52170127630234,
  "wap_balance_std_150": 131.68414941430092,
  "price_spread_sum_150": 104.6422119140625,
  "price_spread_mean_150": 788.9625074118376,
  "price_spread_std_150": 94.77795115858316,
  "bid_spread_sum_150": 63.67827594280243,
  "bid_spread_mean_150": 90.18000701069832,
  "bid_spread_std_150": 76.03403495252132,
  "ask_spread_sum_150": 75.0664998665452,
  "ask_spread_mean_150": 90.41021905839443,
  "ask_spread_std_150": 90.42958787828684,
  "total_volume_sum_150": 94.14181953668594,
  "total_volume_mean_150": 73.73139296472073,
  "total_volume_std_150": 104.20288096368313,
  "volume_imbalance_sum_150": 59.861562222242355,
  "volume_imbalance_mean_150": 178.57690513134003,
  "volume_imbalance_std_150": 166.2707180902362,
  "trade_log_return_realized_volatility": 4944.595907002687,
  "trade_seconds_in_bucket_count_unique": 297.0445381477475,
  "trade_size_sum": 117.59026739001274,
  "trade_order_count_mean": 281.2532375380397,
  "trade_log_return_realized_volatility_450": 1118.0993694216013,
  "trade_seconds_in_bucket_count_unique_450": 277.4482253268361,
  "trade_size_sum_450": 163.39497710764408,
  "trade_order_count_mean_450": 184.94494710862637,
  "trade_log_return_realized_volatility_300": 191.33030849695206,
  "trade_seconds_in_bucket_count_unique_300": 297.23925668001175,
  "trade_size_sum_300": 158.03275240957737,
  "trade_order_count_mean_300": 167.17164899408817,
  "trade_log_return_realized_volatility_150": 142.10467160493135,
  "trade_seconds_in_bucket_count_unique_150": 189.1694396212697,
  "trade_size_sum_150": 142.96280197054148,
  "trade_order_count_mean_150": 182.45681315660477,
  "log_return1_realized_volatility_mean_stock": 529.2007686048746,
  "log_return1_realized_volatility_std_stock": 44.9696369767189,
  "log_return1_realized_volatility_max_stock": 22.74185597151518,
  "log_return1_realized_volatility_min_stock": 80.5023862272501,
  "log_return2_realized_volatility_mean_stock": 111.58435057103634,
  "log_return2_realized_volatility_std_stock": 52.54418332874775,
  "log_return2_realized_volatility_max_stock": 31.46718379855156,
  "log_return2_realized_volatility_min_stock": 45.36375492811203,
  "log_return1_realized_volatility_450_mean_stock": 800.8722228258848,
  "log_return1_realized_volatility_450_std_stock": 55.91394452750683,
  "log_return1_realized_volatility_450_max_stock": 24.807332053780556,
  "log_return1_realized_volatility_450_min_stock": 27.29209604859352,
  "log_return2_realized_volatility_450_mean_stock": 156.07400852441788,
  "log_return2_realized_volatility_450_std_stock": 51.614147551357746,
  "log_return2_realized_volatility_450_max_stock": 27.983458995819092,
  "log_return2_realized_volatility_450_min_stock": 28.50452609360218,
  "log_return1_realized_volatility_300_mean_stock": 480.7086322903633,
  "log_return1_realized_volatility_300_std_stock": 25.464909091591835,
  "log_return1_realized_volatility_300_max_stock": 22.806161135435104,
  "log_return1_realized_volatility_300_min_stock": 49.07079575955868,
  "log_return2_realized_volatility_300_mean_stock": 117.78783755004406,