{
  "stock_id": 13606.808861672878,
  "wap1_sum": 146.97407995164394,
  "wap1_mean": 75.14474296569824,
  "wap1_std": 111.52389596402645,
  "wap2_sum": 36.779106229543686,
  "wap2_mean": 77.07296606898308,
  "wap2_std": 109.02433814108372,
  "log_return1_sum": 90.3813886642456,
  "log_return1_realized_volatility": 236259.0835929811,
  "log_return1_mean": 107.59015825390816,
  "log_return1_std": 140.03821031749249,
  "log_return2_sum": 123.38741107285023,
  "log_return2_realized_volatility": 7454.389502674341,
  "log_return2_mean": 95.48218290507793,
  "log_return2_std": 87.61490307748318,
  "wap_balance_sum": 387.80923396348953,
  "wap_balance_mean": 98.33535133302212,
  "wap_balance_std": 181.24064674973488,
  "price_spread_sum": 659.2029190957546,
  "price_spread_mean": 972.9646404832602,
  "price_spread_std": 145.24746529757977,
  "bid_spread_sum": 79.95425707101822,
  "bid_spread_mean": 97.62842872738838,
  "bid_spread_std": 133.76811377704144,
  "ask_spread_sum": 87.38098007440567,
  "ask_spread_mean": 136.7034286558628,
  "ask_spread_std": 110.33369973301888,
  "total_volume_sum": 104.26671221852303,
  "total_volume_mean": 235.2138146162033,
  "total_volume_std": 151.85457779467106,
  "volume_imbalance_sum": 66.34568406641483,
  "volume_imbalance_mean": 217.55085322260857,
  "volume_imbalance_std": 511.0298258513212,
  "wap1_sum_450": 100.26468586921692,
  "wap1_mean_450": 74.90772917866707,
  "wap1_std_450": 195.13017062842846,
  "wap2_sum_450": 32.552219077944756,
  "wap2_mean_450": 108.12594518065453,
  "wap2_std_450": 226.4886663109064,
  "log_return1_sum_450": 102.59892584383488,
  "log_return1_realized_volatility_450": 688.8417745679617,
  "log_return1_mean_450": 123.05756622552872,
  "log_return1_std_450": 502.81910142302513,
  "log_return2_sum_450": 103.13994993269444,
  "log_return2_realized_volatility_450": 1739.1877182871103,
  "log_return2_mean_450": 116.24229146540165,
  "log_return2_std_450": 409.2913266122341,
  "wap_balance_sum_450": 156.25298726558685,
  "wap_balance_mean_450": 427.3174759298563,
  "wap_balance_std_450": 114.18457418680191,
  "price_spread_sum_450": 573.3985550552607,
  "price_spread_mean_450": 537.4659713804722,
  "price_spread_std_450": 165.30281011760235,
  "bid_spread_sum_450": 108.0785160958767,
  "bid_spread_mean_450": 93.9487477093935,
  "bid_spread_std_450": 117.19462549686432,
  "ask_spread_sum_450": 99.48860386013985,
  "ask_spread_mean_450": 721.4598098695278,
  "ask_spread_std_450": 134.0355900079012,
  "total_volume_sum_450": 166.01901319622993,
  "total_volume_mean_450": 86.31188613176346,
  "total_volume_std_450": 117.70376466214657,
  "volume_imbalance_sum_450": 79.08121414482594,
  "volume_imbalance_mean_450": 116.33804877102375,
  "volume_imbalance_std_450": 93.56293874979019,
  "wap1_sum_300": 96.4280848801136,
  "wap1_mean_300": 62.04883469641209,
  "wap1_std_300": 159.26748982071877,
  "wap2_sum_300": 27.913899064064026,
  "wap2_mean_300": 49.91809582710266,
  "wap2_std_300": 135.36379592120647,
  "log_return1_sum_300": 102.8276049643755,
  "log_return1_realized_volatility_300": 8522.101243317127,
  "log_return1_mean_300": 111.98138083517551,
  "log_return1_std_300": 957.3897411674261,
  "log_return2_sum_300": 91.66262023150921,
  "log_return2_realized_volatility_300": 1739.3415252417326,
  "log_return2_mean_300": 126.64715161919594,
  "log_return2_std_300": 83.03773580491543,
  "wap_balance_sum_300": 131.93853695690632,
  "wap_balance_mean_300": 628.1367534399033,
  "wap_balance_std_300": 103.95390211045742,
  "price_spread_sum_300": 1118.1122152805328,
  "price_spread_mean_300": 1682.0373193323612,
  "price_spread_std_300": 113.97871926426888,
  "bid_spread_sum_300": 71.02928805351257,
  "bid_spread_mean_300": 72.3135434538126,
  "bid_spread_std_300": 101.95374186336994,
  "ask_spread_sum_300": 90.59679283201694,
  "ask_spread_mean_300": 91.82200598716736,
  "ask_spread_std_300": 99.63244447112083,
  "total_volume_sum_300": 96.41165170073509,
  "total_volume_mean_300": 84.87161199748516,
  "total_volume_std_300": 88.74081365764141,
  "volume_imbalance_sum_300": 67.66775791347027,
  "volume_imbalance_mean_300": 92.04351291060448,
  "volume_imbalance_std_300": 157.50032722949982,
  "wap1_sum_150": 96.53234612941742,
  "wap1_mean_150": 63.703922137618065,
  "wap1_std_150": 121.40948085486889,
  "wap2_sum_150": 7.54283994436264,
  "wap2_mean_150": 53.28785681724548,
  "wap2_std_150": 110.70644544064999,
  "log_return1_sum_150": 92.19770753383636,
  "log_return1_realized_volatility_150": 52236.131145983934,
  "log_return1_mean_150": 108.3190499395132,
  "log_return1_std_150": 155.3594309091568,
  "log_return2_sum_150": 99.50508914887905,
  "log_return2_realized_volatility_150": 3152.4331881403923,
  "log_return2_mean_150": 113.61475692689419,
  "log_return2_std_150": 142.4330194592476,
  "wap_balance_sum_150": 293.9405046403408,
  "wap_balance_mean_150": 89.25446264445782,
  "wap_balance_std_150": 105.02798475325108,
  "price_spread_sum_150": 344.4033300280571,
  "price_spread_mean_150": 293.34945037961006,
  "price_spread_std_150": 111.05827324092388,
  "bid_spread_sum_150": 77.09201717376709,
  "bid_spread_mean_150": 73.63962215185165,
  "bid_spread_std_150": 92.34661307930946,
  "ask_spread_sum_150": 71.6684213578701,
  "ask_spread_mean_150": 91.00707113742828,
  "ask_spread_std_150": 80.58379717171192,
  "total_volume_sum_150": 63.54767681658268,
  "total_volume_mean_150": 71.5590869486332,
  "total_volume_std_150": 131.84952595829964,
  "volume_imbalance_sum_150": 55.744571670889854,
  "volume_imbalance_mean_150": 71.1525938808918,
  "volume_imbalance_std_150": 135.44633182883263,
  "trade_log_return_realized_volatility": 589.6028401553631,
  "trade_seconds_in_bucket_count_unique": 253.6932806968689,
  "trade_size_sum": 172.6103149652481,
  "trade_order_count_mean": 315.3991795629263,
  "trade_log_return_realized_volatility_450": 733.2688680887222,
  "trade_seconds_in_bucket_count_unique_450": 308.1626100987196,
  "trade_size_sum_450": 162.5495951026678,
  "trade_order_count_mean_450": 286.75366212427616,
  "trade_log_return_realized_volatility_300": 535.875406935811,
  "trade_seconds_in_bucket_count_unique_300": 210.90764006972313,
  "trade_size_sum_300": 128.81177912652493,
  "trade_order_count_mean_300": 210.07967825233936,
  "trade_log_return_realized_volatility_150": 217.44555830955505,
  "trade_seconds_in_bucket_count_unique_150": 215.47278030216694,
  "trade_size_sum_150": 104.64970889687538,
  "trade_order_count_mean_150": 197.23842892050743,
  "log_return1_realized_volatility_mean_stock": 123.9795061647892,
  "log_return1_realized_volatility_std_stock": 76.49187551438808,
  "log_return1_realized_volatility_max_stock": 6.0568250715732574,
  "log_return1_realized_volatility_min_stock": 9.2782561480999,
  "log_return2_realized_volatility_mean_stock": 54.997280061244965,
  "log_return2_realized_volatility_std_stock": 6.863156884908676,
  "log_return2_realized_volatility_max_stock": 6.53818516433239,
  "log_return2_realized_volatility_min_stock": 12.219814747571945,
  "log_return1_realized_volatility_450_mean_stock": 132.6887156367302,
  "log_return1_realized_volatility_450_std_stock": 12.309642970561981,
  "log_return1_realized_volatility_450_max_stock": 5.622586026787758,
  "log_return1_realized_volatility_450_min_stock": 8.147414058446884,
  "log_return2_realized_volatility_450_mean_stock": 6.654790997505188,
  "log_return2_realized_volatility_450_std_stock": 10.461932957172394,
  "log_return2_realized_volatility_450_max_stock": 4.942794054746628,
  "log_return2_realized_volatility_450_min_stock": 7.045319005846977,
  "log_return1_realized_volatility_300_mean_stock": 0.0,
  "log_return1_realized_volatility_300_std_stock": 2.582452043890953,
  "log_return1_realized_volatility_300_max_stock": 8.144675850868225,
  "log_return1_realized_volatility_300_min_stock": 12.865513905882835,
  "log_return2_realized_volatility_300_mean_stock": 4.433929920196533,