{
  "stock_id": 9279.331526912749,
  "wap1_sum": 141.75674691796303,
  "wap1_mean": 79.48859096318483,
  "wap1_std": 116.71442773938179,
  "wap2_sum": 137.468280762434,
  "wap2_mean": 87.2154139354825,
  "wap2_std": 122.43529402464628,
  "log_return1_sum": 120.85000331699848,
  "log_return1_realized_volatility": 99781.08172924817,
  "log_return1_mean": 104.45303189754486,
  "log_return1_std": 2460.9506922736764,
  "log_return2_sum": 118.43682907521725,
  "log_return2_realized_volatility": 19708.21830882132,
  "log_return2_mean": 104.86476881802082,
  "log_return2_std": 129.68481151759624,
  "wap_balance_sum": 545.6213042736053,
  "wap_balance_mean": 267.1720446795225,
  "wap_balance_std": 131.18683604896069,
  "price_spread_sum": 1334.3000892028213,
  "price_spread_mean": 898.7842092588544,
  "price_spread_std": 193.33979865908623,
  "bid_spread_sum": 112.21782978624105,
  "bid_spread_mean": 1418.5192325636744,
  "bid_spread_std": 141.06901162862778,
  "ask_spread_sum": 66.57008323818445,
  "ask_spread_mean": 1322.7799074724317,
  "ask_spread_std": 132.43002507090569,
  "total_volume_sum": 313.5897076576948,
  "total_volume_mean": 358.241954728961,
  "total_volume_std": 232.5066448226571,
  "volume_imbalance_sum": 64.03263606131077,
  "volume_imbalance_mean": 648.2919834628701,
  "volume_imbalance_std": 152.1244068518281,
  "wap1_sum_450": 104.6305380910635,
  "wap1_mean_450": 109.34836910665035,
  "wap1_std_450": 299.97340805083513,
  "wap2_sum_450": 109.16549171507359,
  "wap2_mean_450": 129.55417394638062,
  "wap2_std_450": 276.00805323570967,
  "log_return1_sum_450": 111.72238550335169,
  "log_return1_realized_volatility_450": 1306.6713771224022,
  "log_return1_mean_450": 119.98096306622028,
  "log_return1_std_450": 472.7117631584406,
  "log_return2_sum_450": 122.96814980357885,
  "log_return2_realized_volatility_450": 9593.503678426147,
  "log_return2_mean_450": 111.11345868557692,
  "log_return2_std_450": 151.68758003413677,
  "wap_balance_sum_450": 186.30156748741865,
  "wap_balance_mean_450": 115.13988611102104,
  "wap_balance_std_450": 125.48076592385769,
  "price_spread_sum_450": 433.4619167819619,
  "price_spread_mean_450": 688.2213391885161,
  "price_spread_std_450": 111.7334647923708,
  "bid_spread_sum_450": 154.692646458745,
  "bid_spread_mean_450": 91.56230194866657,
  "bid_spread_std_450": 120.75108496844769,
  "ask_spread_sum_450": 97.88572112470865,
  "ask_spread_mean_450": 1082.8010762631893,
  "ask_spread_std_450": 100.75566440075636,
  "total_volume_sum_450": 84.06062579900026,
  "total_volume_mean_450": 122.43879824876785,
  "total_volume_std_450": 108.4366112574935,
  "volume_imbalance_sum_450": 80.32639290392399,
  "volume_imbalance_mean_450": 113.13832408189774,
  "volume_imbalance_std_450": 80.74000798165798,
  "wap1_sum_300": 113.18475139141083,
  "wap1_mean_300": 93.98145864903927,
  "wap1_std_300": 148.58918911218643,
  "wap2_sum_300": 87.75373396277428,
  "wap2_mean_300": 67.44845509529114,
  "wap2_std_300": 143.39646304398775,
  "log_return1_sum_300": 105.52201218903065,
  "log_return1_realized_volatility_300": 22765.13980808854,
  "log_return1_mean_300": 115.52624221146107,
  "log_return1_std_300": 696.5967157185078,
  "log_return2_sum_300": 89.25929152220488,
  "log_return2_realized_volatility_300": 2369.6747828945518,
  "log_return2_mean_300": 104.30152337253094,
  "log_return2_std_300": 140.52880505472422,
  "wap_balance_sum_300": 267.85678918659687,
  "wap_balance_mean_300": 416.5872910320759,
  "wap_balance_std_300": 113.25834937393665,
  "price_spread_sum_300": 1174.2578882947564,
  "price_spread_mean_300": 1552.394521780312,
  "price_spread_std_300": 108.92486004531384,
  "bid_spread_sum_300": 85.78284112364054,
  "bid_spread_mean_300": 101.86769986152649,
  "bid_spread_std_300": 110.66216794401407,
  "ask_spread_sum_300": 92.43731173872948,
  "ask_spread_mean_300": 106.59801492094994,
  "ask_spread_std_300": 95.22837968915701,
  "total_volume_sum_300": 96.1783832013607,
  "total_volume_mean_300": 108.9392466172576,
  "total_volume_std_300": 103.18212726712227,
  "volume_imbalance_sum_300": 74.44440726935863,
  "volume_imbalance_mean_300": 179.16955599188805,
  "volume_imbalance_std_300": 71.99392740428448,
  "wap1_sum_150": 112.46704130619764,
  "wap1_mean_150": 100.99255479872227,
  "wap1_std_150": 96.85420590639114,
  "wap2_sum_150": 130.59069623053074,
  "wap2_mean_150": 64.04270820319653,
  "wap2_std_150": 186.85523890703917,
  "log_return1_sum_150": 99.08246590197086,
  "log_return1_realized_volatility_150": 257555.6038544327,
  "log_return1_mean_150": 89.23685466498137,
  "log_return1_std_150": 461.349267475307,
  "log_return2_sum_150": 90.18184136599302,
  "log_return2_realized_volatility_150": 10369.630284927785,
  "log_return2_mean_150": 85.51812120527029,
  "log_return2_std_150": 115.69201105833054,
  "wap_balance_sum_150": 441.53659550100565,
  "wap_balance_mean_150": 154.34143280237913,
  "wap_balance_std_150": 115.908453181386,
  "price_spread_sum_150": 179.3461695238948,
  "price_spread_mean_150": 697.2948890179396,
  "price_spread_std_150": 113.85210108757019,
  "bid_spread_sum_150": 79.75044202804565,
  "bid_spread_mean_150": 104.77872743457556,
  "bid_spread_std_150": 86.5326389297843,
  "ask_spread_sum_150": 96.48085367679596,
  "ask_spread_mean_150": 98.43034103512764,
  "ask_spread_std_150": 95.11776965856552,
  "total_volume_sum_150": 123.29953213781118,
  "total_volume_mean_150": 176.39316521584988,
  "total_volume_std_150": 147.57409603893757,
  "volume_imbalance_sum_150": 147.528298959136,
  "volume_imbalance_mean_150": 372.1193287074566,
  "volume_imbalance_std_150": 87.6429773569107,
  "trade_log_return_realized_volatility": 3462.6654686778784,
  "trade_seconds_in_bucket_count_unique": 431.95753236860037,
  "trade_size_sum": 150.58946296572685,
  "trade_order_count_mean": 264.82890828698874,
  "trade_log_return_realized_volatility_450": 990.8457315638661,
  "trade_seconds_in_bucket_count_unique_450": 291.95627092570066,
  "trade_size_sum_450": 169.9732518196106,
  "trade_order_count_mean_450": 221.5972569361329,
  "trade_log_return_realized_volatility_300": 862.4724340736866,
  "trade_seconds_in_bucket_count_unique_300": 346.58011343330145,
  "trade_size_sum_300": 154.17652474343777,
  "trade_order_count_mean_300": 210.44012018293142,
  "trade_log_return_realized_volatility_150": 240.09362611919641,
  "trade_seconds_in_bucket_count_unique_150": 215.88552833348513,
  "trade_size_sum_150": 116.02192706614733,
  "trade_order_count_mean_150": 255.3550934419036,
  "log_return1_realized_volatility_mean_stock": 590.8759873658419,
  "log_return1_realized_volatility_std_stock": 50.81689062714577,
  "log_return1_realized_volatility_max_stock": 27.217614874243736,
  "log_return1_realized_volatility_min_stock": 106.68747766315937,
  "log_return2_realized_volatility_mean_stock": 170.07887835800648,
  "log_return2_realized_volatility_std_stock": 62.82920051366091,
  "log_return2_realized_volatility_max_stock": 34.70393005013466,
  "log_return2_realized_volatility_min_stock": 83.24618391692638,
  "log_return1_realized_volatility_450_mean_stock": 999.9343480616808,
  "log_return1_realized_volatility_450_std_stock": 44.894549295306206,
  "log_return1_realized_volatility_450_max_stock": 29.724916860461235,
  "log_return1_realized_volatility_450_min_stock": 40.43022511899471,
  "log_return2_realized_volatility_450_mean_stock": 155.48170755803585,
  "log_return2_realized_volatility_450_std_stock": 65.73715728521347,
  "log_return2_realized_volatility_450_max_stock": 33.47225397825241,
  "log_return2_realized_volatility_450_min_stock": 26.402403198182583,
  "log_return1_realized_volatility_300_mean_stock": 316.83520455658436,
  "log_return1_realized_volatility_300_std_stock": 29.834244452416897,
  "log_return1_realized_volatility_300_max_stock": 29.560659043490887,
  "log_return1_realized_volatility_300_min_stock": 80.74496416002512,
  "log_return2_realized_volatility_300_mean_stock": 78.16783787310123,