{
  "stock_id": 10330.443019017577,
  "wap1_sum": 140.09984169900417,
  "wap1_mean": 73.67663498222828,
  "wap1_std": 114.28577373921871,
  "wap2_sum": 94.03678834438324,
  "wap2_mean": 78.45850721001625,
  "wap2_std": 88.55823767185211,
  "log_return1_sum": 103.35888794064522,
  "log_return1_realized_volatility": 101401.16241279244,
  "log_return1_mean": 84.09822630882263,
  "log_return1_std": 288.26096373796463,
  "log_return2_sum": 91.40921524167061,
  "log_return2_realized_volatility": 25442.242767110467,
  "log_return2_mean": 96.20363998413086,
  "log_return2_std": 99.88259264826775,
  "wap_balance_sum": 485.9087319076061,
  "wap_balance_mean": 178.85043168067932,
  "wap_balance_std": 109.94051989912987,
  "price_spread_sum": 1375.8252249285579,
  "price_spread_mean": 884.0082987397909,
  "price_spread_std": 175.8838114440441,
  "bid_spread_sum": 78.6118623316288,
  "bid_spread_mean": 493.48386600613594,
  "bid_spread_std": 127.58092400431633,
  "ask_spread_sum": 59.59961719810963,
  "ask_spread_mean": 1348.5159375071526,
  "ask_spread_std": 95.17275692522526,
  "total_volume_sum": 298.3355000913143,
  "total_volume_mean": 281.57608100771904,
  "total_volume_std": 248.86253111064434,
  "volume_imbalance_sum": 50.866993829607964,
  "volume_imbalance_mean": 927.6434689462185,
  "volume_imbalance_std": 258.60589046776295,
  "wap1_sum_450": 98.03918921947479,
  "wap1_mean_450": 72.18349900096655,
  "wap1_std_450": 313.7553058862686,
  "wap2_sum_450": 79.07792057096958,
  "wap2_mean_450": 108.12746976315975,
  "wap2_std_450": 273.83470256626606,
  "log_return1_sum_450": 83.68678399920464,
  "log_return1_realized_volatility_450": 1163.073924653232,
  "log_return1_mean_450": 86.78390322625637,
  "log_return1_std_450": 339.5226993262768,
  "log_return2_sum_450": 98.8992291688919,
  "log_return2_realized_volatility_450": 9819.735388033092,
  "log_return2_mean_450": 100.68408487737179,
  "log_return2_std_450": 133.21956026554108,
  "wap_balance_sum_450": 177.0260605663061,
  "wap_balance_mean_450": 154.47832408547401,
  "wap_balance_std_450": 125.54894164204597,
  "price_spread_sum_450": 432.1112697124481,
  "price_spread_mean_450": 651.2491211816669,
  "price_spread_std_450": 103.718291670084,
  "bid_spread_sum_450": 59.483327120542526,
  "bid_spread_mean_450": 84.94151794910431,
  "bid_spread_std_450": 100.5690740197897,
  "ask_spread_sum_450": 88.36197720468044,
  "ask_spread_mean_450": 996.6993690133095,
  "ask_spread_std_450": 67.58103896677494,
  "total_volume_sum_450": 103.17168946564198,
  "total_volume_mean_450": 165.79758992791176,
  "total_volume_std_450": 99.66141076385975,
  "volume_imbalance_sum_450": 63.90731179714203,
  "volume_imbalance_mean_450": 82.77597312629223,
  "volume_imbalance_std_450": 66.64000532031059,
  "wap1_sum_300": 101.24694094061852,
  "wap1_mean_300": 74.96869787573814,
  "wap1_std_300": 117.25636865198612,
  "wap2_sum_300": 73.34255988895893,
  "wap2_mean_300": 60.55817547440529,
  "wap2_std_300": 117.46142572164536,
  "log_return1_sum_300": 77.27085337042809,
  "log_return1_realized_volatility_300": 22423.08414065838,
  "log_return1_mean_300": 97.22126525640488,
  "log_return1_std_300": 638.5475069135427,
  "log_return2_sum_300": 81.54520528018475,
  "log_return2_realized_volatility_300": 2144.386518754065,
  "log_return2_mean_300": 91.47946184873581,
  "log_return2_std_300": 142.316183924675,
  "wap_balance_sum_300": 175.66131147742271,
  "wap_balance_mean_300": 394.5046677440405,
  "wap_balance_std_300": 79.81990629434586,
  "price_spread_sum_300": 995.2751622200012,
  "price_spread_mean_300": 741.50517603755,
  "price_spread_std_300": 97.62607188522816,
  "bid_spread_sum_300": 75.03068788349628,
  "bid_spread_mean_300": 103.18678879737854,
  "bid_spread_std_300": 64.36689895391464,
  "ask_spread_sum_300": 64.1182720810175,
  "ask_spread_mean_300": 94.59999103844166,
  "ask_spread_std_300": 97.59656691551208,
  "total_volume_sum_300": 90.20347294211388,
  "total_volume_mean_300": 63.76685406267643,
  "total_volume_std_300": 77.43768495321274,
  "volume_imbalance_sum_300": 58.63934111595154,
  "volume_imbalance_mean_300": 285.8052608072758,
  "volume_imbalance_std_300": 46.80916319787502,
  "wap1_sum_150": 84.56603722274303,
  "wap1_mean_150": 46.748475804924965,
  "wap1_std_150": 79.50245098769665,
  "wap2_sum_150": 63.1939564794302,
  "wap2_mean_150": 51.074151903390884,
  "wap2_std_150": 168.8421699255705,
  "log_return1_sum_150": 79.161451369524,
  "log_return1_realized_volatility_150": 249808.50412844121,
  "log_return1_mean_150": 81.64475876092911,
  "log_return1_std_150": 542.3170230835676,
  "log_return2_sum_150": 85.72602900862694,
  "log_return2_realized_volatility_150": 9477.637718640268,
  "log_return2_mean_150": 72.16336619853973,
  "log_return2_std_150": 78.38036648929119,
  "wap_balance_sum_150": 249.3879871815443,
  "wap_balance_mean_150": 132.27919982373714,
  "wap_balance_std_150": 111.07663562893867,
  "price_spread_sum_150": 323.4931570738554,
  "price_spread_mean_150": 2135.4678867310286,
  "price_spread_std_150": 99.99346525967121,
  "bid_spread_sum_150": 75.7452039718628,
  "bid_spread_mean_150": 81.92196999490261,
  "bid_spread_std_150": 89.35274620354176,
  "ask_spread_sum_150": 82.32184854149818,
  "ask_spread_mean_150": 77.72757080197334,
  "ask_spread_std_150": 65.33122807741165,
  "total_volume_sum_150": 90.42700799554586,
  "total_volume_mean_150": 137.10075384378433,
  "total_volume_std_150": 121.09987178444862,
  "volume_imbalance_sum_150": 153.1697035431862,
  "volume_imbalance_mean_150": 180.41249027848244,
  "volume_imbalance_std_150": 72.0536316037178,
  "trade_log_return_realized_volatility": 2588.7009261101484,
  "trade_seconds_in_bucket_count_unique": 373.8909237831831,
  "trade_size_sum": 95.21208566427231,
  "trade_order_count_mean": 244.4362069964409,
  "trade_log_return_realized_volatility_450": 974.4021721035242,
  "trade_seconds_in_bucket_count_unique_450": 279.4411917924881,
  "trade_size_sum_450": 131.5757327079773,
  "trade_order_count_mean_450": 219.81653831899166,
  "trade_log_return_realized_volatility_300": 223.32103200256824,
  "trade_seconds_in_bucket_count_unique_300": 288.1337035447359,
  "trade_size_sum_300": 183.07994289696217,
  "trade_order_count_mean_300": 171.09482312947512,
  "trade_log_return_realized_volatility_150": 215.1827164441347,
  "trade_seconds_in_bucket_count_unique_150": 212.41580486297607,
  "trade_size_sum_150": 91.81983160972595,
  "trade_order_count_mean_150": 214.38837273418903,
  "log_return1_realized_volatility_mean_stock": 396.90916450321674,
  "log_return1_realized_volatility_std_stock": 65.96036930382252,
  "log_return1_realized_volatility_max_stock": 15.434509962797165,
  "log_return1_realized_volatility_min_stock": 40.382991671562195,
  "log_return2_realized_volatility_mean_stock": 111.96460634469986,
  "log_return2_realized_volatility_std_stock": 60.700591430068016,
  "log_return2_realized_volatility_max_stock": 21.3300009816885,
  "log_return2_realized_volatility_min_stock": 85.87797494232655,
  "log_return1_realized_volatility_450_mean_stock": 796.2337943762541,
  "log_return1_realized_volatility_450_std_stock": 39.00163082778454,
  "log_return1_realized_volatility_450_max_stock": 22.633528873324394,
  "log_return1_realized_volatility_450_min_stock": 19.80374601483345,
  "log_return2_realized_volatility_450_mean_stock": 144.28084507584572,
  "log_return2_realized_volatility_450_std_stock": 38.679407089948654,
  "log_return2_realized_volatility_450_max_stock": 18.432250022888184,
  "log_return2_realized_volatility_450_min_stock": 23.130811914801598,
  "log_return1_realized_volatility_300_mean_stock": 297.8569256812334,
  "log_return1_realized_volatility_300_std_stock": 22.518484115600586,
  "log_return1_realized_volatility_300_max_stock": 23.81749778985977,
  "log_return1_realized_volatility_300_min_stock": 58.45690131187439,
  "log_return2_realized_volatility_300_mean_stock": 206.56091684103012,