{
  "stock_id": 6587.556095153093,
  "wap1_sum": 152.511016279459,
  "wap1_mean": 69.36300276219845,
  "wap1_std": 114.19665865600109,
  "wap2_sum": 75.69983495771885,
  "wap2_mean": 100.7592561841011,
  "wap2_std": 110.90035907924175,
  "log_return1_sum": 95.40180663764477,
  "log_return1_realized_volatility": 76147.2132204324,
  "log_return1_mean": 100.4149229824543,
  "log_return1_std": 1942.8936937600374,
  "log_return2_sum": 106.06880004703999,
  "log_return2_realized_volatility": 17564.102139040828,
  "log_return2_mean": 106.10012711584568,
  "log_return2_std": 258.39813597500324,
  "wap_balance_sum": 386.30742110311985,
  "wap_balance_mean": 117.30239535868168,
  "wap_balance_std": 150.86522817611694,
  "price_spread_sum": 1187.358087182045,
  "price_spread_mean": 988.175047531724,
  "price_spread_std": 186.09834705293179,
  "bid_spread_sum": 94.51584693789482,
  "bid_spread_mean": 86.10622192919254,
  "bid_spread_std": 124.16097468137741,
  "ask_spread_sum": 68.06967683136463,
  "ask_spread_mean": 925.0323534458876,
  "ask_spread_std": 82.08684922754765,
  "total_volume_sum": 173.87897370755672,
  "total_volume_mean": 189.16276827454567,
  "total_volume_std": 100.10880282521248,
  "volume_imbalance_sum": 46.533674135804176,
  "volume_imbalance_mean": 291.02984742820263,
  "volume_imbalance_std": 84.28267176449299,
  "wap1_sum_450": 90.56152313947678,
  "wap1_mean_450": 76.76503901183605,
  "wap1_std_450": 203.53733713924885,
  "wap2_sum_450": 72.39720498025417,
  "wap2_mean_450": 81.06274390220642,
  "wap2_std_450": 210.619464635849,
  "log_return1_sum_450": 106.47143511474133,
  "log_return1_realized_volatility_450": 618.3309598118067,
  "log_return1_mean_450": 107.21323798596859,
  "log_return1_std_450": 523.6673471480608,
  "log_return2_sum_450": 120.45199574530125,
  "log_return2_realized_volatility_450": 8064.4680380523205,
  "log_return2_mean_450": 90.04694391787052,
  "log_return2_std_450": 146.05876514315605,
  "wap_balance_sum_450": 478.7564951479435,
  "wap_balance_mean_450": 188.03197799623013,
  "wap_balance_std_450": 126.65011914074421,
  "price_spread_sum_450": 364.8189646154642,
  "price_spread_mean_450": 1255.7197461873293,
  "price_spread_std_450": 206.71294037997723,
  "bid_spread_sum_450": 88.57107523083687,
  "bid_spread_mean_450": 70.43129080533981,
  "bid_spread_std_450": 119.41041377186775,
  "ask_spread_sum_450": 87.34926015138626,
  "ask_spread_mean_450": 1135.2676118165255,
  "ask_spread_std_450": 80.21744985878468,
  "total_volume_sum_450": 142.79859153926373,
  "total_volume_mean_450": 117.48579148948193,
  "total_volume_std_450": 112.91917790472507,
  "volume_imbalance_sum_450": 69.03025582432747,
  "volume_imbalance_mean_450": 289.3514209240675,
  "volume_imbalance_std_450": 68.1082312464714,
  "wap1_sum_300": 99.08656768500805,
  "wap1_mean_300": 64.03948028385639,
  "wap1_std_300": 134.34312909841537,
  "wap2_sum_300": 75.2209058701992,
  "wap2_mean_300": 61.27346384525299,
  "wap2_std_300": 119.52989995479584,
  "log_return1_sum_300": 93.91255500912666,
  "log_return1_realized_volatility_300": 17435.536739110947,
  "log_return1_mean_300": 98.80762200057507,
  "log_return1_std_300": 395.84137447178364,
  "log_return2_sum_300": 89.15563710033894,
  "log_return2_realized_volatility_300": 1473.3752904683352,
  "log_return2_mean_300": 97.07710689306259,
  "log_return2_std_300": 113.44365738332272,
  "wap_balance_sum_300": 257.36478140950203,
  "wap_balance_mean_300": 711.0840881764889,
  "wap_balance_std_300": 94.58818791806698,
  "price_spread_sum_300": 1193.732118755579,
  "price_spread_mean_300": 442.3078165203333,
  "price_spread_std_300": 90.90271225571632,
  "bid_spread_sum_300": 75.86924204230309,
  "bid_spread_mean_300": 103.70384642481804,
  "bid_spread_std_300": 77.72018103301525,
  "ask_spread_sum_300": 72.23447288572788,
  "ask_spread_mean_300": 96.55700531601906,
  "ask_spread_std_300": 120.86233502626419,
  "total_volume_sum_300": 89.05709190666676,
  "total_volume_mean_300": 79.47973324358463,
  "total_volume_std_300": 246.57224696874619,
  "volume_imbalance_sum_300": 50.15040026605129,
  "volume_imbalance_mean_300": 898.2026582211256,
  "volume_imbalance_std_300": 62.19655799865723,
  "wap1_sum_150": 79.8942599594593,
  "wap1_mean_150": 65.08712585270405,
  "wap1_std_150": 83.57106085121632,
  "wap2_sum_150": 73.75476810336113,
  "wap2_mean_150": 61.90468488633633,
  "wap2_std_150": 100.59896273911,
  "log_return1_sum_150": 91.96691443026066,
  "log_return1_realized_volatility_150": 189334.4118001312,
  "log_return1_mean_150": 81.77815581858158,
  "log_return1_std_150": 197.3571300804615,
  "log_return2_sum_150": 82.24738895893097,
  "log_return2_realized_volatility_150": 6660.201815471053,
  "log_return2_mean_150": 87.22965280711651,
  "log_return2_std_150": 92.30955271422863,
  "wap_balance_sum_150": 227.57352194190025,
  "wap_balance_mean_150": 139.92797178030014,
  "wap_balance_std_150": 136.98580177128315,
  "price_spread_sum_150": 207.13009750843048,
  "price_spread_mean_150": 158.4082808047533,
  "price_spread_std_150": 99.18649061024189,
  "bid_spread_sum_150": 88.83403001725674,
  "bid_spread_mean_150": 227.28829368948936,
  "bid_spread_std_150": 74.57128603756428,
  "ask_spread_sum_150": 94.2414283156395,
  "ask_spread_mean_150": 89.2622003108263,
  "ask_spread_std_150": 89.40157113969326,
  "total_volume_sum_150": 101.9501596391201,
  "total_volume_mean_150": 121.68708699941635,
  "total_volume_std_150": 142.9530075788498,
  "volume_imbalance_sum_150": 62.67507094144821,
  "volume_imbalance_mean_150": 195.6221005320549,
  "volume_imbalance_std_150": 97.60362276434898,
  "trade_log_return_realized_volatility": 2566.6099002063274,
  "trade_seconds_in_bucket_count_unique": 309.4805516898632,
  "trade_size_sum": 98.7709298580885,
  "trade_order_count_mean": 242.35463470220566,
  "trade_log_return_realized_volatility_450": 904.3552930653095,
  "trade_seconds_in_bucket_count_unique_450": 284.56797856092453,
  "trade_size_sum_450": 168.59955547749996,
  "trade_order_count_mean_450": 243.63219544291496,
  "trade_log_return_realized_volatility_300": 414.93445064127445,
  "trade_seconds_in_bucket_count_unique_300": 287.17422361671925,
  "trade_size_sum_300": 111.67989613115788,
  "trade_order_count_mean_300": 159.72113677859306,
  "trade_log_return_realized_volatility_150": 131.66916099190712,
  "trade_seconds_in_bucket_count_unique_150": 212.99961507320404,
  "trade_size_sum_150": 116.94607691466808,
  "trade_order_count_mean_150": 167.2956914305687,
  "log_return1_realized_volatility_mean_stock": 461.9299962222576,
  "log_return1_realized_volatility_std_stock": 41.28040635585785,
  "log_return1_realized_volatility_max_stock": 24.10207912325859,
  "log_return1_realized_volatility_min_stock": 79.70354078710079,
  "log_return2_realized_volatility_mean_stock": 115.13108643889427,
  "log_return2_realized_volatility_std_stock": 70.05213989317417,
  "log_return2_realized_volatility_max_stock": 32.77995686233044,
  "log_return2_realized_volatility_min_stock": 53.10441967844963,
  "log_return1_realized_volatility_450_mean_stock": 806.130333378911,
  "log_return1_realized_volatility_450_std_stock": 46.0893579274416,
  "log_return1_realized_volatility_450_max_stock": 18.824983939528465,
  "log_return1_realized_volatility_450_min_stock": 41.90219193696976,
  "log_return2_realized_volatility_450_mean_stock": 126.14976239204407,
  "log_return2_realized_volatility_450_std_stock": 36.020263224840164,
  "log_return2_realized_volatility_450_max_stock": 27.767677828669548,
  "log_return2_realized_volatility_450_min_stock": 15.984147906303406,
  "log_return1_realized_volatility_300_mean_stock": 220.01020999252796,
  "log_return1_realized_volatility_300_std_stock": 21.638831973075867,
  "log_return1_realized_volatility_300_max_stock": 32.01448214054108,
  "log_return1_realized_volatility_300_min_stock": 57.43244770169258,
  "log_return2_realized_volatility_300_mean_stock": 95.55818185210228,