{
  "stock_id": 9914.843898706138,
  "wap1_sum": 117.67117704451084,
  "wap1_mean": 78.48826032876968,
  "wap1_std": 99.43095126003027,
  "wap2_sum": 102.27810996770859,
  "wap2_mean": 84.83452911674976,
  "wap2_std": 97.29558818042278,
  "log_return1_sum": 117.93012291193008,
  "log_return1_realized_volatility": 95701.75530979037,
  "log_return1_mean": 85.20964026451111,
  "log_return1_std": 461.5087856501341,
  "log_return2_sum": 98.4509062319994,
  "log_return2_realized_volatility": 20347.763838127255,
  "log_return2_mean": 87.08307600021362,
  "log_return2_std": 136.14864392578602,
  "wap_balance_sum": 435.12515906989574,
  "wap_balance_mean": 199.56261119246483,
  "wap_balance_std": 137.4308477193117,
  "price_spread_sum": 1204.9255188032985,
  "price_spread_mean": 1486.8274084329605,
  "price_spread_std": 170.9748812764883,
  "bid_spread_sum": 84.50290915369987,
  "bid_spread_mean": 1339.504250973463,
  "bid_spread_std": 108.3416357934475,
  "ask_spread_sum": 74.90624086558819,
  "ask_spread_mean": 1113.434397265315,
  "ask_spread_std": 112.11811842024326,
  "total_volume_sum": 261.1430082321167,
  "total_volume_mean": 303.0273389816284,
  "total_volume_std": 304.37554608285427,
  "volume_imbalance_sum": 43.28632599115372,
  "volume_imbalance_mean": 1324.1374465674162,
  "volume_imbalance_std": 109.82726176083088,
  "wap1_sum_450": 152.0873435139656,
  "wap1_mean_450": 81.66684444248676,
  "wap1_std_450": 184.31008785963058,
  "wap2_sum_450": 84.445690959692,
  "wap2_mean_450": 111.27104324102402,
  "wap2_std_450": 313.68822683393955,
  "log_return1_sum_450": 105.5443569123745,
  "log_return1_realized_volatility_450": 1001.6508888453245,
  "log_return1_mean_450": 108.99250683188438,
  "log_return1_std_450": 315.9434332475066,
  "log_return2_sum_450": 103.44717794656754,
  "log_return2_realized_volatility_450": 9210.701626569033,
  "log_return2_mean_450": 97.03589524328709,
  "log_return2_std_450": 110.94198356568813,
  "wap_balance_sum_450": 166.83299024403095,
  "wap_balance_mean_450": 127.40277743339539,
  "wap_balance_std_450": 99.19424892961979,
  "price_spread_sum_450": 453.41324903070927,
  "price_spread_mean_450": 606.0847721397877,
  "price_spread_std_450": 164.0308907032013,
  "bid_spread_sum_450": 111.46251361072063,
  "bid_spread_mean_450": 90.09444016218185,
  "bid_spread_std_450": 112.42723827064037,
  "ask_spread_sum_450": 83.84845788776875,
  "ask_spread_mean_450": 742.8893600404263,
  "ask_spread_std_450": 83.91936542093754,
  "total_volume_sum_450": 183.51723508536816,
  "total_volume_mean_450": 110.0762654542923,
  "total_volume_std_450": 93.94711741805077,
  "volume_imbalance_sum_450": 74.95203921198845,
  "volume_imbalance_mean_450": 83.16345202922821,
  "volume_imbalance_std_450": 61.0581891387701,
  "wap1_sum_300": 103.6765623241663,
  "wap1_mean_300": 80.28738221526146,
  "wap1_std_300": 127.3132595717907,
  "wap2_sum_300": 81.05772314965725,
  "wap2_mean_300": 60.29846595227718,
  "wap2_std_300": 125.04947350919247,
  "log_return1_sum_300": 87.77107594907284,
  "log_return1_realized_volatility_300": 9492.972242087126,
  "log_return1_mean_300": 119.32044722139835,
  "log_return1_std_300": 469.4321947693825,
  "log_return2_sum_300": 81.31180274486542,
  "log_return2_realized_volatility_300": 2268.089792832732,
  "log_return2_mean_300": 89.12468384206295,
  "log_return2_std_300": 117.97331343591213,
  "wap_balance_sum_300": 193.19554689526558,
  "wap_balance_mean_300": 366.94206619262695,
  "wap_balance_std_300": 133.5904696136713,
  "price_spread_sum_300": 935.978482350707,
  "price_spread_mean_300": 678.4668862819672,
  "price_spread_std_300": 92.99385794997215,
  "bid_spread_sum_300": 69.88881984353065,
  "bid_spread_mean_300": 108.7463031411171,
  "bid_spread_std_300": 78.20252659916878,
  "ask_spread_sum_300": 59.05029407143593,
  "ask_spread_mean_300": 104.42984373867512,
  "ask_spread_std_300": 105.4752506017685,
  "total_volume_sum_300": 89.02784991264343,
  "total_volume_mean_300": 88.64772719144821,
  "total_volume_std_300": 113.72199811041355,
  "volume_imbalance_sum_300": 69.15794871747494,
  "volume_imbalance_mean_300": 148.2173076570034,
  "volume_imbalance_std_300": 64.40752819180489,
  "wap1_sum_150": 101.59034785628319,
  "wap1_mean_150": 61.58946184813976,
  "wap1_std_150": 80.17855843901634,
  "wap2_sum_150": 77.10974225401878,
  "wap2_mean_150": 47.443215012550354,
  "wap2_std_150": 115.27793976664543,
  "log_return1_sum_150": 79.664719119668,
  "log_return1_realized_volatility_150": 252821.40614964068,
  "log_return1_mean_150": 91.40350364893675,
  "log_return1_std_150": 250.25862742960453,
  "log_return2_sum_150": 96.3654206842184,
  "log_return2_realized_volatility_150": 8607.917563170195,
  "log_return2_mean_150": 59.259049877524376,
  "log_return2_std_150": 87.62440314888954,
  "wap_balance_sum_150": 368.82604192197323,
  "wap_balance_mean_150": 148.95911914110184,
  "wap_balance_std_150": 96.37191331386566,
  "price_spread_sum_150": 255.5060775578022,
  "price_spread_mean_150": 821.8238291144371,
  "price_spread_std_150": 99.14521197974682,
  "bid_spread_sum_150": 75.31598909199238,
  "bid_spread_mean_150": 101.02877779304981,
  "bid_spread_std_150": 72.43982388079166,
  "ask_spread_sum_150": 72.21506890654564,
  "ask_spread_mean_150": 97.64913800358772,
  "ask_spread_std_150": 78.16701769828796,
  "total_volume_sum_150": 123.78202533721924,
  "total_volume_mean_150": 111.22512477636337,
  "total_volume_std_150": 97.80314476788044,
  "volume_imbalance_sum_150": 53.66144606471062,
  "volume_imbalance_mean_150": 132.48773285746574,
  "volume_imbalance_std_150": 131.09530067443848,
  "trade_log_return_realized_volatility": 2352.9520841240883,
  "trade_seconds_in_bucket_count_unique": 339.48744654655457,
  "trade_size_sum": 138.18319000303745,
  "trade_order_count_mean": 311.18432322889566,
  "trade_log_return_realized_volatility_450": 905.433610484004,
  "trade_seconds_in_bucket_count_unique_450": 269.8036038130522,
  "trade_size_sum_450": 140.27242396771908,
  "trade_order_count_mean_450": 217.62639705836773,
  "trade_log_return_realized_volatility_300": 243.73595985770226,
  "trade_seconds_in_bucket_count_unique_300": 257.68695867061615,
  "trade_size_sum_300": 170.62886975705624,
  "trade_order_count_mean_300": 183.16855259239674,
  "trade_log_return_realized_volatility_150": 189.8199396431446,
  "trade_seconds_in_bucket_count_unique_150": 177.13157099485397,
  "trade_size_sum_150": 139.85115911066532,
  "trade_order_count_mean_150": 155.50820910930634,
  "log_return1_realized_volatility_mean_stock": 399.78796073794365,
  "log_return1_realized_volatility_std_stock": 47.65235669910908,
  "log_return1_realized_volatility_max_stock": 25.293486803770065,
  "log_return1_realized_volatility_min_stock": 47.213832408189774,
  "log_return2_realized_volatility_mean_stock": 103.62202370166779,
  "log_return2_realized_volatility_std_stock": 34.45162297785282,
  "log_return2_realized_volatility_max_stock": 30.50284795463085,
  "log_return2_realized_volatility_min_stock": 68.3155929595232,
  "log_return1_realized_volatility_450_mean_stock": 716.1368076950312,
  "log_return1_realized_volatility_450_std_stock": 67.13308629393578,
  "log_return1_realized_volatility_450_max_stock": 16.763847053050995,
  "log_return1_realized_volatility_450_min_stock": 37.28559309244156,
  "log_return2_realized_volatility_450_mean_stock": 107.03060646355152,
  "log_return2_realized_volatility_450_std_stock": 67.97752638161182,
  "log_return2_realized_volatility_450_max_stock": 21.929727897047997,
  "log_return2_realized_volatility_450_min_stock": 17.10242000222206,
  "log_return1_realized_volatility_300_mean_stock": 291.3923767507076,
  "log_return1_realized_volatility_300_std_stock": 13.541169106960297,
  "log_return1_realized_volatility_300_max_stock": 27.734635218977928,
  "log_return1_realized_volatility_300_min_stock": 67.46899318695068,
  "log_return2_realized_volatility_300_mean_stock": 158.22180126607418,