{
  "stock_id": 9817.940985135734,
  "wap1_sum": 109.93797148764133,
  "wap1_mean": 95.86706809699535,
  "wap1_std": 95.70619739592075,
  "wap2_sum": 68.58375473320484,
  "wap2_mean": 66.64244192838669,
  "wap2_std": 83.87395212054253,
  "log_return1_sum": 90.14987601339817,
  "log_return1_realized_volatility": 105129.97798030078,
  "log_return1_mean": 111.85272893309593,
  "log_return1_std": 633.1244312822819,
  "log_return2_sum": 107.61374543607235,
  "log_return2_realized_volatility": 26488.464669540524,
  "log_return2_mean": 78.40898810327053,
  "log_return2_std": 115.90519192814827,
  "wap_balance_sum": 365.6123560369015,
  "wap_balance_mean": 162.21519188582897,
  "wap_balance_std": 95.88493657112122,
  "price_spread_sum": 1123.4774675816298,
  "price_spread_mean": 367.6738964393735,
  "price_spread_std": 211.33441370725632,
  "bid_spread_sum": 73.43191964924335,
  "bid_spread_mean": 1589.6464979797602,
  "bid_spread_std": 94.87925752997398,
  "ask_spread_sum": 59.330070212483406,
  "ask_spread_mean": 1207.4095780849457,
  "ask_spread_std": 86.08570255339146,
  "total_volume_sum": 114.3361648619175,
  "total_volume_mean": 244.77144266664982,
  "total_volume_std": 209.90630489587784,
  "volume_imbalance_sum": 55.990319937467575,
  "volume_imbalance_mean": 1006.4404405802488,
  "volume_imbalance_std": 255.59873229265213,
  "wap1_sum_450": 84.73261722922325,
  "wap1_mean_450": 85.1149589419365,
  "wap1_std_450": 200.65708692371845,
  "wap2_sum_450": 74.2137290686369,
  "wap2_mean_450": 119.07222072780132,
  "wap2_std_450": 418.06331665813923,
  "log_return1_sum_450": 101.20024979114532,
  "log_return1_realized_volatility_450": 439.6293504163623,
  "log_return1_mean_450": 93.98526580631733,
  "log_return1_std_450": 216.2694463133812,
  "log_return2_sum_450": 98.28590619564056,
  "log_return2_realized_volatility_450": 3469.2257986962795,
  "log_return2_mean_450": 90.27818803489208,
  "log_return2_std_450": 89.86642591655254,
  "wap_balance_sum_450": 150.5495737940073,
  "wap_balance_mean_450": 72.3822108656168,
  "wap_balance_std_450": 90.16379150748253,
  "price_spread_sum_450": 396.5574684739113,
  "price_spread_mean_450": 816.5240307599306,
  "price_spread_std_450": 88.56360567361116,
  "bid_spread_sum_450": 81.8969099521637,
  "bid_spread_mean_450": 90.30785182118416,
  "bid_spread_std_450": 95.29416018724442,
  "ask_spread_sum_450": 68.80543096363544,
  "ask_spread_mean_450": 624.5759104341269,
  "ask_spread_std_450": 86.85053812712431,
  "total_volume_sum_450": 162.24865347146988,
  "total_volume_mean_450": 95.77387834340334,
  "total_volume_std_450": 111.15568862855434,
  "volume_imbalance_sum_450": 57.50805117934942,
  "volume_imbalance_mean_450": 64.39040106534958,
  "volume_imbalance_std_450": 60.60859194397926,
  "wap1_sum_300": 116.67260587215424,
  "wap1_mean_300": 80.3945711106062,
  "wap1_std_300": 143.04241786897182,
  "wap2_sum_300": 68.76475849747658,
  "wap2_mean_300": 51.94473226368427,
  "wap2_std_300": 94.16039362549782,
  "log_return1_sum_300": 77.26269382238388,
  "log_return1_realized_volatility_300": 8855.400657616556,
  "log_return1_mean_300": 91.77939547598362,
  "log_return1_std_300": 253.08377996087074,
  "log_return2_sum_300": 76.07480588555336,
  "log_return2_realized_volatility_300": 3945.1600063070655,
  "log_return2_mean_300": 83.5089049488306,
  "log_return2_std_300": 139.22136126458645,
  "wap_balance_sum_300": 158.50833168625832,
  "wap_balance_mean_300": 185.77853577584028,
  "wap_balance_std_300": 85.00579084455967,
  "price_spread_sum_300": 1435.3893467336893,
  "price_spread_mean_300": 1934.8089808523655,
  "price_spread_std_300": 80.81973814964294,
  "bid_spread_sum_300": 48.04953984171152,
  "bid_spread_mean_300": 50.81610932946205,
  "bid_spread_std_300": 74.65183188021183,
  "ask_spread_sum_300": 57.142716124653816,
  "ask_spread_mean_300": 87.02075926959515,
  "ask_spread_std_300": 92.01161362230778,
  "total_volume_sum_300": 85.9563030898571,
  "total_volume_mean_300": 174.64632369577885,
  "total_volume_std_300": 68.44614112377167,
  "volume_imbalance_sum_300": 94.45810905098915,
  "volume_imbalance_mean_300": 71.9782507866621,
  "volume_imbalance_std_300": 59.72903770208359,
  "wap1_sum_150": 101.4060240238905,
  "wap1_mean_150": 36.67936593294144,
  "wap1_std_150": 92.34964382648468,
  "wap2_sum_150": 79.06659781932831,
  "wap2_mean_150": 58.0727159678936,
  "wap2_std_150": 192.52998407185078,
  "log_return1_sum_150": 78.72515279054642,
  "log_return1_realized_volatility_150": 256369.2949615419,
  "log_return1_mean_150": 88.58664493262768,
  "log_return1_std_150": 380.25858438014984,
  "log_return2_sum_150": 65.4327389895916,
  "log_return2_realized_volatility_150": 6727.936409816146,
  "log_return2_mean_150": 62.42561611533165,
  "log_return2_std_150": 98.08779903501272,
  "wap_balance_sum_150": 249.0579615533352,
  "wap_balance_mean_150": 432.9200458228588,
  "wap_balance_std_150": 79.43958346545696,
  "price_spread_sum_150": 271.70477509498596,
  "price_spread_mean_150": 366.67207549512386,
  "price_spread_std_150": 104.09094403684139,
  "bid_spread_sum_150": 74.07584056258202,
  "bid_spread_mean_150": 212.48063212633133,
  "bid_spread_std_150": 93.22548240423203,
  "ask_spread_sum_150": 62.225693717598915,
  "ask_spread_mean_150": 67.48867009580135,
  "ask_spread_std_150": 63.12768019735813,
  "total_volume_sum_150": 101.29232148826122,
  "total_volume_mean_150": 142.73590248823166,
  "total_volume_std_150": 69.64285098016262,
  "volume_imbalance_sum_150": 56.70124667137861,
  "volume_imbalance_mean_150": 221.4545502513647,
  "volume_imbalance_std_150": 82.9659236818552,
  "trade_log_return_realized_volatility": 1502.2656417936087,
  "trade_seconds_in_bucket_count_unique": 296.3217751830816,
  "trade_size_sum": 87.71769612282515,
  "trade_order_count_mean": 299.0516806393862,
  "trade_log_return_realized_volatility_450": 1287.6055308133364,
  "trade_seconds_in_bucket_count_unique_450": 279.16307839751244,
  "trade_size_sum_450": 112.91345648467541,
  "trade_order_count_mean_450": 164.19409631192684,
  "trade_log_return_realized_volatility_300": 323.1113252341747,
  "trade_seconds_in_bucket_count_unique_300": 215.78520864248276,
  "trade_size_sum_300": 106.21123929321766,
  "trade_order_count_mean_300": 185.6518241688609,
  "trade_log_return_realized_volatility_150": 242.0298303887248,
  "trade_seconds_in_bucket_count_unique_150": 161.45054580271244,
  "trade_size_sum_150": 108.94529436528683,
  "trade_order_count_mean_150": 110.1641313135624,
  "log_return1_realized_volatility_mean_stock": 481.61457474529743,
  "log_return1_realized_volatility_std_stock": 43.038268119096756,
  "log_return1_realized_volatility_max_stock": 19.18860810995102,
  "log_return1_realized_volatility_min_stock": 103.67405162751675,
  "log_return2_realized_volatility_mean_stock": 65.12807810306549,
  "log_return2_realized_volatility_std_stock": 28.552220329642296,
  "log_return2_realized_volatility_max_stock": 16.942575931549072,
  "log_return2_realized_volatility_min_stock": 88.2866043895483,
  "log_return1_realized_volatility_450_mean_stock": 821.6410831809044,
  "log_return1_realized_volatility_450_std_stock": 93.18483765423298,
  "log_return1_realized_volatility_450_max_stock": 24.703359976410866,
  "log_return1_realized_volatility_450_min_stock": 28.80504910647869,
  "log_return2_realized_volatility_450_mean_stock": 167.86514350771904,
  "log_return2_realized_volatility_450_std_stock": 31.33356961607933,
  "log_return2_realized_volatility_450_max_stock": 22.29712015390396,
  "log_return2_realized_volatility_450_min_stock": 15.987585991621017,
  "log_return1_realized_volatility_300_mean_stock": 466.2319360077381,
  "log_return1_realized_volatility_300_std_stock": 15.310986071825027,
  "log_return1_realized_volatility_300_max_stock": 17.59598484635353,
  "log_return1_realized_volatility_300_min_stock": 49.55818712711334,
  "log_return2_realized_volatility_300_mean_stock": 113.84986037015915,