{
  "stock_id": 16263.043606206775,
  "wap1_sum": 169.88399521261454,
  "wap1_mean": 104.21018485724926,
  "wap1_std": 95.69317090511322,
  "wap2_sum": 63.62728409469128,
  "wap2_mean": 57.88872067630291,
  "wap2_std": 88.4914273172617,
  "log_return1_sum": 116.41009981930256,
  "log_return1_realized_volatility": 275415.45997957885,
  "log_return1_mean": 68.80060563981533,
  "log_return1_std": 308.3329944014549,
  "log_return2_sum": 110.40111591666937,
  "log_return2_realized_volatility": 13078.276164978743,
  "log_return2_mean": 81.36144219338894,
  "log_return2_std": 74.52398507297039,
  "wap_balance_sum": 335.107754021883,
  "wap_balance_mean": 83.58120711147785,
  "wap_balance_std": 105.70532713830471,
  "price_spread_sum": 1055.695088595152,
  "price_spread_mean": 1081.8015451431274,
  "price_spread_std": 170.6422846019268,
  "bid_spread_sum": 62.755679711699486,
  "bid_spread_mean": 86.80256567895412,
  "bid_spread_std": 89.01486803591251,
  "ask_spread_sum": 53.36049382388592,
  "ask_spread_mean": 596.2363862246275,
  "ask_spread_std": 71.77924248576164,
  "total_volume_sum": 88.9833699837327,
  "total_volume_mean": 264.768720716238,
  "total_volume_std": 379.8436615765095,
  "volume_imbalance_sum": 47.32842293381691,
  "volume_imbalance_mean": 1484.3655835539103,
  "volume_imbalance_std": 173.26778085529804,
  "wap1_sum_450": 104.61389316618443,
  "wap1_mean_450": 71.25583304464817,
  "wap1_std_450": 237.5879696905613,
  "wap2_sum_450": 51.405456468462944,
  "wap2_mean_450": 118.5553293004632,
  "wap2_std_450": 326.47343599796295,
  "log_return1_sum_450": 74.82590403407812,
  "log_return1_realized_volatility_450": 1248.0724830925465,
  "log_return1_mean_450": 97.91652728617191,
  "log_return1_std_450": 207.07679598033428,
  "log_return2_sum_450": 88.02227376401424,
  "log_return2_realized_volatility_450": 2093.8338212370872,
  "log_return2_mean_450": 86.05995100736618,
  "log_return2_std_450": 264.86816368997097,
  "wap_balance_sum_450": 179.32059520483017,
  "wap_balance_mean_450": 102.68258412182331,
  "wap_balance_std_450": 93.67679114639759,
  "price_spread_sum_450": 604.4070448428392,
  "price_spread_mean_450": 176.2671103924513,
  "price_spread_std_450": 97.08767506480217,
  "bid_spread_sum_450": 89.9419207572937,
  "bid_spread_mean_450": 84.16453617811203,
  "bid_spread_std_450": 111.36684866249561,
  "ask_spread_sum_450": 79.51383049786091,
  "ask_spread_mean_450": 1932.7758096903563,
  "ask_spread_std_450": 121.0104501247406,
  "total_volume_sum_450": 71.88769128918648,
  "total_volume_mean_450": 65.60141529887915,
  "total_volume_std_450": 95.82817877829075,
  "volume_imbalance_sum_450": 60.48350815474987,
  "volume_imbalance_mean_450": 108.7974370867014,
  "volume_imbalance_std_450": 76.10731527209282,
  "wap1_sum_300": 73.85774333775043,
  "wap1_mean_300": 42.97005896270275,
  "wap1_std_300": 158.28003990650177,
  "wap2_sum_300": 27.092737033963203,
  "wap2_mean_300": 46.39915630221367,
  "wap2_std_300": 92.38424849510193,
  "log_return1_sum_300": 80.09506097435951,
  "log_return1_realized_volatility_300": 14331.360026463866,
  "log_return1_mean_300": 89.94672723859549,
  "log_return1_std_300": 898.0538954436779,
  "log_return2_sum_300": 72.25451599061489,
  "log_return2_realized_volatility_300": 2568.501198671758,
  "log_return2_mean_300": 97.8217975795269,
  "log_return2_std_300": 174.93166476488113,
  "wap_balance_sum_300": 141.81559830904007,
  "wap_balance_mean_300": 417.4062828719616,
  "wap_balance_std_300": 95.3061145991087,
  "price_spread_sum_300": 457.37840773165226,
  "price_spread_mean_300": 799.0999650508165,
  "price_spread_std_300": 85.02852611243725,
  "bid_spread_sum_300": 57.56678882986307,
  "bid_spread_mean_300": 81.20073720812798,
  "bid_spread_std_300": 84.8078821003437,
  "ask_spread_sum_300": 62.36323094367981,
  "ask_spread_mean_300": 97.35444335639477,
  "ask_spread_std_300": 90.3738294094801,
  "total_volume_sum_300": 67.59067511558533,
  "total_volume_mean_300": 170.26954723894596,
  "total_volume_std_300": 71.07405211031437,
  "volume_imbalance_sum_300": 46.87018893659115,
  "volume_imbalance_mean_300": 67.86207887530327,
  "volume_imbalance_std_300": 57.681443974375725,
  "wap1_sum_150": 81.74711742252111,
  "wap1_mean_150": 36.855011001229286,
  "wap1_std_150": 105.70861318707466,
  "wap2_sum_150": 26.215602852404118,
  "wap2_mean_150": 43.86918005347252,
  "wap2_std_150": 133.9119324684143,
  "log_return1_sum_150": 64.51156763732433,
  "log_return1_realized_volatility_150": 115382.1896213144,
  "log_return1_mean_150": 72.2446601986885,
  "log_return1_std_150": 351.151976659894,
  "log_return2_sum_150": 67.57273575663567,
  "log_return2_realized_volatility_150": 8111.061172187328,
  "log_return2_mean_150": 74.70725791156292,
  "log_return2_std_150": 529.9538491815329,
  "wap_balance_sum_150": 369.04769663512707,
  "wap_balance_mean_150": 115.50249233841896,
  "wap_balance_std_150": 87.28189644217491,
  "price_spread_sum_150": 501.6113280132413,
  "price_spread_mean_150": 1277.0393866747618,
  "price_spread_std_150": 101.0235847979784,
  "bid_spread_sum_150": 53.49468074738979,
  "bid_spread_mean_150": 50.209437757730484,
  "bid_spread_std_150": 71.99195724725723,
  "ask_spread_sum_150": 57.912156879901886,
  "ask_spread_mean_150": 62.69112391769886,
  "ask_spread_std_150": 66.20433811843395,
  "total_volume_sum_150": 72.09256902337074,
  "total_volume_mean_150": 344.06563225388527,
  "total_volume_std_150": 49.76956194639206,
  "volume_imbalance_sum_150": 47.835552752017975,
  "volume_imbalance_mean_150": 84.5474875420332,
  "volume_imbalance_std_150": 113.04323446750641,
  "trade_log_return_realized_volatility": 858.3723140656948,
  "trade_seconds_in_bucket_count_unique": 246.4133157134056,
  "trade_size_sum": 130.35501413047314,
  "trade_order_count_mean": 196.69999161362648,
  "trade_log_return_realized_volatility_450": 1013.2264724671841,
  "trade_seconds_in_bucket_count_unique_450": 307.2664220184088,
  "trade_size_sum_450": 183.06786912679672,
  "trade_order_count_mean_450": 193.07970722019672,
  "trade_log_return_realized_volatility_300": 506.7920016646385,
  "trade_seconds_in_bucket_count_unique_300": 226.81757560372353,
  "trade_size_sum_300": 112.14301745593548,
  "trade_order_count_mean_300": 155.5304478406906,
  "trade_log_return_realized_volatility_150": 284.33270840346813,
  "trade_seconds_in_bucket_count_unique_150": 206.24038723111153,
  "trade_size_sum_150": 86.94541372358799,
  "trade_order_count_mean_150": 210.82276956737041,
  "log_return1_realized_volatility_mean_stock": 206.89064618945122,
  "log_return1_realized_volatility_std_stock": 31.777377262711525,
  "log_return1_realized_volatility_max_stock": 8.589257001876831,
  "log_return1_realized_volatility_min_stock": 35.45241665840149,
  "log_return2_realized_volatility_mean_stock": 62.28646117448807,
  "log_return2_realized_volatility_std_stock": 11.894630908966064,
  "log_return2_realized_volatility_max_stock": 18.53327876329422,
  "log_return2_realized_volatility_min_stock": 9.852740973234177,
  "log_return1_realized_volatility_450_mean_stock": 276.41524805128574,
  "log_return1_realized_volatility_450_std_stock": 4.405265927314758,
  "log_return1_realized_volatility_450_max_stock": 4.749065026640892,
  "log_return1_realized_volatility_450_min_stock": 15.977461874485016,
  "log_return2_realized_volatility_450_mean_stock": 46.20408809185028,
  "log_return2_realized_volatility_450_std_stock": 15.216490149497986,
  "log_return2_realized_volatility_450_max_stock": 8.906628012657166,
  "log_return2_realized_volatility_450_min_stock": 8.92770603299141,
  "log_return1_realized_volatility_300_mean_stock": 3.2438600063323975,
  "log_return1_realized_volatility_300_std_stock": 4.135382056236267,
  "log_return1_realized_volatility_300_max_stock": 9.527320101857185,
  "log_return1_realized_volatility_300_min_stock": 6.251062050461769,
  "log_return2_realized_volatility_300_mean_stock": 2.8509949147701263,