{
  "stock_id": 8682.366621151567,
  "wap1_sum": 157.6251195371151,
  "wap1_mean": 75.08217695355415,
  "wap1_std": 97.37447486817837,
  "wap2_sum": 100.39972899854183,
  "wap2_mean": 56.46399514377117,
  "wap2_std": 102.34596979618073,
  "log_return1_sum": 108.42428374290466,
  "log_return1_realized_volatility": 99192.69961746037,
  "log_return1_mean": 78.7650012075901,
  "log_return1_std": 2375.2663500458,
  "log_return2_sum": 98.83238941431046,
  "log_return2_realized_volatility": 22682.918838754296,
  "log_return2_mean": 98.444819226861,
  "log_return2_std": 97.2222978323698,
  "wap_balance_sum": 482.7555672675371,
  "wap_balance_mean": 146.53781726956367,
  "wap_balance_std": 121.01309885084629,
  "price_spread_sum": 1480.663504883647,
  "price_spread_mean": 1145.8083845376968,
  "price_spread_std": 173.9264415949583,
  "bid_spread_sum": 80.91567419469357,
  "bid_spread_mean": 496.6699991673231,
  "bid_spread_std": 86.99712127447128,
  "ask_spread_sum": 72.74188770353794,
  "ask_spread_mean": 1671.4767344743013,
  "ask_spread_std": 98.16935361921787,
  "total_volume_sum": 268.69418373703957,
  "total_volume_mean": 259.76170797646046,
  "total_volume_std": 187.2184408158064,
  "volume_imbalance_sum": 57.47350902855396,
  "volume_imbalance_mean": 900.4149244725704,
  "volume_imbalance_std": 264.0731221586466,
  "wap1_sum_450": 102.44561822712421,
  "wap1_mean_450": 78.98856261372566,
  "wap1_std_450": 276.065721064806,
  "wap2_sum_450": 86.21530665457249,
  "wap2_mean_450": 85.25691111385822,
  "wap2_std_450": 234.47725665569305,
  "log_return1_sum_450": 65.80849811434746,
  "log_return1_realized_volatility_450": 1290.7011175900698,
  "log_return1_mean_450": 80.46916724741459,
  "log_return1_std_450": 447.0266429334879,
  "log_return2_sum_450": 90.99825884401798,
  "log_return2_realized_volatility_450": 9439.926046103239,
  "log_return2_mean_450": 82.33965307474136,
  "log_return2_std_450": 103.53475150465965,
  "wap_balance_sum_450": 176.00599592924118,
  "wap_balance_mean_450": 153.14377173781395,
  "wap_balance_std_450": 143.29258681833744,
  "price_spread_sum_450": 430.24091479182243,
  "price_spread_mean_450": 396.2290592491627,
  "price_spread_std_450": 143.62151835858822,
  "bid_spread_sum_450": 62.11771884560585,
  "bid_spread_mean_450": 82.16710886359215,
  "bid_spread_std_450": 107.28115412592888,
  "ask_spread_sum_450": 60.56213107705116,
  "ask_spread_mean_450": 978.8793282955885,
  "ask_spread_std_450": 63.946550726890564,
  "total_volume_sum_450": 82.67007556557655,
  "total_volume_mean_450": 121.91663233935833,
  "total_volume_std_450": 83.54542745649815,
  "volume_imbalance_sum_450": 65.84206672012806,
  "volume_imbalance_mean_450": 80.36338233947754,
  "volume_imbalance_std_450": 70.3173790127039,
  "wap1_sum_300": 80.1365646570921,
  "wap1_mean_300": 86.4908358156681,
  "wap1_std_300": 110.4761696010828,
  "wap2_sum_300": 68.04235596954823,
  "wap2_mean_300": 56.76948983967304,
  "wap2_std_300": 117.24443084001541,
  "log_return1_sum_300": 84.97345021367073,
  "log_return1_realized_volatility_300": 21975.34187720716,
  "log_return1_mean_300": 83.48876617848873,
  "log_return1_std_300": 491.40277230739594,
  "log_return2_sum_300": 69.06814649701118,
  "log_return2_realized_volatility_300": 2110.655865252018,
  "log_return2_mean_300": 92.3935374468565,
  "log_return2_std_300": 109.04684165120125,
  "wap_balance_sum_300": 179.42799340188503,
  "wap_balance_mean_300": 253.47725747525692,
  "wap_balance_std_300": 103.84069883823395,
  "price_spread_sum_300": 1100.31589512527,
  "price_spread_mean_300": 950.5739370435476,
  "price_spread_std_300": 76.53346951305866,
  "bid_spread_sum_300": 72.42775921523571,
  "bid_spread_mean_300": 73.6472110748291,
  "bid_spread_std_300": 84.00527004897594,
  "ask_spread_sum_300": 61.727044969797134,
  "ask_spread_mean_300": 99.3735967874527,
  "ask_spread_std_300": 81.02243798971176,
  "total_volume_sum_300": 78.68008381128311,
  "total_volume_mean_300": 115.06459526717663,
  "total_volume_std_300": 96.55876088142395,
  "volume_imbalance_sum_300": 59.184597209095955,
  "volume_imbalance_mean_300": 159.0314952582121,
  "volume_imbalance_std_300": 55.34274110198021,
  "wap1_sum_150": 73.24623546004295,
  "wap1_mean_150": 66.30363915860653,
  "wap1_std_150": 78.87435679137707,
  "wap2_sum_150": 112.1731008887291,
  "wap2_mean_150": 58.16013889014721,
  "wap2_std_150": 130.54472710192204,
  "log_return1_sum_150": 79.70864726603031,
  "log_return1_realized_volatility_150": 254284.0201178044,
  "log_return1_mean_150": 68.6315378844738,
  "log_return1_std_150": 547.4620283544064,
  "log_return2_sum_150": 69.59020599722862,
  "log_return2_realized_volatility_150": 8915.41781334579,
  "log_return2_mean_150": 61.74384191632271,
  "log_return2_std_150": 72.73467990756035,
  "wap_balance_sum_150": 303.05855728685856,
  "wap_balance_mean_150": 116.52965864539146,
  "wap_balance_std_150": 119.25358180701733,
  "price_spread_sum_150": 182.90260161459446,
  "price_spread_mean_150": 1804.2305142432451,
  "price_spread_std_150": 103.95258963108063,
  "bid_spread_sum_150": 72.42829559743404,
  "bid_spread_mean_150": 75.18068805336952,
  "bid_spread_std_150": 73.00682279467583,
  "ask_spread_sum_150": 69.76218831539154,
  "ask_spread_mean_150": 98.37475691735744,
  "ask_spread_std_150": 59.052215188741684,
  "total_volume_sum_150": 104.20593206584454,
  "total_volume_mean_150": 154.2798997014761,
  "total_volume_std_150": 90.49046744406223,
  "volume_imbalance_sum_150": 101.9487717449665,
  "volume_imbalance_mean_150": 320.8925146460533,
  "volume_imbalance_std_150": 105.16250996291637,
  "trade_log_return_realized_volatility": 3289.513646170497,
  "trade_seconds_in_bucket_count_unique": 375.97258879989386,
  "trade_size_sum": 124.27687525749207,
  "trade_order_count_mean": 284.4579468071461,
  "trade_log_return_realized_volatility_450": 905.7378731369972,
  "trade_seconds_in_bucket_count_unique_450": 262.7298630475998,
  "trade_size_sum_450": 99.12772729992867,
  "trade_order_count_mean_450": 186.91841888427734,
  "trade_log_return_realized_volatility_300": 771.5323564559221,
  "trade_seconds_in_bucket_count_unique_300": 315.8752241283655,
  "trade_size_sum_300": 133.90801653265953,
  "trade_order_count_mean_300": 184.41379387676716,
  "trade_log_return_realized_volatility_150": 165.84828794002533,
  "trade_seconds_in_bucket_count_unique_150": 211.9400195479393,
  "trade_size_sum_150": 100.56305885314941,
  "trade_order_count_mean_150": 252.3898575156927,
  "log_return1_realized_volatility_mean_stock": 603.1786517053843,
  "log_return1_realized_volatility_std_stock": 51.444409906864166,
  "log_return1_realized_volatility_max_stock": 20.516681969165802,
  "log_return1_realized_volatility_min_stock": 75.82007850706577,
  "log_return2_realized_volatility_mean_stock": 135.80795612931252,
  "log_return2_realized_volatility_std_stock": 70.35724012553692,
  "log_return2_realized_volatility_max_stock": 17.314855828881264,
  "log_return2_realized_volatility_min_stock": 102.58464297652245,
  "log_return1_realized_volatility_450_mean_stock": 986.2478038370609,
  "log_return1_realized_volatility_450_std_stock": 46.403050631284714,
  "log_return1_realized_volatility_450_max_stock": 17.597865045070648,
  "log_return1_realized_volatility_450_min_stock": 76.20693680644035,
  "log_return2_realized_volatility_450_mean_stock": 159.75772207975388,
  "log_return2_realized_volatility_450_std_stock": 63.810646787285805,
  "log_return2_realized_volatility_450_max_stock": 33.32298210263252,
  "log_return2_realized_volatility_450_min_stock": 39.075496822595596,
  "log_return1_realized_volatility_300_mean_stock": 206.6385444700718,
  "log_return1_realized_volatility_300_std_stock": 47.89446797966957,
  "log_return1_realized_volatility_300_max_stock": 17.568166971206665,
  "log_return1_realized_volatility_300_min_stock": 65.78936792910099,
  "log_return2_realized_volatility_300_mean_stock": 95.84999176859856,