row_id,target
0-4,0.0005679130094703218
0-32,0.0005827977057962473
0-34,0.0005827977057962473
