row_id,target
0-4,0.0009486584294733997
0-32,0.000924197148200251
0-34,0.000924197148200251
