row_id,target
0-4,0.0013906793035246838
0-32,0.002031104795368699
0-34,0.002031104795368699
