{
  "stock_id": 8245.160790592432,
  "wap1_sum": 142.39136411249638,
  "wap1_mean": 81.3992191851139,
  "wap1_std": 110.51810705661774,
  "wap2_sum": 112.04083493351936,
  "wap2_mean": 78.39860214293003,
  "wap2_std": 116.14565199613571,
  "log_return1_sum": 108.83503939211369,
  "log_return1_realized_volatility": 90786.82919177413,
  "log_return1_mean": 97.19816187024117,
  "log_return1_std": 2598.8953037783504,
  "log_return2_sum": 119.7046106159687,
  "log_return2_realized_volatility": 23334.921977892518,
  "log_return2_mean": 105.54514610767365,
  "log_return2_std": 95.40795597434044,
  "wap_balance_sum": 431.68442955613136,
  "wap_balance_mean": 167.18679454922676,
  "wap_balance_std": 132.16747543215752,
  "price_spread_sum": 1307.1819948852062,
  "price_spread_mean": 673.5501140803099,
  "price_spread_std": 215.93835590034723,
  "bid_spread_sum": 83.86811302602291,
  "bid_spread_mean": 1351.2380849570036,
  "bid_spread_std": 116.21733105182648,
  "ask_spread_sum": 67.57225489616394,
  "ask_spread_mean": 995.650513485074,
  "ask_spread_std": 117.71343982219696,
  "total_volume_sum": 261.06920782476664,
  "total_volume_mean": 311.0385240763426,
  "total_volume_std": 133.6751618385315,
  "volume_imbalance_sum": 47.148295029997826,
  "volume_imbalance_mean": 1445.2083137631416,
  "volume_imbalance_std": 317.66112875938416,
  "wap1_sum_450": 152.99226565659046,
  "wap1_mean_450": 79.98856625705957,
  "wap1_std_450": 307.4255830347538,
  "wap2_sum_450": 79.02406032383442,
  "wap2_mean_450": 125.77228861302137,
  "wap2_std_450": 299.4069026708603,
  "log_return1_sum_450": 111.6867039501667,
  "log_return1_realized_volatility_450": 955.9978238344193,
  "log_return1_mean_450": 110.1166567504406,
  "log_return1_std_450": 407.0262223035097,
  "log_return2_sum_450": 117.16246625781059,
  "log_return2_realized_volatility_450": 9013.477228581905,
  "log_return2_mean_450": 105.72432190179825,
  "log_return2_std_450": 100.95212697982788,
  "wap_balance_sum_450": 253.31388564407825,
  "wap_balance_mean_450": 210.6031215339899,
  "wap_balance_std_450": 106.65600395202637,
  "price_spread_sum_450": 282.29994839429855,
  "price_spread_mean_450": 439.73944364488125,
  "price_spread_std_450": 131.0124350786209,
  "bid_spread_sum_450": 92.33536103367805,
  "bid_spread_mean_450": 100.74917510151863,
  "bid_spread_std_450": 153.38928827643394,
  "ask_spread_sum_450": 85.57025700807571,
  "ask_spread_mean_450": 749.7802651152015,
  "ask_spread_std_450": 100.47770310938358,
  "total_volume_sum_450": 89.83406223356724,
  "total_volume_mean_450": 135.82596138864756,
  "total_volume_std_450": 104.1705327630043,
  "volume_imbalance_sum_450": 81.36648277938366,
  "volume_imbalance_mean_450": 102.24077506363392,
  "volume_imbalance_std_450": 72.0088042318821,
  "wap1_sum_300": 107.60268710553646,
  "wap1_mean_300": 71.37223683297634,
  "wap1_std_300": 164.04782517254353,
  "wap2_sum_300": 68.51983892917633,
  "wap2_mean_300": 65.70806194841862,
  "wap2_std_300": 108.77934256196022,
  "log_return1_sum_300": 95.20498716831207,
  "log_return1_realized_volatility_300": 22151.57464582473,
  "log_return1_mean_300": 126.15082597732544,
  "log_return1_std_300": 449.8359143733978,
  "log_return2_sum_300": 91.12304159998894,
  "log_return2_realized_volatility_300": 2390.6777305305004,
  "log_return2_mean_300": 86.33055779337883,
  "log_return2_std_300": 145.59671990573406,
  "wap_balance_sum_300": 169.01538302004337,
  "wap_balance_mean_300": 249.0236192047596,
  "wap_balance_std_300": 147.1321051865816,
  "price_spread_sum_300": 1241.917015336454,
  "price_spread_mean_300": 1614.830262593925,
  "price_spread_std_300": 110.55925290286541,
  "bid_spread_sum_300": 71.07740707695484,
  "bid_spread_mean_300": 85.87211139500141,
  "bid_spread_std_300": 82.36737103760242,
  "ask_spread_sum_300": 76.46092087030411,
  "ask_spread_mean_300": 114.00677499175072,
  "ask_spread_std_300": 97.5448780208826,
  "total_volume_sum_300": 125.15376178920269,
  "total_volume_mean_300": 88.2827670276165,
  "total_volume_std_300": 133.70110711455345,
  "volume_imbalance_sum_300": 67.77644667029381,
  "volume_imbalance_mean_300": 111.40032017230988,
  "volume_imbalance_std_300": 72.62434695661068,
  "wap1_sum_150": 103.90534000098705,
  "wap1_mean_150": 61.00912306457758,
  "wap1_std_150": 97.56460385024548,
  "wap2_sum_150": 76.1409118026495,
  "wap2_mean_150": 65.31002388894558,
  "wap2_std_150": 119.059999614954,
  "log_return1_sum_150": 97.62307585775852,
  "log_return1_realized_volatility_150": 228594.742225945,
  "log_return1_mean_150": 93.57728832960129,
  "log_return1_std_150": 245.35403703153133,
  "log_return2_sum_150": 79.64425317943096,
  "log_return2_realized_volatility_150": 8340.306941002607,
  "log_return2_mean_150": 88.41724985837936,
  "log_return2_std_150": 94.08684319257736,
  "wap_balance_sum_150": 331.52214436233044,
  "wap_balance_mean_150": 372.3279794603586,
  "wap_balance_std_150": 101.49199026823044,
  "price_spread_sum_150": 296.9645337611437,
  "price_spread_mean_150": 822.2196908146143,
  "price_spread_std_150": 119.5185589492321,
  "bid_spread_sum_150": 77.58938896656036,
  "bid_spread_mean_150": 85.29242362082005,
  "bid_spread_std_150": 75.17533303797245,
  "ask_spread_sum_150": 83.23990687727928,
  "ask_spread_mean_150": 122.51219391822815,
  "ask_spread_std_150": 73.97141394019127,
  "total_volume_sum_150": 100.81731110811234,
  "total_volume_mean_150": 116.43129755556583,
  "total_volume_std_150": 77.58783124387264,
  "volume_imbalance_sum_150": 67.94182300567627,
  "volume_imbalance_mean_150": 434.72569593787193,
  "volume_imbalance_std_150": 165.21670934557915,
  "trade_log_return_realized_volatility": 3187.145519569516,
  "trade_seconds_in_bucket_count_unique": 360.4851325005293,
  "trade_size_sum": 130.8830331414938,
  "trade_order_count_mean": 234.49358244240284,
  "trade_log_return_realized_volatility_450": 1022.5285995900631,
  "trade_seconds_in_bucket_count_unique_450": 303.5802489966154,
  "trade_size_sum_450": 141.91534143686295,
  "trade_order_count_mean_450": 204.12769857048988,
  "trade_log_return_realized_volatility_300": 409.0073372721672,
  "trade_seconds_in_bucket_count_unique_300": 289.7409797459841,
  "trade_size_sum_300": 167.41081902384758,
  "trade_order_count_mean_300": 192.53231172263622,
  "trade_log_return_realized_volatility_150": 182.07473823428154,
  "trade_seconds_in_bucket_count_unique_150": 162.78092975914478,
  "trade_size_sum_150": 117.60413008928299,
  "trade_order_count_mean_150": 199.68081398308277,
  "log_return1_realized_volatility_mean_stock": 610.2328485697508,
  "log_return1_realized_volatility_std_stock": 40.54262998700142,
  "log_return1_realized_volatility_max_stock": 29.858002111315727,
  "log_return1_realized_volatility_min_stock": 65.64861889183521,
  "log_return2_realized_volatility_mean_stock": 90.80656898021698,
  "log_return2_realized_volatility_std_stock": 92.45578172802925,
  "log_return2_realized_volatility_max_stock": 49.74570459127426,
  "log_return2_realized_volatility_min_stock": 67.88537718355656,
  "log_return1_realized_volatility_450_mean_stock": 875.7594389021397,
  "log_return1_realized_volatility_450_std_stock": 56.06121172755957,
  "log_return1_realized_volatility_450_max_stock": 20.1389349848032,
  "log_return1_realized_volatility_450_min_stock": 38.180530205368996,
  "log_return2_realized_volatility_450_mean_stock": 127.79877218604088,
  "log_return2_realized_volatility_450_std_stock": 49.2381674349308,
  "log_return2_realized_volatility_450_max_stock": 22.55188311636448,
  "log_return2_realized_volatility_450_min_stock": 23.10674500465393,
  "log_return1_realized_volatility_300_mean_stock": 349.5891049057245,
  "log_return1_realized_volatility_300_std_stock": 30.796182975172997,
  "log_return1_realized_volatility_300_max_stock": 23.877781197428703,
  "log_return1_realized_volatility_300_min_stock": 69.1317658573389,
  "log_return2_realized_volatility_300_mean_stock": 70.64779487252235,