{
  "stock_id": 10855.560449510813,
  "wap1_sum": 112.74819687008858,
  "wap1_mean": 84.9503343552351,
  "wap1_std": 76.49570097029209,
  "wap2_sum": 83.81499701738358,
  "wap2_mean": 54.28011889755726,
  "wap2_std": 80.15997591614723,
  "log_return1_sum": 94.7129113227129,
  "log_return1_realized_volatility": 146827.03940461576,
  "log_return1_mean": 71.9586881250143,
  "log_return1_std": 306.97858214378357,
  "log_return2_sum": 97.56449729204178,
  "log_return2_realized_volatility": 24686.027272105217,
  "log_return2_mean": 59.25622878968716,
  "log_return2_std": 238.44056981801987,
  "wap_balance_sum": 452.52514412999153,
  "wap_balance_mean": 106.1276296377182,
  "wap_balance_std": 111.2175903916359,
  "price_spread_sum": 696.4604835659266,
  "price_spread_mean": 479.26745441555977,
  "price_spread_std": 178.32897000014782,
  "bid_spread_sum": 73.83061820268631,
  "bid_spread_mean": 1319.0112707316875,
  "bid_spread_std": 73.08373709022999,
  "ask_spread_sum": 66.41276708245277,
  "ask_spread_mean": 377.61292392015457,
  "ask_spread_std": 78.7357800155878,
  "total_volume_sum": 100.82967083156109,
  "total_volume_mean": 202.92971314489841,
  "total_volume_std": 159.08550637960434,
  "volume_imbalance_sum": 46.63591404259205,
  "volume_imbalance_mean": 1131.9412457197905,
  "volume_imbalance_std": 217.5848667025566,
  "wap1_sum_450": 115.1011344641447,
  "wap1_mean_450": 60.17496256530285,
  "wap1_std_450": 185.8305326551199,
  "wap2_sum_450": 51.372035369277,
  "wap2_mean_450": 107.02346722781658,
  "wap2_std_450": 392.56661219894886,
  "log_return1_sum_450": 81.10998021066189,
  "log_return1_realized_volatility_450": 684.6863913983107,
  "log_return1_mean_450": 81.31584586203098,
  "log_return1_std_450": 205.71775302290916,
  "log_return2_sum_450": 83.56650821864605,
  "log_return2_realized_volatility_450": 3206.349915742874,
  "log_return2_mean_450": 76.47097285091877,
  "log_return2_std_450": 173.95219807326794,
  "wap_balance_sum_450": 129.2360513806343,
  "wap_balance_mean_450": 193.54672321677208,
  "wap_balance_std_450": 98.1397664397955,
  "price_spread_sum_450": 331.83202889561653,
  "price_spread_mean_450": 362.94943572580814,
  "price_spread_std_450": 88.03457413613796,
  "bid_spread_sum_450": 73.38181084394455,
  "bid_spread_mean_450": 72.84518271684647,
  "bid_spread_std_450": 78.78590908646584,
  "ask_spread_sum_450": 76.29912872612476,
  "ask_spread_mean_450": 571.2528979033232,
  "ask_spread_std_450": 81.97149807214737,
  "total_volume_sum_450": 65.3779519200325,
  "total_volume_mean_450": 70.75409679114819,
  "total_volume_std_450": 92.85300356149673,
  "volume_imbalance_sum_450": 56.00220200419426,
  "volume_imbalance_mean_450": 113.9972851574421,
  "volume_imbalance_std_450": 50.227180391550064,
  "wap1_sum_300": 74.82848556339741,
  "wap1_mean_300": 37.82333904504776,
  "wap1_std_300": 134.39179810881615,
  "wap2_sum_300": 36.99264794588089,
  "wap2_mean_300": 42.852558732032776,
  "wap2_std_300": 99.71949796378613,
  "log_return1_sum_300": 94.97547954320908,
  "log_return1_realized_volatility_300": 15371.978254064918,
  "log_return1_mean_300": 86.41673521697521,
  "log_return1_std_300": 531.4921645969152,
  "log_return2_sum_300": 71.77862249314785,
  "log_return2_realized_volatility_300": 1479.713795274496,
  "log_return2_mean_300": 80.17424918711185,
  "log_return2_std_300": 162.0567836612463,
  "wap_balance_sum_300": 77.94671282172203,
  "wap_balance_mean_300": 511.5524419248104,
  "wap_balance_std_300": 79.00436009466648,
  "price_spread_sum_300": 671.7998965084553,
  "price_spread_mean_300": 963.8107897788286,
  "price_spread_std_300": 77.25087922811508,
  "bid_spread_sum_300": 59.253721073269844,
  "bid_spread_mean_300": 78.92462782561779,
  "bid_spread_std_300": 59.86460915207863,
  "ask_spread_sum_300": 81.34826390445232,
  "ask_spread_mean_300": 80.49286495149136,
  "ask_spread_std_300": 75.63589535653591,
  "total_volume_sum_300": 67.94646918773651,
  "total_volume_mean_300": 65.09305503964424,
  "total_volume_std_300": 53.34846030175686,
  "volume_imbalance_sum_300": 55.187654286623,
  "volume_imbalance_mean_300": 80.3712079077959,
  "volume_imbalance_std_300": 56.218423783779144,
  "wap1_sum_150": 80.01485408842564,
  "wap1_mean_150": 21.376993164420128,
  "wap1_std_150": 76.59522822499275,
  "wap2_sum_150": 39.70466570556164,
  "wap2_mean_150": 43.114553064107895,
  "wap2_std_150": 60.80506904423237,
  "log_return1_sum_150": 58.45813874900341,
  "log_return1_realized_volatility_150": 183013.70094060898,
  "log_return1_mean_150": 49.96539504826069,
  "log_return1_std_150": 355.9410492181778,
  "log_return2_sum_150": 79.67867885529995,
  "log_return2_realized_volatility_150": 6717.431095615029,
  "log_return2_mean_150": 59.65720325708389,
  "log_return2_std_150": 222.97081695497036,
  "wap_balance_sum_150": 691.9748614132404,
  "wap_balance_mean_150": 63.58587083220482,
  "wap_balance_std_150": 84.64775031805038,
  "price_spread_sum_150": 337.96905410289764,
  "price_spread_mean_150": 1687.0526842474937,
  "price_spread_std_150": 96.06980131566525,
  "bid_spread_sum_150": 68.79621717333794,
  "bid_spread_mean_150": 58.97564485669136,
  "bid_spread_std_150": 71.3349689990282,
  "ask_spread_sum_150": 57.0899892449379,
  "ask_spread_mean_150": 153.192508533597,
  "ask_spread_std_150": 79.29143945872784,
  "total_volume_sum_150": 112.76007209718227,
  "total_volume_mean_150": 61.67863482236862,
  "total_volume_std_150": 206.3113882690668,
  "volume_imbalance_sum_150": 36.686633199453354,
  "volume_imbalance_mean_150": 244.20786121487617,
  "volume_imbalance_std_150": 160.8506386578083,
  "trade_log_return_realized_volatility": 1153.2897254526615,
  "trade_seconds_in_bucket_count_unique": 208.18641832470894,
  "trade_size_sum": 117.81312361359596,
  "trade_order_count_mean": 283.48649513721466,
  "trade_log_return_realized_volatility_450": 1246.9558693915606,
  "trade_seconds_in_bucket_count_unique_450": 241.42088325321674,
  "trade_size_sum_450": 126.32201525568962,
  "trade_order_count_mean_450": 224.28798015415668,
  "trade_log_return_realized_volatility_300": 585.2820665687323,
  "trade_seconds_in_bucket_count_unique_300": 283.4338970929384,
  "trade_size_sum_300": 90.95091931521893,
  "trade_order_count_mean_300": 147.55813913047314,
  "trade_log_return_realized_volatility_150": 305.0418884307146,
  "trade_seconds_in_bucket_count_unique_150": 178.3468108922243,
  "trade_size_sum_150": 158.2647804915905,
  "trade_order_count_mean_150": 122.03343595564365,
  "log_return1_realized_volatility_mean_stock": 304.75658045709133,
  "log_return1_realized_volatility_std_stock": 22.7767753303051,
  "log_return1_realized_volatility_max_stock": 30.91543285548687,
  "log_return1_realized_volatility_min_stock": 107.86793912947178,
  "log_return2_realized_volatility_mean_stock": 77.43505290150642,
  "log_return2_realized_volatility_std_stock": 21.782457172870636,
  "log_return2_realized_volatility_max_stock": 17.260143026709557,
  "log_return2_realized_volatility_min_stock": 83.77526617050171,
  "log_return1_realized_volatility_450_mean_stock": 361.0267939865589,
  "log_return1_realized_volatility_450_std_stock": 10.196781873703003,
  "log_return1_realized_volatility_450_max_stock": 11.936394929885864,
  "log_return1_realized_volatility_450_min_stock": 15.9010479003191,
  "log_return2_realized_volatility_450_mean_stock": 169.05651378631592,
  "log_return2_realized_volatility_450_std_stock": 10.066908061504364,
  "log_return2_realized_volatility_450_max_stock": 9.139182955026627,
  "log_return2_realized_volatility_450_min_stock": 10.592542976140976,
  "log_return1_realized_volatility_300_mean_stock": 392.71002581715584,
  "log_return1_realized_volatility_300_std_stock": 17.150941252708435,
  "log_return1_realized_volatility_300_max_stock": 7.954659998416901,
  "log_return1_realized_volatility_300_min_stock": 11.583192020654678,
  "log_return2_realized_volatility_300_mean_stock": 20.757637172937393,