{
  "stock_id": 10985.155477240682,
  "wap1_sum": 122.21192379295826,
  "wap1_mean": 95.01441317796707,
  "wap1_std": 103.75838907808065,
  "wap2_sum": 81.36668257415295,
  "wap2_mean": 75.40083299577236,
  "wap2_std": 107.86731645464897,
  "log_return1_sum": 77.71362355351448,
  "log_return1_realized_volatility": 120724.74544067681,
  "log_return1_mean": 95.42158655822277,
  "log_return1_std": 483.09921695291996,
  "log_return2_sum": 93.59897351264954,
  "log_return2_realized_volatility": 16948.98176458478,
  "log_return2_mean": 94.53458985686302,
  "log_return2_std": 74.37143908441067,
  "wap_balance_sum": 469.29640842974186,
  "wap_balance_mean": 178.73993235826492,
  "wap_balance_std": 136.29463087022305,
  "price_spread_sum": 1064.642999008298,
  "price_spread_mean": 933.7613117098808,
  "price_spread_std": 193.4316561818123,
  "bid_spread_sum": 73.88499708473682,
  "bid_spread_mean": 1375.83670181036,
  "bid_spread_std": 117.40834811329842,
  "ask_spread_sum": 74.76044481992722,
  "ask_spread_mean": 1401.218773663044,
  "ask_spread_std": 88.317317917943,
  "total_volume_sum": 118.30476634204388,
  "total_volume_mean": 433.96747244894505,
  "total_volume_std": 96.74894495308399,
  "volume_imbalance_sum": 57.10676030814648,
  "volume_imbalance_mean": 668.7531730532646,
  "volume_imbalance_std": 178.91016079485416,
  "wap1_sum_450": 85.97430722415447,
  "wap1_mean_450": 88.19551639258862,
  "wap1_std_450": 252.0109978467226,
  "wap2_sum_450": 61.307660445570946,
  "wap2_mean_450": 122.95122615993023,
  "wap2_std_450": 311.8036458492279,
  "log_return1_sum_450": 92.42283362150192,
  "log_return1_realized_volatility_450": 918.0351141095161,
  "log_return1_mean_450": 90.58667677640915,
  "log_return1_std_450": 222.90548513829708,
  "log_return2_sum_450": 102.18536801636219,
  "log_return2_realized_volatility_450": 2156.66193844378,
  "log_return2_mean_450": 107.14241790771484,
  "log_return2_std_450": 93.50030565261841,
  "wap_balance_sum_450": 156.9735832363367,
  "wap_balance_mean_450": 148.33731254935265,
  "wap_balance_std_450": 96.4088592082262,
  "price_spread_sum_450": 443.5377782136202,
  "price_spread_mean_450": 750.5503472238779,
  "price_spread_std_450": 117.1666617244482,
  "bid_spread_sum_450": 111.3955238610506,
  "bid_spread_mean_450": 77.04600857198238,
  "bid_spread_std_450": 89.23818184435368,
  "ask_spread_sum_450": 76.4392812103033,
  "ask_spread_mean_450": 1468.0713514983654,
  "ask_spread_std_450": 91.83862228691578,
  "total_volume_sum_450": 210.35597029328346,
  "total_volume_mean_450": 147.83806456625462,
  "total_volume_std_450": 101.99201142787933,
  "volume_imbalance_sum_450": 59.84753328561783,
  "volume_imbalance_mean_450": 62.797374948859215,
  "volume_imbalance_std_450": 59.64639264345169,
  "wap1_sum_300": 91.92163129150867,
  "wap1_mean_300": 104.52772112190723,
  "wap1_std_300": 147.02542681992054,
  "wap2_sum_300": 47.83598829805851,
  "wap2_mean_300": 49.919613897800446,
  "wap2_std_300": 119.19018566608429,
  "log_return1_sum_300": 77.80639763176441,
  "log_return1_realized_volatility_300": 9430.248840019107,
  "log_return1_mean_300": 90.14118830859661,
  "log_return1_std_300": 267.34761387109756,
  "log_return2_sum_300": 86.41733267903328,
  "log_return2_realized_volatility_300": 2524.7204040288925,
  "log_return2_mean_300": 121.68227589130402,
  "log_return2_std_300": 173.73890720307827,
  "wap_balance_sum_300": 168.63690242171288,
  "wap_balance_mean_300": 361.7566425949335,
  "wap_balance_std_300": 117.18211415410042,
  "price_spread_sum_300": 862.3318218886852,
  "price_spread_mean_300": 748.7243396937847,
  "price_spread_std_300": 82.98812802135944,
  "bid_spread_sum_300": 78.70167633891106,
  "bid_spread_mean_300": 107.7945422232151,
  "bid_spread_std_300": 75.18360288441181,
  "ask_spread_sum_300": 53.93243610858917,
  "ask_spread_mean_300": 94.20682933926582,
  "ask_spread_std_300": 89.44653379917145,
  "total_volume_sum_300": 74.86441907286644,
  "total_volume_mean_300": 155.89385253190994,
  "total_volume_std_300": 76.74824841320515,
  "volume_imbalance_sum_300": 50.40946310758591,
  "volume_imbalance_mean_300": 82.08689703047276,
  "volume_imbalance_std_300": 62.28448176383972,
  "wap1_sum_150": 92.61790959537029,
  "wap1_mean_150": 53.24862892925739,
  "wap1_std_150": 61.965279683470726,
  "wap2_sum_150": 60.40104207396507,
  "wap2_mean_150": 49.705526903271675,
  "wap2_std_150": 130.69157978892326,
  "log_return1_sum_150": 81.69365267455578,
  "log_return1_realized_volatility_150": 254050.03318351507,
  "log_return1_mean_150": 81.34938102960587,
  "log_return1_std_150": 338.67631293833256,
  "log_return2_sum_150": 73.73466117680073,
  "log_return2_realized_volatility_150": 4798.578286290169,
  "log_return2_mean_150": 67.2612578868866,
  "log_return2_std_150": 137.86536848545074,
  "wap_balance_sum_150": 291.5841249972582,
  "wap_balance_mean_150": 142.81434923410416,
  "wap_balance_std_150": 68.36081971228123,
  "price_spread_sum_150": 254.11347164213657,
  "price_spread_mean_150": 809.896701797843,
  "price_spread_std_150": 100.38997004926205,
  "bid_spread_sum_150": 63.51960404217243,
  "bid_spread_mean_150": 81.55365301668644,
  "bid_spread_std_150": 101.88361638784409,
  "ask_spread_sum_150": 81.35586370527744,
  "ask_spread_mean_150": 110.00482840836048,
  "ask_spread_std_150": 63.79051898419857,
  "total_volume_sum_150": 91.16240736842155,
  "total_volume_mean_150": 103.74102532863617,
  "total_volume_std_150": 91.11074559390545,
  "volume_imbalance_sum_150": 54.29260715842247,
  "volume_imbalance_mean_150": 84.88606382906437,
  "volume_imbalance_std_150": 99.33299158513546,
  "trade_log_return_realized_volatility": 1335.057208508253,
  "trade_seconds_in_bucket_count_unique": 373.4751563221216,
  "trade_size_sum": 93.72190791368484,
  "trade_order_count_mean": 297.54441526532173,
  "trade_log_return_realized_volatility_450": 1026.3375145196915,
  "trade_seconds_in_bucket_count_unique_450": 282.830603197217,
  "trade_size_sum_450": 112.29581095278263,
  "trade_order_count_mean_450": 196.3916987925768,
  "trade_log_return_realized_volatility_300": 316.7725799828768,
  "trade_seconds_in_bucket_count_unique_300": 265.14194275438786,
  "trade_size_sum_300": 98.01845210790634,
  "trade_order_count_mean_300": 134.8305465877056,
  "trade_log_return_realized_volatility_150": 288.83662120997906,
  "trade_seconds_in_bucket_count_unique_150": 258.99182084202766,
  "trade_size_sum_150": 104.36233705282211,
  "trade_order_count_mean_150": 186.0694864988327,
  "log_return1_realized_volatility_mean_stock": 424.2145096361637,
  "log_return1_realized_volatility_std_stock": 51.62957897782326,
  "log_return1_realized_volatility_max_stock": 17.135490715503693,
  "log_return1_realized_volatility_min_stock": 41.91258962452412,
  "log_return2_realized_volatility_mean_stock": 114.81589204072952,
  "log_return2_realized_volatility_std_stock": 53.16362212598324,
  "log_return2_realized_volatility_max_stock": 17.220764994621277,
  "log_return2_realized_volatility_min_stock": 86.56924468278885,
  "log_return1_realized_volatility_450_mean_stock": 612.552733540535,
  "log_return1_realized_volatility_450_std_stock": 19.69668497145176,
  "log_return1_realized_volatility_450_max_stock": 14.56125296652317,
  "log_return1_realized_volatility_450_min_stock": 30.238740891218185,
  "log_return2_realized_volatility_450_mean_stock": 160.21741300821304,
  "log_return2_realized_volatility_450_std_stock": 39.05177569389343,
  "log_return2_realized_volatility_450_max_stock": 18.005503073334694,
  "log_return2_realized_volatility_450_min_stock": 34.89829571545124,
  "log_return1_realized_volatility_300_mean_stock": 244.26717552542686,
  "log_return1_realized_volatility_300_std_stock": 26.475583255290985,
  "log_return1_realized_volatility_300_max_stock": 16.580070078372955,
  "log_return1_realized_volatility_300_min_stock": 31.929710894823074,
  "log_return2_realized_volatility_300_mean_stock": 39.342433750629425,