{
  "stock_id": 9301.704049810767,
  "wap1_sum": 117.84980128705502,
  "wap1_mean": 74.60377888381481,
  "wap1_std": 78.70481024682522,
  "wap2_sum": 118.27509029209614,
  "wap2_mean": 74.4570100903511,
  "wap2_std": 111.62821009755135,
  "log_return1_sum": 95.46154694259167,
  "log_return1_realized_volatility": 96299.61945615709,
  "log_return1_mean": 69.60359013080597,
  "log_return1_std": 2420.763967335224,
  "log_return2_sum": 101.38232959806919,
  "log_return2_realized_volatility": 18937.0358761698,
  "log_return2_mean": 75.51558196544647,
  "log_return2_std": 112.7902163118124,
  "wap_balance_sum": 414.09208147227764,
  "wap_balance_mean": 175.96749521791935,
  "wap_balance_std": 124.4053432494402,
  "price_spread_sum": 1236.4417596906424,
  "price_spread_mean": 1124.8858816623688,
  "price_spread_std": 157.53692291676998,
  "bid_spread_sum": 80.86244301497936,
  "bid_spread_mean": 1328.5603611916304,
  "bid_spread_std": 106.33837704360485,
  "ask_spread_sum": 57.12900997698307,
  "ask_spread_mean": 376.5352496355772,
  "ask_spread_std": 80.85074239969254,
  "total_volume_sum": 282.4319301843643,
  "total_volume_mean": 266.6088248491287,
  "total_volume_std": 288.6825644671917,
  "volume_imbalance_sum": 54.05769209563732,
  "volume_imbalance_mean": 1278.3134827911854,
  "volume_imbalance_std": 237.05053459107876,
  "wap1_sum_450": 110.02087125182152,
  "wap1_mean_450": 51.52722992002964,
  "wap1_std_450": 172.5047707259655,
  "wap2_sum_450": 95.77361565828323,
  "wap2_mean_450": 90.11608695983887,
  "wap2_std_450": 315.6098685711622,
  "log_return1_sum_450": 73.76372015476227,
  "log_return1_realized_volatility_450": 1308.683337315917,
  "log_return1_mean_450": 95.57160696387291,
  "log_return1_std_450": 451.1764198541641,
  "log_return2_sum_450": 96.6321632117033,
  "log_return2_realized_volatility_450": 9508.496100723743,
  "log_return2_mean_450": 74.6556017845869,
  "log_return2_std_450": 120.01088182628155,
  "wap_balance_sum_450": 142.50463040173054,
  "wap_balance_mean_450": 157.3855645507574,
  "wap_balance_std_450": 97.01905260980129,
  "price_spread_sum_450": 401.6665890365839,
  "price_spread_mean_450": 794.9924621284008,
  "price_spread_std_450": 89.96039088070393,
  "bid_spread_sum_450": 65.99110817909241,
  "bid_spread_mean_450": 96.64033915102482,
  "bid_spread_std_450": 99.09480875730515,
  "ask_spread_sum_450": 52.17136898636818,
  "ask_spread_mean_450": 1078.0555849820375,
  "ask_spread_std_450": 76.44030125439167,
  "total_volume_sum_450": 157.72068183124065,
  "total_volume_mean_450": 97.432872235775,
  "total_volume_std_450": 91.11974531412125,
  "volume_imbalance_sum_450": 60.200452998280525,
  "volume_imbalance_mean_450": 66.16975289583206,
  "volume_imbalance_std_450": 60.9177974909544,
  "wap1_sum_300": 87.93390808999538,
  "wap1_mean_300": 59.013104259967804,
  "wap1_std_300": 111.47919161617756,
  "wap2_sum_300": 91.15444241464138,
  "wap2_mean_300": 68.32823392748833,
  "wap2_std_300": 101.98011869192123,
  "log_return1_sum_300": 79.30973690748215,
  "log_return1_realized_volatility_300": 22788.285087883472,
  "log_return1_mean_300": 95.3891522437334,
  "log_return1_std_300": 646.0009907335043,
  "log_return2_sum_300": 74.10482773184776,
  "log_return2_realized_volatility_300": 2698.071473017335,
  "log_return2_mean_300": 88.94554045796394,
  "log_return2_std_300": 128.8987512141466,
  "wap_balance_sum_300": 212.7435666024685,
  "wap_balance_mean_300": 97.3444232493639,
  "wap_balance_std_300": 105.57984684407711,
  "price_spread_sum_300": 1037.979726612568,
  "price_spread_mean_300": 889.6179265677929,
  "price_spread_std_300": 82.29361301660538,
  "bid_spread_sum_300": 50.367455810308456,
  "bid_spread_mean_300": 68.06568002700806,
  "bid_spread_std_300": 63.89088931679726,
  "ask_spread_sum_300": 76.52951389551163,
  "ask_spread_mean_300": 109.31873443722725,
  "ask_spread_std_300": 70.43064220249653,
  "total_volume_sum_300": 79.75513933598995,
  "total_volume_mean_300": 267.55267837643623,
  "total_volume_std_300": 80.16624464094639,
  "volume_imbalance_sum_300": 53.064264833927155,
  "volume_imbalance_mean_300": 59.19272884726524,
  "volume_imbalance_std_300": 59.02247682213783,
  "wap1_sum_150": 68.39585404098034,
  "wap1_mean_150": 63.01244539022446,
  "wap1_std_150": 66.32596492767334,
  "wap2_sum_150": 65.1711478382349,
  "wap2_mean_150": 36.72944985330105,
  "wap2_std_150": 109.0080745369196,
  "log_return1_sum_150": 90.50447598099709,
  "log_return1_realized_volatility_150": 251227.11857397854,
  "log_return1_mean_150": 78.53648775815964,
  "log_return1_std_150": 415.2463648766279,
  "log_return2_sum_150": 78.86706081032753,
  "log_return2_realized_volatility_150": 8940.30578827858,
  "log_return2_mean_150": 53.06536313891411,
  "log_return2_std_150": 90.27025316655636,
  "wap_balance_sum_150": 368.2257539629936,
  "wap_balance_mean_150": 395.0330733656883,
  "wap_balance_std_150": 73.85155911743641,
  "price_spread_sum_150": 423.49704149365425,
  "price_spread_mean_150": 937.0419657826424,
  "price_spread_std_150": 97.05976094305515,
  "bid_spread_sum_150": 59.52657215297222,
  "bid_spread_mean_150": 80.68065606057644,
  "bid_spread_std_150": 88.71174243092537,
  "ask_spread_sum_150": 81.33624570071697,
  "ask_spread_mean_150": 65.35367402434349,
  "ask_spread_std_150": 60.22437401115894,
  "total_volume_sum_150": 118.68557760119438,
  "total_volume_mean_150": 94.50179252028465,
  "total_volume_std_150": 74.85339391231537,
  "volume_imbalance_sum_150": 103.51985791325569,
  "volume_imbalance_mean_150": 354.34258602559566,
  "volume_imbalance_std_150": 86.08520632982254,
  "trade_log_return_realized_volatility": 3092.929455637932,
  "trade_seconds_in_bucket_count_unique": 390.0438137501478,
  "trade_size_sum": 127.43364503979683,
  "trade_order_count_mean": 283.87795569747686,
  "trade_log_return_realized_volatility_450": 1014.9114800691605,
  "trade_seconds_in_bucket_count_unique_450": 302.5733449906111,
  "trade_size_sum_450": 136.0258337855339,
  "trade_order_count_mean_450": 177.84428189694881,
  "trade_log_return_realized_volatility_300": 793.6291670650244,
  "trade_seconds_in_bucket_count_unique_300": 225.99884018301964,
  "trade_size_sum_300": 151.55340199172497,
  "trade_order_count_mean_300": 147.61713797599077,
  "trade_log_return_realized_volatility_150": 216.82261382043362,
  "trade_seconds_in_bucket_count_unique_150": 148.8604365736246,
  "trade_size_sum_150": 106.32263524830341,
  "trade_order_count_mean_150": 172.9407479763031,
  "log_return1_realized_volatility_mean_stock": 513.801277667284,
  "log_return1_realized_volatility_std_stock": 52.9469530582428,
  "log_return1_realized_volatility_max_stock": 17.636730030179024,
  "log_return1_realized_volatility_min_stock": 106.21972990036011,
  "log_return2_realized_volatility_mean_stock": 117.90716791152954,
  "log_return2_realized_volatility_std_stock": 67.72703619301319,
  "log_return2_realized_volatility_max_stock": 27.924172073602676,
  "log_return2_realized_volatility_min_stock": 45.2310356348753,
  "log_return1_realized_volatility_450_mean_stock": 886.8946302831173,
  "log_return1_realized_volatility_450_std_stock": 32.535972878336906,
  "log_return1_realized_volatility_450_max_stock": 19.57567885518074,
  "log_return1_realized_volatility_450_min_stock": 20.839740857481956,
  "log_return2_realized_volatility_450_mean_stock": 143.681720033288,
  "log_return2_realized_volatility_450_std_stock": 35.08252081274986,
  "log_return2_realized_volatility_450_max_stock": 17.28949511051178,
  "log_return2_realized_volatility_450_min_stock": 20.795682847499847,
  "log_return1_realized_volatility_300_mean_stock": 325.0558573156595,
  "log_return1_realized_volatility_300_std_stock": 12.047799974679947,
  "log_return1_realized_volatility_300_max_stock": 16.899129033088684,
  "log_return1_realized_volatility_300_min_stock": 49.860488906502724,
  "log_return2_realized_volatility_300_mean_stock": 229.1441365033388,