{
  "stock_id": 14190.946215391159,
  "wap1_sum": 118.67614714801311,
  "wap1_mean": 73.6982454508543,
  "wap1_std": 73.44821473956108,
  "wap2_sum": 95.07184778153896,
  "wap2_mean": 45.8813785687089,
  "wap2_std": 81.40761117637157,
  "log_return1_sum": 114.63627825677395,
  "log_return1_realized_volatility": 200584.43544825166,
  "log_return1_mean": 48.65440498292446,
  "log_return1_std": 271.79031067341566,
  "log_return2_sum": 106.26588520407677,
  "log_return2_realized_volatility": 14052.130403481424,
  "log_return2_mean": 47.745762303471565,
  "log_return2_std": 80.84158823639154,
  "wap_balance_sum": 214.63129848241806,
  "wap_balance_mean": 77.0439050719142,
  "wap_balance_std": 93.62015759199858,
  "price_spread_sum": 686.3558907806873,
  "price_spread_mean": 1236.483336418867,
  "price_spread_std": 200.4431501030922,
  "bid_spread_sum": 63.16533377021551,
  "bid_spread_mean": 61.485933139920235,
  "bid_spread_std": 101.99808037281036,
  "ask_spread_sum": 50.819459326565266,
  "ask_spread_mean": 57.711359813809395,
  "ask_spread_std": 74.97501451522112,
  "total_volume_sum": 267.5714297145605,
  "total_volume_mean": 193.2082018852234,
  "total_volume_std": 304.0593095868826,
  "volume_imbalance_sum": 43.991447895765305,
  "volume_imbalance_mean": 1283.7665409073234,
  "volume_imbalance_std": 56.47168745845556,
  "wap1_sum_450": 65.57616277784109,
  "wap1_mean_450": 71.4399338439107,
  "wap1_std_450": 144.3620876595378,
  "wap2_sum_450": 41.278778828680515,
  "wap2_mean_450": 95.8176075220108,
  "wap2_std_450": 176.26525236666203,
  "log_return1_sum_450": 79.88048399239779,
  "log_return1_realized_volatility_450": 745.7184130102396,
  "log_return1_mean_450": 72.81651417911053,
  "log_return1_std_450": 849.1646315902472,
  "log_return2_sum_450": 70.75266441702843,
  "log_return2_realized_volatility_450": 7192.116407878697,
  "log_return2_mean_450": 66.25970692932606,
  "log_return2_std_450": 328.987943097949,
  "wap_balance_sum_450": 99.36008010804653,
  "wap_balance_mean_450": 96.99915885180235,
  "wap_balance_std_450": 69.64147704839706,
  "price_spread_sum_450": 380.21794232726097,
  "price_spread_mean_450": 277.4002639874816,
  "price_spread_std_450": 60.048892706632614,
  "bid_spread_sum_450": 54.124447003006935,
  "bid_spread_mean_450": 470.57595755904913,
  "bid_spread_std_450": 81.98003879189491,
  "ask_spread_sum_450": 61.24265296757221,
  "ask_spread_mean_450": 835.9258449971676,
  "ask_spread_std_450": 70.14764757454395,
  "total_volume_sum_450": 65.80435852706432,
  "total_volume_mean_450": 57.12869758158922,
  "total_volume_std_450": 79.8573458045721,
  "volume_imbalance_sum_450": 48.69202260673046,
  "volume_imbalance_mean_450": 58.430515952408314,
  "volume_imbalance_std_450": 48.295655220746994,
  "wap1_sum_300": 79.65895041823387,
  "wap1_mean_300": 24.306349098682404,
  "wap1_std_300": 130.23185278475285,
  "wap2_sum_300": 16.68548595905304,
  "wap2_mean_300": 25.04147094488144,
  "wap2_std_300": 114.54117616266012,
  "log_return1_sum_300": 71.25842424482107,
  "log_return1_realized_volatility_300": 13276.82083850354,
  "log_return1_mean_300": 72.06317776441574,
  "log_return1_std_300": 608.2418301999569,
  "log_return2_sum_300": 53.47437248378992,
  "log_return2_realized_volatility_300": 3755.128653034568,
  "log_return2_mean_300": 62.753284618258476,
  "log_return2_std_300": 73.51773152500391,
  "wap_balance_sum_300": 116.10551320016384,
  "wap_balance_mean_300": 404.04134634137154,
  "wap_balance_std_300": 65.6668696552515,
  "price_spread_sum_300": 1256.4322426617146,
  "price_spread_mean_300": 1165.0103667378426,
  "price_spread_std_300": 93.80689668655396,
  "bid_spread_sum_300": 53.443964801728725,
  "bid_spread_mean_300": 48.11417907476425,
  "bid_spread_std_300": 66.29713343083858,
  "ask_spread_sum_300": 48.98393802344799,
  "ask_spread_mean_300": 64.53974892944098,
  "ask_spread_std_300": 47.08288325369358,
  "total_volume_sum_300": 51.768785044550896,
  "total_volume_mean_300": 40.87685790657997,
  "total_volume_std_300": 93.56405299901962,
  "volume_imbalance_sum_300": 31.64460289478302,
  "volume_imbalance_mean_300": 53.12233179807663,
  "volume_imbalance_std_300": 49.27771073579788,
  "wap1_sum_150": 58.33142799139023,
  "wap1_mean_150": 24.820856019854546,
  "wap1_std_150": 97.28077770769596,
  "wap2_sum_150": 46.4475466683507,
  "wap2_mean_150": 39.02694109082222,
  "wap2_std_150": 49.42013110220432,
  "log_return1_sum_150": 92.41084264218807,
  "log_return1_realized_volatility_150": 169712.33090764284,
  "log_return1_mean_150": 53.20450024306774,
  "log_return1_std_150": 726.9038038551807,
  "log_return2_sum_150": 63.17677612602711,
  "log_return2_realized_volatility_150": 8799.86684793979,
  "log_return2_mean_150": 63.71235168725252,
  "log_return2_std_150": 321.1616078466177,
  "wap_balance_sum_150": 375.366518676281,
  "wap_balance_mean_150": 220.11464914679527,
  "wap_balance_std_150": 71.9251169115305,
  "price_spread_sum_150": 173.8656670153141,
  "price_spread_mean_150": 1800.650092586875,
  "price_spread_std_150": 72.67690908163786,
  "bid_spread_sum_150": 58.12082788348198,
  "bid_spread_mean_150": 61.591815024614334,
  "bid_spread_std_150": 50.771647684276104,
  "ask_spread_sum_150": 54.335545882582664,
  "ask_spread_mean_150": 47.21657295525074,
  "ask_spread_std_150": 57.56719021499157,
  "total_volume_sum_150": 56.874236196279526,
  "total_volume_mean_150": 45.34498796612024,
  "total_volume_std_150": 139.99865080416203,
  "volume_imbalance_sum_150": 29.37398399412632,
  "volume_imbalance_mean_150": 211.67592952400446,
  "volume_imbalance_std_150": 191.65278727561235,
  "trade_log_return_realized_volatility": 2598.6683159545064,
  "trade_seconds_in_bucket_count_unique": 175.4583543613553,
  "trade_size_sum": 90.08457290381193,
  "trade_order_count_mean": 122.30354408174753,
  "trade_log_return_realized_volatility_450": 1571.8885143399239,
  "trade_seconds_in_bucket_count_unique_450": 252.47810851037502,
  "trade_size_sum_450": 118.86066821217537,
  "trade_order_count_mean_450": 144.87741885334253,
  "trade_log_return_realized_volatility_300": 221.23606941848993,
  "trade_seconds_in_bucket_count_unique_300": 113.06431279331446,
  "trade_size_sum_300": 93.10852977633476,
  "trade_order_count_mean_300": 114.26733359694481,
  "trade_log_return_realized_volatility_150": 422.48292012512684,
  "trade_seconds_in_bucket_count_unique_150": 172.15332514047623,
  "trade_size_sum_150": 95.66300378739834,
  "trade_order_count_mean_150": 104.96223562955856,
  "log_return1_realized_volatility_mean_stock": 724.1091211438179,
  "log_return1_realized_volatility_std_stock": 11.875789016485214,
  "log_return1_realized_volatility_max_stock": 7.108882024884224,
  "log_return1_realized_volatility_min_stock": 332.8196195065975,
  "log_return2_realized_volatility_mean_stock": 131.26304256916046,
  "log_return2_realized_volatility_std_stock": 33.463457971811295,
  "log_return2_realized_volatility_max_stock": 8.663013100624084,
  "log_return2_realized_volatility_min_stock": 16.850254997611046,
  "log_return1_realized_volatility_450_mean_stock": 1313.667534172535,
  "log_return1_realized_volatility_450_std_stock": 17.515528857707977,
  "log_return1_realized_volatility_450_max_stock": 10.40049895644188,
  "log_return1_realized_volatility_450_min_stock": 15.988207072019577,
  "log_return2_realized_volatility_450_mean_stock": 17.865958139300346,
  "log_return2_realized_volatility_450_std_stock": 38.90405401587486,
  "log_return2_realized_volatility_450_max_stock": 29.07848811149597,
  "log_return2_realized_volatility_450_min_stock": 8.086335957050323,
  "log_return1_realized_volatility_300_mean_stock": 206.95089095830917,
  "log_return1_realized_volatility_300_std_stock": 12.76322290301323,
  "log_return1_realized_volatility_300_max_stock": 12.07235200703144,
  "log_return1_realized_volatility_300_min_stock": 10.327027976512909,
  "log_return2_realized_volatility_300_mean_stock": 13.284542083740234,