{
  "stock_id": 10016.454940058291,
  "wap1_sum": 143.6628439873457,
  "wap1_mean": 84.5190839767456,
  "wap1_std": 79.047213986516,
  "wap2_sum": 105.4955882653594,
  "wap2_mean": 73.30131167173386,
  "wap2_std": 95.93728314340115,
  "log_return1_sum": 99.50781561434269,
  "log_return1_realized_volatility": 99878.6819146946,
  "log_return1_mean": 91.31773398816586,
  "log_return1_std": 329.4997365772724,
  "log_return2_sum": 118.91468322277069,
  "log_return2_realized_volatility": 23558.35665614903,
  "log_return2_mean": 92.93956781923771,
  "log_return2_std": 93.92892462015152,
  "wap_balance_sum": 541.5020248889923,
  "wap_balance_mean": 141.4232558608055,
  "wap_balance_std": 145.57630996406078,
  "price_spread_sum": 1316.2209320366383,
  "price_spread_mean": 1216.9039350301027,
  "price_spread_std": 179.79160054028034,
  "bid_spread_sum": 89.31223802268505,
  "bid_spread_mean": 1378.4561577886343,
  "bid_spread_std": 110.71244841814041,
  "ask_spread_sum": 83.4524239897728,
  "ask_spread_mean": 985.0814558118582,
  "ask_spread_std": 110.93103088438511,
  "total_volume_sum": 259.8069019019604,
  "total_volume_mean": 365.5048630088568,
  "total_volume_std": 245.70420463383198,
  "volume_imbalance_sum": 68.46938505768776,
  "volume_imbalance_mean": 748.9025321006775,
  "volume_imbalance_std": 98.56901781260967,
  "wap1_sum_450": 142.95176205039024,
  "wap1_mean_450": 95.45311668515205,
  "wap1_std_450": 287.1114984229207,
  "wap2_sum_450": 73.64987310767174,
  "wap2_mean_450": 120.46366715431213,
  "wap2_std_450": 320.04196548461914,
  "log_return1_sum_450": 97.4518638625741,
  "log_return1_realized_volatility_450": 1206.6003226041794,
  "log_return1_mean_450": 124.90519990026951,
  "log_return1_std_450": 281.09300070255995,
  "log_return2_sum_450": 118.39835485816002,
  "log_return2_realized_volatility_450": 9641.264480173588,
  "log_return2_mean_450": 90.49021878838539,
  "log_return2_std_450": 120.59454248845577,
  "wap_balance_sum_450": 261.0526053458452,
  "wap_balance_mean_450": 93.1462542116642,
  "wap_balance_std_450": 123.614752009511,
  "price_spread_sum_450": 334.0758382230997,
  "price_spread_mean_450": 641.9298096895218,
  "price_spread_std_450": 121.3403545320034,
  "bid_spread_sum_450": 83.22513981163502,
  "bid_spread_mean_450": 87.35577388107777,
  "bid_spread_std_450": 111.73803777992725,
  "ask_spread_sum_450": 91.64850813150406,
  "ask_spread_mean_450": 903.4733324125409,
  "ask_spread_std_450": 88.74140509963036,
  "total_volume_sum_450": 120.2479427754879,
  "total_volume_mean_450": 150.55455742776394,
  "total_volume_std_450": 103.23195011913776,
  "volume_imbalance_sum_450": 65.88620285689831,
  "volume_imbalance_mean_450": 86.2580528408289,
  "volume_imbalance_std_450": 84.88353238254786,
  "wap1_sum_300": 96.43477299809456,
  "wap1_mean_300": 67.85929768532515,
  "wap1_std_300": 116.45685992389917,
  "wap2_sum_300": 76.31066547334194,
  "wap2_mean_300": 61.67527496814728,
  "wap2_std_300": 161.66672898828983,
  "log_return1_sum_300": 87.2921539247036,
  "log_return1_realized_volatility_300": 24611.281944543123,
  "log_return1_mean_300": 106.08545396476984,
  "log_return1_std_300": 636.7989145368338,
  "log_return2_sum_300": 71.30413770675659,
  "log_return2_realized_volatility_300": 2782.961452662945,
  "log_return2_mean_300": 105.89068458974361,
  "log_return2_std_300": 140.5843746215105,
  "wap_balance_sum_300": 262.9402152597904,
  "wap_balance_mean_300": 383.18616449832916,
  "wap_balance_std_300": 83.6743892133236,
  "price_spread_sum_300": 852.428762704134,
  "price_spread_mean_300": 1216.5225331932306,
  "price_spread_std_300": 89.75826187431812,
  "bid_spread_sum_300": 82.39759434759617,
  "bid_spread_mean_300": 89.05180525779724,
  "bid_spread_std_300": 81.69541537761688,
  "ask_spread_sum_300": 63.4885228574276,
  "ask_spread_mean_300": 95.29187886416912,
  "ask_spread_std_300": 96.55415606498718,
  "total_volume_sum_300": 94.56278157234192,
  "total_volume_mean_300": 122.03757275640965,
  "total_volume_std_300": 123.22241719067097,
  "volume_imbalance_sum_300": 62.80447721481323,
  "volume_imbalance_mean_300": 277.42752781510353,
  "volume_imbalance_std_300": 66.24884009361267,
  "wap1_sum_150": 89.82565669715405,
  "wap1_mean_150": 63.26900698244572,
  "wap1_std_150": 71.20468389987946,
  "wap2_sum_150": 69.62048470973969,
  "wap2_mean_150": 55.559653863310814,
  "wap2_std_150": 148.463488727808,
  "log_return1_sum_150": 94.66454476118088,
  "log_return1_realized_volatility_150": 242757.82512585074,
  "log_return1_mean_150": 106.60025776177645,
  "log_return1_std_150": 291.33519753813744,
  "log_return2_sum_150": 85.72527058422565,
  "log_return2_realized_volatility_150": 6591.692397430539,
  "log_return2_mean_150": 75.20154710114002,
  "log_return2_std_150": 90.38838201761246,
  "wap_balance_sum_150": 346.64260528981686,
  "wap_balance_mean_150": 127.98951725661755,
  "wap_balance_std_150": 91.05574148893356,
  "price_spread_sum_150": 256.06930424273014,
  "price_spread_mean_150": 915.5762876868248,
  "price_spread_std_150": 100.03152595460415,
  "bid_spread_sum_150": 69.26564046740532,
  "bid_spread_mean_150": 77.93139207363129,
  "bid_spread_std_150": 79.61704194545746,
  "ask_spread_sum_150": 71.02293911576271,
  "ask_spread_mean_150": 110.87966014444828,
  "ask_spread_std_150": 84.70733612775803,
  "total_volume_sum_150": 86.686813428998,
  "total_volume_mean_150": 104.89991097897291,
  "total_volume_std_150": 82.72255046665668,
  "volume_imbalance_sum_150": 54.54844708740711,
  "volume_imbalance_mean_150": 253.58188971877098,
  "volume_imbalance_std_150": 72.10344295203686,
  "trade_log_return_realized_volatility": 2546.1245082467794,
  "trade_seconds_in_bucket_count_unique": 421.2826435789466,
  "trade_size_sum": 154.5204284787178,
  "trade_order_count_mean": 318.86367785185575,
  "trade_log_return_realized_volatility_450": 948.2380147129297,
  "trade_seconds_in_bucket_count_unique_450": 252.7916310876608,
  "trade_size_sum_450": 124.55613927543163,
  "trade_order_count_mean_450": 175.09680823981762,
  "trade_log_return_realized_volatility_300": 216.38702650368214,
  "trade_seconds_in_bucket_count_unique_300": 255.426881223917,
  "trade_size_sum_300": 161.26757948100567,
  "trade_order_count_mean_300": 168.91838078200817,
  "trade_log_return_realized_volatility_150": 191.42483747005463,
  "trade_seconds_in_bucket_count_unique_150": 252.21455436944962,
  "trade_size_sum_150": 118.62300650775433,
  "trade_order_count_mean_150": 156.80803398787975,
  "log_return1_realized_volatility_mean_stock": 505.6134831905365,
  "log_return1_realized_volatility_std_stock": 53.73616072535515,
  "log_return1_realized_volatility_max_stock": 25.09550604224205,
  "log_return1_realized_volatility_min_stock": 82.84757287800312,
  "log_return2_realized_volatility_mean_stock": 159.13633933663368,
  "log_return2_realized_volatility_std_stock": 61.94422356784344,
  "log_return2_realized_volatility_max_stock": 30.686383098363876,
  "log_return2_realized_volatility_min_stock": 61.992035925388336,
  "log_return1_realized_volatility_450_mean_stock": 666.374325633049,
  "log_return1_realized_volatility_450_std_stock": 41.55007244646549,
  "log_return1_realized_volatility_450_max_stock": 16.24736501276493,
  "log_return1_realized_volatility_450_min_stock": 36.20650288462639,
  "log_return2_realized_volatility_450_mean_stock": 168.2933365404606,
  "log_return2_realized_volatility_450_std_stock": 46.6781992316246,
  "log_return2_realized_volatility_450_max_stock": 20.890581995248795,
  "log_return2_realized_volatility_450_min_stock": 26.46979622542858,
  "log_return1_realized_volatility_300_mean_stock": 269.607360675931,
  "log_return1_realized_volatility_300_std_stock": 31.247051164507866,
  "log_return1_realized_volatility_300_max_stock": 22.27471996843815,
  "log_return1_realized_volatility_300_min_stock": 96.26728849112988,
  "log_return2_realized_volatility_300_mean_stock": 205.38388846814632,