{
  "stock_id": 9680.094733893871,
  "wap1_sum": 141.19743636250496,
  "wap1_mean": 101.75945390760899,
  "wap1_std": 123.8574413061142,
  "wap2_sum": 99.59090732038021,
  "wap2_mean": 89.040781006217,
  "wap2_std": 112.16521279513836,
  "log_return1_sum": 124.57582116127014,
  "log_return1_realized_volatility": 93639.74081453681,
  "log_return1_mean": 111.0956549346447,
  "log_return1_std": 522.6378581672907,
  "log_return2_sum": 88.41941128671169,
  "log_return2_realized_volatility": 17768.797570809722,
  "log_return2_mean": 111.28969216346741,
  "log_return2_std": 94.63817894458771,
  "wap_balance_sum": 613.4498647600412,
  "wap_balance_mean": 248.29733926057816,
  "wap_balance_std": 133.7477529719472,
  "price_spread_sum": 1491.1586564183235,
  "price_spread_mean": 1178.9262351691723,
  "price_spread_std": 204.57832189649343,
  "bid_spread_sum": 81.60503724217415,
  "bid_spread_mean": 1332.5819967091084,
  "bid_spread_std": 132.14854282140732,
  "ask_spread_sum": 103.18757121264935,
  "ask_spread_mean": 969.6834844201803,
  "ask_spread_std": 119.82865915447474,
  "total_volume_sum": 236.73835349082947,
  "total_volume_mean": 244.81912414729595,
  "total_volume_std": 101.97817698121071,
  "volume_imbalance_sum": 53.74116390943527,
  "volume_imbalance_mean": 1430.5912923067808,
  "volume_imbalance_std": 84.18506622314453,
  "wap1_sum_450": 109.63891278207302,
  "wap1_mean_450": 96.24107745289803,
  "wap1_std_450": 237.72696620225906,
  "wap2_sum_450": 81.1543229073286,
  "wap2_mean_450": 146.37299133837223,
  "wap2_std_450": 224.10629469156265,
  "log_return1_sum_450": 108.28257039189339,
  "log_return1_realized_volatility_450": 1157.2461317032576,
  "log_return1_mean_450": 136.1586091220379,
  "log_return1_std_450": 297.28416857123375,
  "log_return2_sum_450": 105.48891615867615,
  "log_return2_realized_volatility_450": 8778.21020053327,
  "log_return2_mean_450": 106.50997278094292,
  "log_return2_std_450": 140.87951977550983,
  "wap_balance_sum_450": 159.4672947973013,
  "wap_balance_mean_450": 254.90301053225994,
  "wap_balance_std_450": 122.35621663928032,
  "price_spread_sum_450": 484.9692372828722,
  "price_spread_mean_450": 385.0782416909933,
  "price_spread_std_450": 143.1510666012764,
  "bid_spread_sum_450": 87.53234484791756,
  "bid_spread_mean_450": 101.12052102386951,
  "bid_spread_std_450": 159.53155741095543,
  "ask_spread_sum_450": 87.10088613629341,
  "ask_spread_mean_450": 592.1400840580463,
  "ask_spread_std_450": 102.66490556299686,
  "total_volume_sum_450": 107.79519608616829,
  "total_volume_mean_450": 117.39739513397217,
  "total_volume_std_450": 109.91332716494799,
  "volume_imbalance_sum_450": 89.9551179856062,
  "volume_imbalance_mean_450": 96.4038807451725,
  "volume_imbalance_std_450": 82.2375922203064,
  "wap1_sum_300": 100.57189998030663,
  "wap1_mean_300": 64.5557780712843,
  "wap1_std_300": 142.87219923734665,
  "wap2_sum_300": 60.7182402163744,
  "wap2_mean_300": 60.900960713624954,
  "wap2_std_300": 178.95188938081264,
  "log_return1_sum_300": 101.0033819526434,
  "log_return1_realized_volatility_300": 19400.401255503297,
  "log_return1_mean_300": 120.52255567908287,
  "log_return1_std_300": 499.13286374509335,
  "log_return2_sum_300": 82.2737929970026,
  "log_return2_realized_volatility_300": 2145.5359336435795,
  "log_return2_mean_300": 139.92205208539963,
  "log_return2_std_300": 117.86091290414333,
  "wap_balance_sum_300": 286.6519016623497,
  "wap_balance_mean_300": 491.35654328018427,
  "wap_balance_std_300": 111.4258209168911,
  "price_spread_sum_300": 869.1449486464262,
  "price_spread_mean_300": 1618.0091820657253,
  "price_spread_std_300": 92.59101714193821,
  "bid_spread_sum_300": 84.56229108572006,
  "bid_spread_mean_300": 119.41263374686241,
  "bid_spread_std_300": 120.21892976760864,
  "ask_spread_sum_300": 74.48099428415298,
  "ask_spread_mean_300": 118.70395886898041,
  "ask_spread_std_300": 134.55861499905586,
  "total_volume_sum_300": 95.91587883234024,
  "total_volume_mean_300": 99.02627167105675,
  "total_volume_std_300": 100.70982158184052,
  "volume_imbalance_sum_300": 73.77279107272625,
  "volume_imbalance_mean_300": 307.57133953273296,
  "volume_imbalance_std_300": 66.71644188463688,
  "wap1_sum_150": 88.57456483691931,
  "wap1_mean_150": 71.0276268273592,
  "wap1_std_150": 71.85957181453705,
  "wap2_sum_150": 68.52396011352539,
  "wap2_mean_150": 60.92580585181713,
  "wap2_std_150": 115.73526069521904,
  "log_return1_sum_150": 98.96457104384899,
  "log_return1_realized_volatility_150": 236603.82278440893,
  "log_return1_mean_150": 107.14838081598282,
  "log_return1_std_150": 179.2270535081625,
  "log_return2_sum_150": 86.46812501549721,
  "log_return2_realized_volatility_150": 8627.485412046313,
  "log_return2_mean_150": 94.32043473422527,
  "log_return2_std_150": 90.59145636856556,
  "wap_balance_sum_150": 383.9087910205126,
  "wap_balance_mean_150": 148.8495258241892,
  "wap_balance_std_150": 124.44092984497547,
  "price_spread_sum_150": 289.7734611481428,
  "price_spread_mean_150": 583.9716724455357,
  "price_spread_std_150": 118.25182919204235,
  "bid_spread_sum_150": 104.91642002761364,
  "bid_spread_mean_150": 97.20496815443039,
  "bid_spread_std_150": 93.83147257566452,
  "ask_spread_sum_150": 85.27249392867088,
  "ask_spread_mean_150": 98.37165489792824,
  "ask_spread_std_150": 85.4832351654768,
  "total_volume_sum_150": 98.69962793588638,
  "total_volume_mean_150": 136.29588578641415,
  "total_volume_std_150": 109.19602791965008,
  "volume_imbalance_sum_150": 96.41161432862282,
  "volume_imbalance_mean_150": 190.85088708996773,
  "volume_imbalance_std_150": 106.46733681857586,
  "trade_log_return_realized_volatility": 2420.7247948497534,
  "trade_seconds_in_bucket_count_unique": 370.8528562039137,
  "trade_size_sum": 140.45415276288986,
  "trade_order_count_mean": 258.73429857194424,
  "trade_log_return_realized_volatility_450": 898.5667084306479,
  "trade_seconds_in_bucket_count_unique_450": 258.00490491092205,
  "trade_size_sum_450": 141.20848590135574,
  "trade_order_count_mean_450": 239.3304818570614,
  "trade_log_return_realized_volatility_300": 213.16415075957775,
  "trade_seconds_in_bucket_count_unique_300": 322.63070714473724,
  "trade_size_sum_300": 153.95599061250687,
  "trade_order_count_mean_300": 208.22194111347198,
  "trade_log_return_realized_volatility_150": 281.6765093356371,
  "trade_seconds_in_bucket_count_unique_150": 256.3274052962661,
  "trade_size_sum_150": 162.76427736878395,
  "trade_order_count_mean_150": 243.4356706738472,
  "log_return1_realized_volatility_mean_stock": 450.12995609641075,
  "log_return1_realized_volatility_std_stock": 54.04715895652771,
  "log_return1_realized_volatility_max_stock": 24.30979809165001,
  "log_return1_realized_volatility_min_stock": 56.93407163023949,
  "log_return2_realized_volatility_mean_stock": 156.1410743445158,
  "log_return2_realized_volatility_std_stock": 38.60712359845638,
  "log_return2_realized_volatility_max_stock": 33.28922392427921,
  "log_return2_realized_volatility_min_stock": 90.50548197329044,
  "log_return1_realized_volatility_450_mean_stock": 612.0452250689268,
  "log_return1_realized_volatility_450_std_stock": 55.46015866100788,
  "log_return1_realized_volatility_450_max_stock": 22.982175961136818,
  "log_return1_realized_volatility_450_min_stock": 44.703419864177704,
  "log_return2_realized_volatility_450_mean_stock": 142.85646986961365,
  "log_return2_realized_volatility_450_std_stock": 74.38111035525799,
  "log_return2_realized_volatility_450_max_stock": 34.92510408163071,
  "log_return2_realized_volatility_450_min_stock": 22.701838940382004,
  "log_return1_realized_volatility_300_mean_stock": 235.68647579848766,
  "log_return1_realized_volatility_300_std_stock": 35.33186274766922,
  "log_return1_realized_volatility_300_max_stock": 25.450932189822197,
  "log_return1_realized_volatility_300_min_stock": 92.09298598766327,
  "log_return2_realized_volatility_300_mean_stock": 194.40038385987282,