{
  "stock_id": 10143.863340362906,
  "wap1_sum": 118.85493199527264,
  "wap1_mean": 76.41785435378551,
  "wap1_std": 77.29216606914997,
  "wap2_sum": 94.53929936885834,
  "wap2_mean": 76.99217790365219,
  "wap2_std": 82.3119968175888,
  "log_return1_sum": 100.00260159373283,
  "log_return1_realized_volatility": 101617.03751393408,
  "log_return1_mean": 63.45765405893326,
  "log_return1_std": 151.8673339188099,
  "log_return2_sum": 94.0837114751339,
  "log_return2_realized_volatility": 18211.587837427855,
  "log_return2_mean": 70.4070343375206,
  "log_return2_std": 62.62535583972931,
  "wap_balance_sum": 482.1408543586731,
  "wap_balance_mean": 201.58474227786064,
  "wap_balance_std": 83.31399935483932,
  "price_spread_sum": 1280.7328736037016,
  "price_spread_mean": 1115.9615043699741,
  "price_spread_std": 179.48496735095978,
  "bid_spread_sum": 80.30969299376011,
  "bid_spread_mean": 1344.8831289559603,
  "bid_spread_std": 129.8509500324726,
  "ask_spread_sum": 52.875422701239586,
  "ask_spread_mean": 905.7659043073654,
  "ask_spread_std": 91.68284097313881,
  "total_volume_sum": 278.66572181880474,
  "total_volume_mean": 274.814975887537,
  "total_volume_std": 288.26885364949703,
  "volume_imbalance_sum": 39.81615298986435,
  "volume_imbalance_mean": 1008.875070720911,
  "volume_imbalance_std": 213.31620824337006,
  "wap1_sum_450": 86.78849323093891,
  "wap1_mean_450": 64.87395394593477,
  "wap1_std_450": 199.38396525382996,
  "wap2_sum_450": 63.61779593676329,
  "wap2_mean_450": 130.07773685455322,
  "wap2_std_450": 336.25868770480156,
  "log_return1_sum_450": 89.12303286790848,
  "log_return1_realized_volatility_450": 1101.9431117922068,
  "log_return1_mean_450": 79.91673098504543,
  "log_return1_std_450": 252.43756303191185,
  "log_return2_sum_450": 113.45672018826008,
  "log_return2_realized_volatility_450": 9621.68827407062,
  "log_return2_mean_450": 63.80478096008301,
  "log_return2_std_450": 130.53420993685722,
  "wap_balance_sum_450": 126.85626892745495,
  "wap_balance_mean_450": 161.05059465765953,
  "wap_balance_std_450": 113.75780141353607,
  "price_spread_sum_450": 381.16273222118616,
  "price_spread_mean_450": 812.4150906950235,
  "price_spread_std_450": 84.46742007136345,
  "bid_spread_sum_450": 131.5079395622015,
  "bid_spread_mean_450": 86.60254913568497,
  "bid_spread_std_450": 93.48473985493183,
  "ask_spread_sum_450": 77.56047093868256,
  "ask_spread_mean_450": 981.0038896501064,
  "ask_spread_std_450": 63.6392490118742,
  "total_volume_sum_450": 152.0834465622902,
  "total_volume_mean_450": 71.50923313200474,
  "total_volume_std_450": 92.32209697365761,
  "volume_imbalance_sum_450": 58.58846893906593,
  "volume_imbalance_mean_450": 65.21780487895012,
  "volume_imbalance_std_450": 48.180022180080414,
  "wap1_sum_300": 79.29401275515556,
  "wap1_mean_300": 67.59427562355995,
  "wap1_std_300": 106.96628215909004,
  "wap2_sum_300": 68.29659985005856,
  "wap2_mean_300": 56.358593963086605,
  "wap2_std_300": 103.61990988254547,
  "log_return1_sum_300": 76.2641825824976,
  "log_return1_realized_volatility_300": 23020.95263428241,
  "log_return1_mean_300": 97.1923141926527,
  "log_return1_std_300": 728.5525470674038,
  "log_return2_sum_300": 60.59985126554966,
  "log_return2_realized_volatility_300": 3021.3961241692305,
  "log_return2_mean_300": 82.87544703483582,
  "log_return2_std_300": 133.82810965180397,
  "wap_balance_sum_300": 179.33883580565453,
  "wap_balance_mean_300": 92.36843724548817,
  "wap_balance_std_300": 74.84483100473881,
  "price_spread_sum_300": 868.3413954824209,
  "price_spread_mean_300": 843.9221336841583,
  "price_spread_std_300": 78.83766713738441,
  "bid_spread_sum_300": 41.42186813056469,
  "bid_spread_mean_300": 93.92397554218769,
  "bid_spread_std_300": 54.4989775121212,
  "ask_spread_sum_300": 65.50596033036709,
  "ask_spread_mean_300": 91.2335509210825,
  "ask_spread_std_300": 96.99356071650982,
  "total_volume_sum_300": 68.87475219368935,
  "total_volume_mean_300": 121.59375502169132,
  "total_volume_std_300": 133.25055998563766,
  "volume_imbalance_sum_300": 61.29238201677799,
  "volume_imbalance_mean_300": 276.45679987967014,
  "volume_imbalance_std_300": 41.541949063539505,
  "wap1_sum_150": 96.08784145116806,
  "wap1_mean_150": 59.00427573919296,
  "wap1_std_150": 81.27064788341522,
  "wap2_sum_150": 80.4547418653965,
  "wap2_mean_150": 39.5874839425087,
  "wap2_std_150": 90.89992351830006,
  "log_return1_sum_150": 84.86106841266155,
  "log_return1_realized_volatility_150": 252583.3655180782,
  "log_return1_mean_150": 63.115226060152054,
  "log_return1_std_150": 401.82256500422955,
  "log_return2_sum_150": 44.37166991829872,
  "log_return2_realized_volatility_150": 9046.387935772538,
  "log_return2_mean_150": 72.92424234747887,
  "log_return2_std_150": 72.3247700035572,
  "wap_balance_sum_150": 187.91343514621258,
  "wap_balance_mean_150": 345.7136568278074,
  "wap_balance_std_150": 83.93444053828716,
  "price_spread_sum_150": 292.2245184481144,
  "price_spread_mean_150": 802.2918409407139,
  "price_spread_std_150": 87.45520704984665,
  "bid_spread_sum_150": 60.66676792502403,
  "bid_spread_mean_150": 74.53050719201565,
  "bid_spread_std_150": 79.0315807312727,
  "ask_spread_sum_150": 79.03233709931374,
  "ask_spread_mean_150": 59.74675194919109,
  "ask_spread_std_150": 64.63829083740711,
  "total_volume_sum_150": 79.25026886165142,
  "total_volume_mean_150": 84.26930297911167,
  "total_volume_std_150": 55.69009083509445,
  "volume_imbalance_sum_150": 47.38408790528774,
  "volume_imbalance_mean_150": 112.54896256327629,
  "volume_imbalance_std_150": 47.40469178557396,
  "trade_log_return_realized_volatility": 2615.44957716763,
  "trade_seconds_in_bucket_count_unique": 354.47801787406206,
  "trade_size_sum": 126.2696571201086,
  "trade_order_count_mean": 313.5849677026272,
  "trade_log_return_realized_volatility_450": 962.551926150918,
  "trade_seconds_in_bucket_count_unique_450": 306.96440199017525,
  "trade_size_sum_450": 143.9520345032215,
  "trade_order_count_mean_450": 155.82450388371944,
  "trade_log_return_realized_volatility_300": 207.73701231181622,
  "trade_seconds_in_bucket_count_unique_300": 265.9670521169901,
  "trade_size_sum_300": 158.60736726224422,
  "trade_order_count_mean_300": 130.37463707476854,
  "trade_log_return_realized_volatility_150": 332.0491600483656,
  "trade_seconds_in_bucket_count_unique_150": 139.407227486372,
  "trade_size_sum_150": 95.94198995828629,
  "trade_order_count_mean_150": 156.20310270786285,
  "log_return1_realized_volatility_mean_stock": 535.9547222703695,
  "log_return1_realized_volatility_std_stock": 32.39136280119419,
  "log_return1_realized_volatility_max_stock": 20.1089980751276,
  "log_return1_realized_volatility_min_stock": 90.48284369707108,
  "log_return2_realized_volatility_mean_stock": 99.08677276968956,
  "log_return2_realized_volatility_std_stock": 51.16074866056442,
  "log_return2_realized_volatility_max_stock": 23.871059954166412,
  "log_return2_realized_volatility_min_stock": 56.58316633105278,
  "log_return1_realized_volatility_450_mean_stock": 843.2269617021084,
  "log_return1_realized_volatility_450_std_stock": 38.98552645742893,
  "log_return1_realized_volatility_450_max_stock": 19.756589993834496,
  "log_return1_realized_volatility_450_min_stock": 15.380634039640427,
  "log_return2_realized_volatility_450_mean_stock": 149.199493303895,
  "log_return2_realized_volatility_450_std_stock": 46.15297098457813,
  "log_return2_realized_volatility_450_max_stock": 19.65702411532402,
  "log_return2_realized_volatility_450_min_stock": 15.567520901560783,
  "log_return1_realized_volatility_300_mean_stock": 274.27883356809616,
  "log_return1_realized_volatility_300_std_stock": 20.644274830818176,
  "log_return1_realized_volatility_300_max_stock": 15.89037300646305,
  "log_return1_realized_volatility_300_min_stock": 28.978994011878967,
  "log_return2_realized_volatility_300_mean_stock": 166.08352041244507,