{
  "stock_id": 11543.081479668617,
  "wap1_sum": 142.91814586520195,
  "wap1_mean": 101.36781170964241,
  "wap1_std": 101.58787147700787,
  "wap2_sum": 73.4888277053833,
  "wap2_mean": 64.47316391766071,
  "wap2_std": 88.64455351233482,
  "log_return1_sum": 95.31733714044094,
  "log_return1_realized_volatility": 197139.4170422852,
  "log_return1_mean": 87.19350111484528,
  "log_return1_std": 431.85734011232853,
  "log_return2_sum": 113.31765373051167,
  "log_return2_realized_volatility": 24112.989188730717,
  "log_return2_mean": 71.77019457519054,
  "log_return2_std": 99.24405652284622,
  "wap_balance_sum": 290.7572232186794,
  "wap_balance_mean": 149.6078676879406,
  "wap_balance_std": 119.7448691278696,
  "price_spread_sum": 896.1628668159246,
  "price_spread_mean": 1258.9333411753178,
  "price_spread_std": 210.41127748787403,
  "bid_spread_sum": 96.60828512907028,
  "bid_spread_mean": 480.0287799835205,
  "bid_spread_std": 118.38892778754234,
  "ask_spread_sum": 63.306062906980515,
  "ask_spread_mean": 814.1053023189306,
  "ask_spread_std": 94.00310195982456,
  "total_volume_sum": 116.25340962409973,
  "total_volume_mean": 286.99633164703846,
  "total_volume_std": 62.53135433793068,
  "volume_imbalance_sum": 53.343543976545334,
  "volume_imbalance_mean": 1292.0577023476362,
  "volume_imbalance_std": 96.68098391592503,
  "wap1_sum_450": 103.45427803695202,
  "wap1_mean_450": 83.90395700931549,
  "wap1_std_450": 207.11494475603104,
  "wap2_sum_450": 45.34602625668049,
  "wap2_mean_450": 91.35318580269814,
  "wap2_std_450": 386.3194410353899,
  "log_return1_sum_450": 92.40148767828941,
  "log_return1_realized_volatility_450": 1478.3674313127995,
  "log_return1_mean_450": 93.19499507546425,
  "log_return1_std_450": 359.18093483150005,
  "log_return2_sum_450": 74.38537308573723,
  "log_return2_realized_volatility_450": 1336.4074919074774,
  "log_return2_mean_450": 92.71826714277267,
  "log_return2_std_450": 108.48080430924892,
  "wap_balance_sum_450": 225.17490169405937,
  "wap_balance_mean_450": 128.69118456542492,
  "wap_balance_std_450": 117.45893190801144,
  "price_spread_sum_450": 484.94082260131836,
  "price_spread_mean_450": 256.8093310594559,
  "price_spread_std_450": 108.9535483121872,
  "bid_spread_sum_450": 84.5104059278965,
  "bid_spread_mean_450": 96.40173490345478,
  "bid_spread_std_450": 95.78701600432396,
  "ask_spread_sum_450": 92.47098316252232,
  "ask_spread_mean_450": 955.279198884964,
  "ask_spread_std_450": 86.01571081578732,
  "total_volume_sum_450": 224.12410531938076,
  "total_volume_mean_450": 98.999995008111,
  "total_volume_std_450": 101.56519623100758,
  "volume_imbalance_sum_450": 55.644248992204666,
  "volume_imbalance_mean_450": 79.10278336703777,
  "volume_imbalance_std_450": 72.74554400146008,
  "wap1_sum_300": 74.32157364487648,
  "wap1_mean_300": 63.494301944971085,
  "wap1_std_300": 161.40833336114883,
  "wap2_sum_300": 37.936599016189575,
  "wap2_mean_300": 53.571053832769394,
  "wap2_std_300": 108.35885210335255,
  "log_return1_sum_300": 72.99121281504631,
  "log_return1_realized_volatility_300": 13370.085704475641,
  "log_return1_mean_300": 85.50613649189472,
  "log_return1_std_300": 495.6174251884222,
  "log_return2_sum_300": 98.88524593412876,
  "log_return2_realized_volatility_300": 3330.2158972620964,
  "log_return2_mean_300": 105.09535667300224,
  "log_return2_std_300": 159.86495627462864,
  "wap_balance_sum_300": 127.15619018673897,
  "wap_balance_mean_300": 227.40167650580406,
  "wap_balance_std_300": 266.0704215615988,
  "price_spread_sum_300": 508.43820486962795,
  "price_spread_mean_300": 1103.958912909031,
  "price_spread_std_300": 96.15777339041233,
  "bid_spread_sum_300": 65.1133804321289,
  "bid_spread_mean_300": 68.85674494504929,
  "bid_spread_std_300": 60.049629747867584,
  "ask_spread_sum_300": 77.28228189051151,
  "ask_spread_mean_300": 88.38151524960995,
  "ask_spread_std_300": 93.72980074584484,
  "total_volume_sum_300": 69.77874304354191,
  "total_volume_mean_300": 327.667843490839,
  "total_volume_std_300": 67.22881257534027,
  "volume_imbalance_sum_300": 55.78320786356926,
  "volume_imbalance_mean_300": 70.88736380636692,
  "volume_imbalance_std_300": 53.49834008514881,
  "wap1_sum_150": 112.64220118522644,
  "wap1_mean_150": 70.66907109320164,
  "wap1_std_150": 66.75610959529877,
  "wap2_sum_150": 48.90800195932388,
  "wap2_mean_150": 36.513884142041206,
  "wap2_std_150": 162.41378709673882,
  "log_return1_sum_150": 85.67617656290531,
  "log_return1_realized_volatility_150": 147272.37346182764,
  "log_return1_mean_150": 76.40116003155708,
  "log_return1_std_150": 372.7007303237915,
  "log_return2_sum_150": 65.8992971777916,
  "log_return2_realized_volatility_150": 3522.607488706708,
  "log_return2_mean_150": 84.96498341858387,
  "log_return2_std_150": 104.06939725577831,
  "wap_balance_sum_150": 264.8511030077934,
  "wap_balance_mean_150": 142.2382339835167,
  "wap_balance_std_150": 86.6490922421217,
  "price_spread_sum_150": 290.8593135625124,
  "price_spread_mean_150": 487.05305793881416,
  "price_spread_std_150": 93.82719415426254,
  "bid_spread_sum_150": 79.42367811501026,
  "bid_spread_mean_150": 68.97205583751202,
  "bid_spread_std_150": 76.32545477151871,
  "ask_spread_sum_150": 63.11976072192192,
  "ask_spread_mean_150": 907.6951173841953,
  "ask_spread_std_150": 74.17304226756096,
  "total_volume_sum_150": 92.82126100361347,
  "total_volume_mean_150": 223.08713680505753,
  "total_volume_std_150": 108.53720371425152,
  "volume_imbalance_sum_150": 57.429721891880035,
  "volume_imbalance_mean_150": 49.115557953715324,
  "volume_imbalance_std_150": 61.25409407913685,
  "trade_log_return_realized_volatility": 527.7136917263269,
  "trade_seconds_in_bucket_count_unique": 258.73584251105785,
  "trade_size_sum": 111.55312791466713,
  "trade_order_count_mean": 242.3043441772461,
  "trade_log_return_realized_volatility_450": 1145.037098094821,
  "trade_seconds_in_bucket_count_unique_450": 288.4749910533428,
  "trade_size_sum_450": 126.93338480591774,
  "trade_order_count_mean_450": 212.29314243793488,
  "trade_log_return_realized_volatility_300": 631.0781674683094,
  "trade_seconds_in_bucket_count_unique_300": 275.7726012766361,
  "trade_size_sum_300": 119.83439545333385,
  "trade_order_count_mean_300": 154.07904002070427,
  "trade_log_return_realized_volatility_150": 279.0645506978035,
  "trade_seconds_in_bucket_count_unique_150": 185.047135964036,
  "trade_size_sum_150": 98.80278941988945,
  "trade_order_count_mean_150": 210.2660137563944,
  "log_return1_realized_volatility_mean_stock": 369.2589807808399,
  "log_return1_realized_volatility_std_stock": 29.82845112681389,
  "log_return1_realized_volatility_max_stock": 13.781815826892853,
  "log_return1_realized_volatility_min_stock": 35.62321177124977,
  "log_return2_realized_volatility_mean_stock": 83.5623622238636,
  "log_return2_realized_volatility_std_stock": 33.63039755821228,
  "log_return2_realized_volatility_max_stock": 27.881239891052246,
  "log_return2_realized_volatility_min_stock": 41.37695989012718,
  "log_return1_realized_volatility_450_mean_stock": 377.3445224761963,
  "log_return1_realized_volatility_450_std_stock": 11.942268088459969,
  "log_return1_realized_volatility_450_max_stock": 13.133400961756706,
  "log_return1_realized_volatility_450_min_stock": 23.28768026828766,
  "log_return2_realized_volatility_450_mean_stock": 136.5216175019741,
  "log_return2_realized_volatility_450_std_stock": 35.40180295705795,
  "log_return2_realized_volatility_450_max_stock": 22.241018190979958,
  "log_return2_realized_volatility_450_min_stock": 16.176892071962357,
  "log_return1_realized_volatility_300_mean_stock": 82.69455933570862,
  "log_return1_realized_volatility_300_std_stock": 15.383302927017212,
  "log_return1_realized_volatility_300_max_stock": 8.947556912899017,
  "log_return1_realized_volatility_300_min_stock": 17.386839151382446,
  "log_return2_realized_volatility_300_mean_stock": 26.330943286418915,