{
  "stock_id": 9184.54171705246,
  "wap1_sum": 127.10926321148872,
  "wap1_mean": 79.23509900271893,
  "wap1_std": 93.176213696599,
  "wap2_sum": 122.28881219029427,
  "wap2_mean": 67.77053065598011,
  "wap2_std": 112.58218456804752,
  "log_return1_sum": 102.98062919080257,
  "log_return1_realized_volatility": 93541.69067692757,
  "log_return1_mean": 63.23305366933346,
  "log_return1_std": 2544.6087629944086,
  "log_return2_sum": 121.32491764426231,
  "log_return2_realized_volatility": 18957.875453531742,
  "log_return2_mean": 96.85704407095909,
  "log_return2_std": 101.61428932845592,
  "wap_balance_sum": 528.8582360893488,
  "wap_balance_mean": 106.65342944860458,
  "wap_balance_std": 138.95011946558952,
  "price_spread_sum": 1334.9976022541523,
  "price_spread_mean": 1093.4125532060862,
  "price_spread_std": 176.8470035046339,
  "bid_spread_sum": 91.79436549544334,
  "bid_spread_mean": 1341.1694005578756,
  "bid_spread_std": 125.9494759440422,
  "ask_spread_sum": 79.83524598181248,
  "ask_spread_mean": 957.1269115507603,
  "ask_spread_std": 96.56497544050217,
  "total_volume_sum": 253.7173182219267,
  "total_volume_mean": 288.9990842193365,
  "total_volume_std": 199.9727722555399,
  "volume_imbalance_sum": 54.18366289138794,
  "volume_imbalance_mean": 577.2538881897926,
  "volume_imbalance_std": 209.31704357266426,
  "wap1_sum_450": 87.71896463632584,
  "wap1_mean_450": 89.7958903759718,
  "wap1_std_450": 215.10159163177013,
  "wap2_sum_450": 70.44078308343887,
  "wap2_mean_450": 97.99706202745438,
  "wap2_std_450": 252.16616417467594,
  "log_return1_sum_450": 99.5905988663435,
  "log_return1_realized_volatility_450": 1390.6582795232534,
  "log_return1_mean_450": 85.9262130856514,
  "log_return1_std_450": 476.609170332551,
  "log_return2_sum_450": 95.52326199412346,
  "log_return2_realized_volatility_450": 9357.01820589602,
  "log_return2_mean_450": 93.21636793017387,
  "log_return2_std_450": 96.81990869343281,
  "wap_balance_sum_450": 141.58876560628414,
  "wap_balance_mean_450": 153.94503588974476,
  "wap_balance_std_450": 108.78732511401176,
  "price_spread_sum_450": 322.97501343488693,
  "price_spread_mean_450": 611.5559264570475,
  "price_spread_std_450": 88.49421812593937,
  "bid_spread_sum_450": 104.60680811107159,
  "bid_spread_mean_450": 90.37567700445652,
  "bid_spread_std_450": 95.0170673429966,
  "ask_spread_sum_450": 94.24706487357616,
  "ask_spread_mean_450": 862.1683634221554,
  "ask_spread_std_450": 65.8274400383234,
  "total_volume_sum_450": 175.89268381893635,
  "total_volume_mean_450": 164.24223908782005,
  "total_volume_std_450": 96.75120349228382,
  "volume_imbalance_sum_450": 67.11510801315308,
  "volume_imbalance_mean_450": 81.9791297763586,
  "volume_imbalance_std_450": 62.43886089324951,
  "wap1_sum_300": 71.12064099311829,
  "wap1_mean_300": 97.69075751304626,
  "wap1_std_300": 110.50792218744755,
  "wap2_sum_300": 80.53697971999645,
  "wap2_mean_300": 72.18661980330944,
  "wap2_std_300": 107.29774922132492,
  "log_return1_sum_300": 94.59658072888851,
  "log_return1_realized_volatility_300": 23076.56398883462,
  "log_return1_mean_300": 93.550088763237,
  "log_return1_std_300": 614.2926733344793,
  "log_return2_sum_300": 73.9918487071991,
  "log_return2_realized_volatility_300": 2249.7284878343344,
  "log_return2_mean_300": 77.38783092796803,
  "log_return2_std_300": 101.758176907897,
  "wap_balance_sum_300": 145.12944741547108,
  "wap_balance_mean_300": 483.5608023107052,
  "wap_balance_std_300": 106.14078186452389,
  "price_spread_sum_300": 1407.3838112354279,
  "price_spread_mean_300": 1466.5727898031473,
  "price_spread_std_300": 79.84522388875484,
  "bid_spread_sum_300": 67.29147306084633,
  "bid_spread_mean_300": 104.93122473359108,
  "bid_spread_std_300": 57.76073902845383,
  "ask_spread_sum_300": 75.87817998230457,
  "ask_spread_mean_300": 87.67005956172943,
  "ask_spread_std_300": 72.97509400546551,
  "total_volume_sum_300": 97.77316059172153,
  "total_volume_mean_300": 74.3260049521923,
  "total_volume_std_300": 115.53950233757496,
  "volume_imbalance_sum_300": 59.9502929598093,
  "volume_imbalance_mean_300": 87.89104379713535,
  "volume_imbalance_std_300": 59.636076644062996,
  "wap1_sum_150": 96.91739194095135,
  "wap1_mean_150": 48.25146193802357,
  "wap1_std_150": 64.38926476240158,
  "wap2_sum_150": 92.97280766069889,
  "wap2_mean_150": 50.11432991921902,
  "wap2_std_150": 78.56583867967129,
  "log_return1_sum_150": 78.1804229170084,
  "log_return1_realized_volatility_150": 243408.04838323593,
  "log_return1_mean_150": 90.6059948951006,
  "log_return1_std_150": 171.32005934417248,
  "log_return2_sum_150": 71.34224817156792,
  "log_return2_realized_volatility_150": 8516.958486005664,
  "log_return2_mean_150": 61.47617067396641,
  "log_return2_std_150": 131.0443368256092,
  "wap_balance_sum_150": 303.42317894101143,
  "wap_balance_mean_150": 150.7370668798685,
  "wap_balance_std_150": 98.07530894875526,
  "price_spread_sum_150": 325.14759942889214,
  "price_spread_mean_150": 804.0620233267546,
  "price_spread_std_150": 96.81352323293686,
  "bid_spread_sum_150": 72.91298034787178,
  "bid_spread_mean_150": 89.99879558384418,
  "bid_spread_std_150": 60.55560702085495,
  "ask_spread_sum_150": 85.26221334934235,
  "ask_spread_mean_150": 82.92380267381668,
  "ask_spread_std_150": 63.104427203536034,
  "total_volume_sum_150": 104.1615564674139,
  "total_volume_mean_150": 103.40675215423107,
  "total_volume_std_150": 62.98972302675247,
  "volume_imbalance_sum_150": 66.41207595169544,
  "volume_imbalance_mean_150": 383.57428173720837,
  "volume_imbalance_std_150": 88.48455865681171,
  "trade_log_return_realized_volatility": 3436.8908473700285,
  "trade_seconds_in_bucket_count_unique": 418.0143564045429,
  "trade_size_sum": 102.78848265111446,
  "trade_order_count_mean": 305.2675936073065,
  "trade_log_return_realized_volatility_450": 866.234723046422,
  "trade_seconds_in_bucket_count_unique_450": 327.8875905126333,
  "trade_size_sum_450": 125.6638370603323,
  "trade_order_count_mean_450": 178.10337486863136,
  "trade_log_return_realized_volatility_300": 303.77320489287376,
  "trade_seconds_in_bucket_count_unique_300": 306.1126810014248,
  "trade_size_sum_300": 137.56606948375702,
  "trade_order_count_mean_300": 177.33273804187775,
  "trade_log_return_realized_volatility_150": 267.13398648798466,
  "trade_seconds_in_bucket_count_unique_150": 236.43799732625484,
  "trade_size_sum_150": 110.9788777679205,
  "trade_order_count_mean_150": 226.29256854951382,
  "log_return1_realized_volatility_mean_stock": 538.4109282493591,
  "log_return1_realized_volatility_std_stock": 37.01155683398247,
  "log_return1_realized_volatility_max_stock": 22.32087805867195,
  "log_return1_realized_volatility_min_stock": 53.120554745197296,
  "log_return2_realized_volatility_mean_stock": 124.33068871498108,
  "log_return2_realized_volatility_std_stock": 50.003740936517715,
  "log_return2_realized_volatility_max_stock": 41.13975743949413,
  "log_return2_realized_volatility_min_stock": 76.89271846413612,
  "log_return1_realized_volatility_450_mean_stock": 736.9525094330311,
  "log_return1_realized_volatility_450_std_stock": 36.0588920712471,
  "log_return1_realized_volatility_450_max_stock": 22.516803935170174,
  "log_return1_realized_volatility_450_min_stock": 32.63162124156952,
  "log_return2_realized_volatility_450_mean_stock": 155.01641483604908,
  "log_return2_realized_volatility_450_std_stock": 30.209754139184952,
  "log_return2_realized_volatility_450_max_stock": 23.979980945587158,
  "log_return2_realized_volatility_450_min_stock": 17.949785083532333,
  "log_return1_realized_volatility_300_mean_stock": 351.5372610986233,
  "log_return1_realized_volatility_300_std_stock": 21.17468911409378,
  "log_return1_realized_volatility_300_max_stock": 19.521137073636055,
  "log_return1_realized_volatility_300_min_stock": 61.57451258599758,
  "log_return2_realized_volatility_300_mean_stock": 81.71729454398155,