{
  "stock_id": 10039.258986622095,
  "wap1_sum": 135.4725152477622,
  "wap1_mean": 88.63108754903078,
  "wap1_std": 89.68726487457752,
  "wap2_sum": 113.10104756057262,
  "wap2_mean": 74.81827615201473,
  "wap2_std": 132.07215696573257,
  "log_return1_sum": 88.82279649376869,
  "log_return1_realized_volatility": 102147.39257520437,
  "log_return1_mean": 93.6199511140585,
  "log_return1_std": 212.37885731458664,
  "log_return2_sum": 92.30008894205093,
  "log_return2_realized_volatility": 19178.55085377395,
  "log_return2_mean": 93.69978903234005,
  "log_return2_std": 74.44465011358261,
  "wap_balance_sum": 540.5380501151085,
  "wap_balance_mean": 189.2340183854103,
  "wap_balance_std": 138.95340383797884,
  "price_spread_sum": 1331.910759523511,
  "price_spread_mean": 997.8921140655875,
  "price_spread_std": 197.05954685807228,
  "bid_spread_sum": 82.99405053257942,
  "bid_spread_mean": 562.0387866273522,
  "bid_spread_std": 136.35932810604572,
  "ask_spread_sum": 79.43843305110931,
  "ask_spread_mean": 1412.881207510829,
  "ask_spread_std": 97.33292905241251,
  "total_volume_sum": 224.82167406380177,
  "total_volume_mean": 341.4219619035721,
  "total_volume_std": 199.00222831964493,
  "volume_imbalance_sum": 42.07992008328438,
  "volume_imbalance_mean": 1204.5245685726404,
  "volume_imbalance_std": 141.72518908977509,
  "wap1_sum_450": 138.84694319963455,
  "wap1_mean_450": 94.34746320545673,
  "wap1_std_450": 286.72142319381237,
  "wap2_sum_450": 69.77001924812794,
  "wap2_mean_450": 122.4021474570036,
  "wap2_std_450": 255.37040178477764,
  "log_return1_sum_450": 101.63148900866508,
  "log_return1_realized_volatility_450": 1291.4418153613806,
  "log_return1_mean_450": 119.03334118425846,
  "log_return1_std_450": 205.70476326346397,
  "log_return2_sum_450": 102.46194592118263,
  "log_return2_realized_volatility_450": 9676.3867643103,
  "log_return2_mean_450": 86.55960017442703,
  "log_return2_std_450": 125.53889763355255,
  "wap_balance_sum_450": 188.27069376409054,
  "wap_balance_mean_450": 153.6145797520876,
  "wap_balance_std_450": 125.05902422964573,
  "price_spread_sum_450": 495.21696531772614,
  "price_spread_mean_450": 171.2412919998169,
  "price_spread_std_450": 117.24077029526234,
  "bid_spread_sum_450": 116.97215700149536,
  "bid_spread_mean_450": 97.24736231565475,
  "bid_spread_std_450": 109.93214823305607,
  "ask_spread_sum_450": 72.59905479848385,
  "ask_spread_mean_450": 1043.7026418745518,
  "ask_spread_std_450": 79.17278767377138,
  "total_volume_sum_450": 181.3125111311674,
  "total_volume_mean_450": 154.22197565436363,
  "total_volume_std_450": 125.69939841330051,
  "volume_imbalance_sum_450": 83.26620627194643,
  "volume_imbalance_mean_450": 78.92442113161087,
  "volume_imbalance_std_450": 79.6381361335516,
  "wap1_sum_300": 110.362717628479,
  "wap1_mean_300": 69.46898978948593,
  "wap1_std_300": 121.60361152887344,
  "wap2_sum_300": 81.37858977913857,
  "wap2_mean_300": 56.64581097662449,
  "wap2_std_300": 151.54000271856785,
  "log_return1_sum_300": 81.22604817152023,
  "log_return1_realized_volatility_300": 22312.407727576792,
  "log_return1_mean_300": 110.54945875704288,
  "log_return1_std_300": 395.85475555062294,
  "log_return2_sum_300": 103.3588755428791,
  "log_return2_realized_volatility_300": 1852.1784923225641,
  "log_return2_mean_300": 102.79471012949944,
  "log_return2_std_300": 180.55875512957573,
  "wap_balance_sum_300": 208.0374498218298,
  "wap_balance_mean_300": 377.0972855389118,
  "wap_balance_std_300": 94.51575301587582,
  "price_spread_sum_300": 921.9935365468264,
  "price_spread_mean_300": 776.8783722668886,
  "price_spread_std_300": 90.17175397276878,
  "bid_spread_sum_300": 75.50384175777435,
  "bid_spread_mean_300": 94.15481804311275,
  "bid_spread_std_300": 83.78933100402355,
  "ask_spread_sum_300": 71.2118020504713,
  "ask_spread_mean_300": 98.39835430681705,
  "ask_spread_std_300": 86.28036395460367,
  "total_volume_sum_300": 79.93623918294907,
  "total_volume_mean_300": 88.7230369001627,
  "total_volume_std_300": 82.07861914485693,
  "volume_imbalance_sum_300": 92.89580209553242,
  "volume_imbalance_mean_300": 293.62521897256374,
  "volume_imbalance_std_300": 56.97150183469057,
  "wap1_sum_150": 81.66212233901024,
  "wap1_mean_150": 79.47782118618488,
  "wap1_std_150": 71.86109074950218,
  "wap2_sum_150": 87.98168711364269,
  "wap2_mean_150": 79.63227508962154,
  "wap2_std_150": 190.3511534333229,
  "log_return1_sum_150": 74.42723169922829,
  "log_return1_realized_volatility_150": 255718.8119252026,
  "log_return1_mean_150": 76.97821596264839,
  "log_return1_std_150": 603.8408919274807,
  "log_return2_sum_150": 81.87796527147293,
  "log_return2_realized_volatility_150": 9060.794643491507,
  "log_return2_mean_150": 74.649358227849,
  "log_return2_std_150": 70.27980202436447,
  "wap_balance_sum_150": 263.4932364821434,
  "wap_balance_mean_150": 159.13611218333244,
  "wap_balance_std_150": 179.69828402996063,
  "price_spread_sum_150": 383.12371626496315,
  "price_spread_mean_150": 2229.370205871761,
  "price_spread_std_150": 99.33172585070133,
  "bid_spread_sum_150": 61.3913209438324,
  "bid_spread_mean_150": 76.87740394473076,
  "bid_spread_std_150": 109.25371068716049,
  "ask_spread_sum_150": 87.16559287905693,
  "ask_spread_mean_150": 82.37837974727154,
  "ask_spread_std_150": 82.34857495129108,
  "total_volume_sum_150": 96.7564829736948,
  "total_volume_mean_150": 108.91774690896273,
  "total_volume_std_150": 162.24384243786335,
  "volume_imbalance_sum_150": 62.00942827761173,
  "volume_imbalance_mean_150": 287.6679106205702,
  "volume_imbalance_std_150": 88.68609212338924,
  "trade_log_return_realized_volatility": 2877.993769839406,
  "trade_seconds_in_bucket_count_unique": 418.5869403257966,
  "trade_size_sum": 119.23144059628248,
  "trade_order_count_mean": 233.31840290874243,
  "trade_log_return_realized_volatility_450": 959.9036644399166,
  "trade_seconds_in_bucket_count_unique_450": 266.435152977705,
  "trade_size_sum_450": 141.03780637681484,
  "trade_order_count_mean_450": 223.41338869929314,
  "trade_log_return_realized_volatility_300": 215.02870039641857,
  "trade_seconds_in_bucket_count_unique_300": 315.48108883947134,
  "trade_size_sum_300": 131.64065128564835,
  "trade_order_count_mean_300": 150.5616053044796,
  "trade_log_return_realized_volatility_150": 242.5720408707857,
  "trade_seconds_in_bucket_count_unique_150": 238.62945103645325,
  "trade_size_sum_150": 93.7602359727025,
  "trade_order_count_mean_150": 292.473944067955,
  "log_return1_realized_volatility_mean_stock": 478.88086354732513,
  "log_return1_realized_volatility_std_stock": 59.49912169575691,
  "log_return1_realized_volatility_max_stock": 29.763941153883934,
  "log_return1_realized_volatility_min_stock": 71.56784778833389,
  "log_return2_realized_volatility_mean_stock": 126.3976146876812,
  "log_return2_realized_volatility_std_stock": 54.42605173587799,
  "log_return2_realized_volatility_max_stock": 23.371159061789513,
  "log_return2_realized_volatility_min_stock": 92.46589957177639,
  "log_return1_realized_volatility_450_mean_stock": 748.0327572822571,
  "log_return1_realized_volatility_450_std_stock": 44.093561604619026,
  "log_return1_realized_volatility_450_max_stock": 23.040258899331093,
  "log_return1_realized_volatility_450_min_stock": 24.571261882781982,
  "log_return2_realized_volatility_450_mean_stock": 169.94383272528648,
  "log_return2_realized_volatility_450_std_stock": 51.72140924632549,
  "log_return2_realized_volatility_450_max_stock": 15.594762101769447,
  "log_return2_realized_volatility_450_min_stock": 21.352031022310257,
  "log_return1_realized_volatility_300_mean_stock": 272.77209754288197,
  "log_return1_realized_volatility_300_std_stock": 23.690201923251152,
  "log_return1_realized_volatility_300_max_stock": 32.25267904996872,
  "log_return1_realized_volatility_300_min_stock": 74.99873323738575,
  "log_return2_realized_volatility_300_mean_stock": 196.13298749923706,