{
  "stock_id": 10694.91919631511,
  "wap1_sum": 148.0748307555914,
  "wap1_mean": 97.91784116625786,
  "wap1_std": 100.46492005884647,
  "wap2_sum": 96.41243134438992,
  "wap2_mean": 97.43549935519695,
  "wap2_std": 97.65111307799816,
  "log_return1_sum": 117.58449228107929,
  "log_return1_realized_volatility": 117069.70803306997,
  "log_return1_mean": 73.93022586405277,
  "log_return1_std": 467.7184080630541,
  "log_return2_sum": 102.32101786136627,
  "log_return2_realized_volatility": 21388.042672149837,
  "log_return2_mean": 86.25456695258617,
  "log_return2_std": 100.3359132707119,
  "wap_balance_sum": 487.30997870862484,
  "wap_balance_mean": 155.82717640697956,
  "wap_balance_std": 136.35202711820602,
  "price_spread_sum": 1157.4423374533653,
  "price_spread_mean": 1673.8472424894571,
  "price_spread_std": 188.0658378303051,
  "bid_spread_sum": 94.72479686141014,
  "bid_spread_mean": 1344.3595976382494,
  "bid_spread_std": 105.83226688206196,
  "ask_spread_sum": 85.08654020726681,
  "ask_spread_mean": 920.9167117625475,
  "ask_spread_std": 83.31904625892639,
  "total_volume_sum": 113.16386790573597,
  "total_volume_mean": 210.13485564291477,
  "total_volume_std": 193.3383930027485,
  "volume_imbalance_sum": 56.453574135899544,
  "volume_imbalance_mean": 1451.016154780984,
  "volume_imbalance_std": 267.92169788479805,
  "wap1_sum_450": 168.02071745693684,
  "wap1_mean_450": 80.0101772248745,
  "wap1_std_450": 271.0663568675518,
  "wap2_sum_450": 61.851726770401,
  "wap2_mean_450": 126.75340664386749,
  "wap2_std_450": 388.3343670219183,
  "log_return1_sum_450": 91.71782214194536,
  "log_return1_realized_volatility_450": 939.3356257379055,
  "log_return1_mean_450": 99.1969918385148,
  "log_return1_std_450": 216.16518698632717,
  "log_return2_sum_450": 107.21881379187107,
  "log_return2_realized_volatility_450": 1756.4772008955479,
  "log_return2_mean_450": 102.06101305782795,
  "log_return2_std_450": 163.3631981909275,
  "wap_balance_sum_450": 231.85943059623241,
  "wap_balance_mean_450": 96.96769604086876,
  "wap_balance_std_450": 135.40535053610802,
  "price_spread_sum_450": 421.67524603009224,
  "price_spread_mean_450": 929.6998580470681,
  "price_spread_std_450": 171.45816606283188,
  "bid_spread_sum_450": 67.73137910664082,
  "bid_spread_mean_450": 88.20430473983288,
  "bid_spread_std_450": 104.82247527688742,
  "ask_spread_sum_450": 113.33869893848896,
  "ask_spread_mean_450": 881.7579707205296,
  "ask_spread_std_450": 105.42069487273693,
  "total_volume_sum_450": 72.75164444744587,
  "total_volume_mean_450": 93.49358297884464,
  "total_volume_std_450": 91.50033839046955,
  "volume_imbalance_sum_450": 83.31516601145267,
  "volume_imbalance_mean_450": 73.55367197096348,
  "volume_imbalance_std_450": 61.80087423324585,
  "wap1_sum_300": 72.43286018073559,
  "wap1_mean_300": 73.61665157973766,
  "wap1_std_300": 131.76316185295582,
  "wap2_sum_300": 65.08940663933754,
  "wap2_mean_300": 54.14180597662926,
  "wap2_std_300": 155.7425752580166,
  "log_return1_sum_300": 80.94843204319477,
  "log_return1_realized_volatility_300": 8311.215144723654,
  "log_return1_mean_300": 117.86837480962276,
  "log_return1_std_300": 305.07291612029076,
  "log_return2_sum_300": 89.36915308237076,
  "log_return2_realized_volatility_300": 2580.4882368668914,
  "log_return2_mean_300": 99.53619629144669,
  "log_return2_std_300": 156.09719315171242,
  "wap_balance_sum_300": 114.77942679822445,
  "wap_balance_mean_300": 388.15574412047863,
  "wap_balance_std_300": 124.52684870362282,
  "price_spread_sum_300": 1336.4648964107037,
  "price_spread_mean_300": 604.5030857473612,
  "price_spread_std_300": 89.01256930828094,
  "bid_spread_sum_300": 71.20534014701843,
  "bid_spread_mean_300": 113.40355502068996,
  "bid_spread_std_300": 73.99052120745182,
  "ask_spread_sum_300": 81.88504053652287,
  "ask_spread_mean_300": 90.35774298012257,
  "ask_spread_std_300": 106.68541191518307,
  "total_volume_sum_300": 100.87926088273525,
  "total_volume_mean_300": 79.3920808583498,
  "total_volume_std_300": 141.04427330195904,
  "volume_imbalance_sum_300": 65.23560179769993,
  "volume_imbalance_mean_300": 82.43609309196472,
  "volume_imbalance_std_300": 70.24652269482613,
  "wap1_sum_150": 101.68759879469872,
  "wap1_mean_150": 52.79045307636261,
  "wap1_std_150": 81.15012192726135,
  "wap2_sum_150": 78.06160761415958,
  "wap2_mean_150": 53.72400192916393,
  "wap2_std_150": 154.17891286313534,
  "log_return1_sum_150": 102.37622870504856,
  "log_return1_realized_volatility_150": 245327.10320749134,
  "log_return1_mean_150": 91.42030282318592,
  "log_return1_std_150": 331.06714048981667,
  "log_return2_sum_150": 97.54822516441345,
  "log_return2_realized_volatility_150": 6679.5866300314665,
  "log_return2_mean_150": 81.43341334164143,
  "log_return2_std_150": 136.015704870224,
  "wap_balance_sum_150": 281.6992920488119,
  "wap_balance_mean_150": 90.62415137887001,
  "wap_balance_std_150": 100.38832175731659,
  "price_spread_sum_150": 194.74270552396774,
  "price_spread_mean_150": 627.9836627244949,
  "price_spread_std_150": 111.62259995937347,
  "bid_spread_sum_150": 83.00342331826687,
  "bid_spread_mean_150": 84.0349333435297,
  "bid_spread_std_150": 81.19889098405838,
  "ask_spread_sum_150": 66.9621467590332,
  "ask_spread_mean_150": 103.18135504424572,
  "ask_spread_std_150": 82.38052009046078,
  "total_volume_sum_150": 143.15465334057808,
  "total_volume_mean_150": 129.68267838656902,
  "total_volume_std_150": 128.99881142377853,
  "volume_imbalance_sum_150": 52.69842088222504,
  "volume_imbalance_mean_150": 132.70965318381786,
  "volume_imbalance_std_150": 68.0554174631834,
  "trade_log_return_realized_volatility": 1011.67527115345,
  "trade_seconds_in_bucket_count_unique": 372.96053955703974,
  "trade_size_sum": 132.49116045236588,
  "trade_order_count_mean": 286.3668684363365,
  "trade_log_return_realized_volatility_450": 1003.2748778760433,
  "trade_seconds_in_bucket_count_unique_450": 329.438091263175,
  "trade_size_sum_450": 143.5751250088215,
  "trade_order_count_mean_450": 211.03766398876905,
  "trade_log_return_realized_volatility_300": 324.3741855919361,
  "trade_seconds_in_bucket_count_unique_300": 227.5207228511572,
  "trade_size_sum_300": 155.18215602636337,
  "trade_order_count_mean_300": 170.98556278645992,
  "trade_log_return_realized_volatility_150": 265.3433433175087,
  "trade_seconds_in_bucket_count_unique_150": 194.37838988006115,
  "trade_size_sum_150": 91.29275695979595,
  "trade_order_count_mean_150": 177.52875165641308,
  "log_return1_realized_volatility_mean_stock": 532.8786644041538,
  "log_return1_realized_volatility_std_stock": 38.530209466814995,
  "log_return1_realized_volatility_max_stock": 18.156784012913704,
  "log_return1_realized_volatility_min_stock": 94.84446585178375,
  "log_return2_realized_volatility_mean_stock": 120.53755111992359,
  "log_return2_realized_volatility_std_stock": 45.60467015206814,
  "log_return2_realized_volatility_max_stock": 18.098382964730263,
  "log_return2_realized_volatility_min_stock": 62.96348516643047,
  "log_return1_realized_volatility_450_mean_stock": 629.2435864955187,
  "log_return1_realized_volatility_450_std_stock": 20.23098599910736,
  "log_return1_realized_volatility_450_max_stock": 19.212564006447792,
  "log_return1_realized_volatility_450_min_stock": 24.11564403772354,
  "log_return2_realized_volatility_450_mean_stock": 133.40032798051834,
  "log_return2_realized_volatility_450_std_stock": 56.28320260345936,
  "log_return2_realized_volatility_450_max_stock": 18.954670071601868,
  "log_return2_realized_volatility_450_min_stock": 22.752417713403702,
  "log_return1_realized_volatility_300_mean_stock": 240.5282146036625,
  "log_return1_realized_volatility_300_std_stock": 22.987324863672256,
  "log_return1_realized_volatility_300_max_stock": 19.523475170135498,
  "log_return1_realized_volatility_300_min_stock": 59.45165517926216,
  "log_return2_realized_volatility_300_mean_stock": 69.38203690946102,