{
  "stock_id": 9399.217633917928,
  "wap1_sum": 134.8453089594841,
  "wap1_mean": 63.00670996308327,
  "wap1_std": 91.53600418567657,
  "wap2_sum": 73.82150515913963,
  "wap2_mean": 76.9467576444149,
  "wap2_std": 116.7924107760191,
  "log_return1_sum": 97.27329921722412,
  "log_return1_realized_volatility": 96213.6000456065,
  "log_return1_mean": 72.94845774769783,
  "log_return1_std": 2609.5963225364685,
  "log_return2_sum": 91.40151749551296,
  "log_return2_realized_volatility": 23226.021837070584,
  "log_return2_mean": 79.40457409620285,
  "log_return2_std": 124.63532838225365,
  "wap_balance_sum": 473.0167100429535,
  "wap_balance_mean": 262.2797801196575,
  "wap_balance_std": 146.13702163100243,
  "price_spread_sum": 1373.2675890177488,
  "price_spread_mean": 1238.9383004754782,
  "price_spread_std": 174.07658836245537,
  "bid_spread_sum": 60.87973326444626,
  "bid_spread_mean": 1343.8909759521484,
  "bid_spread_std": 96.4371984153986,
  "ask_spread_sum": 58.01976817846298,
  "ask_spread_mean": 968.3764716088772,
  "ask_spread_std": 86.13236378133297,
  "total_volume_sum": 280.05099146068096,
  "total_volume_mean": 219.52301789820194,
  "total_volume_std": 122.31859497725964,
  "volume_imbalance_sum": 42.190754130482674,
  "volume_imbalance_mean": 724.6630018055439,
  "volume_imbalance_std": 100.17745418846607,
  "wap1_sum_450": 111.89737792313099,
  "wap1_mean_450": 68.89313085377216,
  "wap1_std_450": 231.95878686010838,
  "wap2_sum_450": 84.23305378854275,
  "wap2_mean_450": 79.88847936689854,
  "wap2_std_450": 197.18908935785294,
  "log_return1_sum_450": 77.44161173701286,
  "log_return1_realized_volatility_450": 1204.732747465372,
  "log_return1_mean_450": 79.32861590385437,
  "log_return1_std_450": 635.4660192281008,
  "log_return2_sum_450": 95.59297214448452,
  "log_return2_realized_volatility_450": 9417.818681672215,
  "log_return2_mean_450": 78.04531589150429,
  "log_return2_std_450": 86.39054177701473,
  "wap_balance_sum_450": 158.51970168948174,
  "wap_balance_mean_450": 145.42264875769615,
  "wap_balance_std_450": 97.85855926573277,
  "price_spread_sum_450": 385.128515124321,
  "price_spread_mean_450": 613.7568252980709,
  "price_spread_std_450": 128.1352876573801,
  "bid_spread_sum_450": 53.00869098305702,
  "bid_spread_mean_450": 84.04318597912788,
  "bid_spread_std_450": 91.79180355370045,
  "ask_spread_sum_450": 71.92907799780369,
  "ask_spread_mean_450": 795.3341972827911,
  "ask_spread_std_450": 86.7299512475729,
  "total_volume_sum_450": 184.57324446737766,
  "total_volume_mean_450": 157.5263957232237,
  "total_volume_std_450": 76.117391705513,
  "volume_imbalance_sum_450": 64.5086176097393,
  "volume_imbalance_mean_450": 59.19648091495037,
  "volume_imbalance_std_450": 75.42610475420952,
  "wap1_sum_300": 61.16806809604168,
  "wap1_mean_300": 54.84044396877289,
  "wap1_std_300": 136.13426776230335,
  "wap2_sum_300": 67.3755696862936,
  "wap2_mean_300": 38.96851675212383,
  "wap2_std_300": 100.64723263680935,
  "log_return1_sum_300": 81.32862955331802,
  "log_return1_realized_volatility_300": 22554.535717070103,
  "log_return1_mean_300": 88.29748570919037,
  "log_return1_std_300": 520.5080691874027,
  "log_return2_sum_300": 61.273947939276695,
  "log_return2_realized_volatility_300": 2361.6493776738644,
  "log_return2_mean_300": 87.59983602166176,
  "log_return2_std_300": 71.26734130084515,
  "wap_balance_sum_300": 214.01097847521305,
  "wap_balance_mean_300": 477.7906654626131,
  "wap_balance_std_300": 78.52815987169743,
  "price_spread_sum_300": 1148.2693511992693,
  "price_spread_mean_300": 1353.0682457238436,
  "price_spread_std_300": 78.22476004064083,
  "bid_spread_sum_300": 62.43390293419361,
  "bid_spread_mean_300": 107.78546603024006,
  "bid_spread_std_300": 81.99579800665379,
  "ask_spread_sum_300": 55.80823540687561,
  "ask_spread_mean_300": 77.17566725611687,
  "ask_spread_std_300": 73.64300186932087,
  "total_volume_sum_300": 75.25698378682137,
  "total_volume_mean_300": 166.20615302026272,
  "total_volume_std_300": 83.56063348054886,
  "volume_imbalance_sum_300": 90.37556006014347,
  "volume_imbalance_mean_300": 75.32231312990189,
  "volume_imbalance_std_300": 42.64069014787674,
  "wap1_sum_150": 75.59855923056602,
  "wap1_mean_150": 65.13902293145657,
  "wap1_std_150": 90.33802677690983,
  "wap2_sum_150": 79.24079424142838,
  "wap2_mean_150": 41.19812110066414,
  "wap2_std_150": 82.99201701581478,
  "log_return1_sum_150": 66.7915681451559,
  "log_return1_realized_volatility_150": 244278.0462861061,
  "log_return1_mean_150": 72.72881716489792,
  "log_return1_std_150": 118.63876011967659,
  "log_return2_sum_150": 53.92729812860489,
  "log_return2_realized_volatility_150": 9531.076321214437,
  "log_return2_mean_150": 66.4098377674818,
  "log_return2_std_150": 86.03855733573437,
  "wap_balance_sum_150": 234.06848718225956,
  "wap_balance_mean_150": 140.00221943855286,
  "wap_balance_std_150": 137.01526939868927,
  "price_spread_sum_150": 338.95409421622753,
  "price_spread_mean_150": 695.2770224511623,
  "price_spread_std_150": 97.13474477827549,
  "bid_spread_sum_150": 66.34384369850159,
  "bid_spread_mean_150": 77.16819879412651,
  "bid_spread_std_150": 67.05249969661236,
  "ask_spread_sum_150": 81.12925416231155,
  "ask_spread_mean_150": 81.40312124788761,
  "ask_spread_std_150": 74.72164423763752,
  "total_volume_sum_150": 91.47700199484825,
  "total_volume_mean_150": 115.21929281949997,
  "total_volume_std_150": 65.83006289601326,
  "volume_imbalance_sum_150": 68.98860079050064,
  "volume_imbalance_mean_150": 344.5973162651062,
  "volume_imbalance_std_150": 71.6342750787735,
  "trade_log_return_realized_volatility": 3668.7385523617268,
  "trade_seconds_in_bucket_count_unique": 381.4109044522047,
  "trade_size_sum": 91.59508682787418,
  "trade_order_count_mean": 313.0893732458353,
  "trade_log_return_realized_volatility_450": 871.1247231960297,
  "trade_seconds_in_bucket_count_unique_450": 226.0474768280983,
  "trade_size_sum_450": 93.10039857029915,
  "trade_order_count_mean_450": 188.9945005774498,
  "trade_log_return_realized_volatility_300": 291.5876210182905,
  "trade_seconds_in_bucket_count_unique_300": 255.8274538218975,
  "trade_size_sum_300": 178.2285387068987,
  "trade_order_count_mean_300": 148.34532310068607,
  "trade_log_return_realized_volatility_150": 130.42994165420532,
  "trade_seconds_in_bucket_count_unique_150": 141.00725629925728,
  "trade_size_sum_150": 86.24820207059383,
  "trade_order_count_mean_150": 157.92346154153347,
  "log_return1_realized_volatility_mean_stock": 449.1454687565565,
  "log_return1_realized_volatility_std_stock": 53.43255063891411,
  "log_return1_realized_volatility_max_stock": 25.768789008259773,
  "log_return1_realized_volatility_min_stock": 71.36890049278736,
  "log_return2_realized_volatility_mean_stock": 164.56145372986794,
  "log_return2_realized_volatility_std_stock": 76.30154204368591,
  "log_return2_realized_volatility_max_stock": 23.954080179333687,
  "log_return2_realized_volatility_min_stock": 83.95988382399082,
  "log_return1_realized_volatility_450_mean_stock": 770.2164961993694,
  "log_return1_realized_volatility_450_std_stock": 56.989900067448616,
  "log_return1_realized_volatility_450_max_stock": 14.62196597456932,
  "log_return1_realized_volatility_450_min_stock": 30.495267003774643,
  "log_return2_realized_volatility_450_mean_stock": 117.20590227842331,
  "log_return2_realized_volatility_450_std_stock": 69.20078746974468,
  "log_return2_realized_volatility_450_max_stock": 12.963045939803123,
  "log_return2_realized_volatility_450_min_stock": 27.753792583942413,
  "log_return1_realized_volatility_300_mean_stock": 305.2174173742533,
  "log_return1_realized_volatility_300_std_stock": 16.494351118803024,
  "log_return1_realized_volatility_300_max_stock": 25.492138907313347,
  "log_return1_realized_volatility_300_min_stock": 67.37853455543518,
  "log_return2_realized_volatility_300_mean_stock": 95.65144681930542,