{
  "stock_id": 6085.255040884018,
  "wap1_sum": 125.94032287597656,
  "wap1_mean": 53.084972977638245,
  "wap1_std": 95.29032483696938,
  "wap2_sum": 67.11846116185188,
  "wap2_mean": 55.506070017814636,
  "wap2_std": 59.97126168012619,
  "log_return1_sum": 66.30868077278137,
  "log_return1_realized_volatility": 58670.3964638859,
  "log_return1_mean": 94.07502269744873,
  "log_return1_std": 281.9653365910053,
  "log_return2_sum": 64.88922768831253,
  "log_return2_realized_volatility": 8316.68906223774,
  "log_return2_mean": 80.0220228433609,
  "log_return2_std": 88.39996483922005,
  "wap_balance_sum": 358.56346356868744,
  "wap_balance_mean": 172.8829437494278,
  "wap_balance_std": 101.1004099547863,
  "price_spread_sum": 408.3751043975353,
  "price_spread_mean": 334.0637423694134,
  "price_spread_std": 149.91092985868454,
  "bid_spread_sum": 64.34440726041794,
  "bid_spread_mean": 69.68799316883087,
  "bid_spread_std": 91.40430569648743,
  "ask_spread_sum": 63.34857192635536,
  "ask_spread_mean": 86.39793583750725,
  "ask_spread_std": 75.3921582698822,
  "total_volume_sum": 70.70313397049904,
  "total_volume_mean": 146.21659460663795,
  "total_volume_std": 98.81753194332123,
  "volume_imbalance_sum": 34.52016803622246,
  "volume_imbalance_mean": 131.57279273867607,
  "volume_imbalance_std": 60.11665400862694,
  "wap1_sum_450": 68.1984543800354,
  "wap1_mean_450": 63.67632105946541,
  "wap1_std_450": 183.17114686965942,
  "wap2_sum_450": 52.249268025159836,
  "wap2_mean_450": 71.36602199077606,
  "wap2_std_450": 210.18369722366333,
  "log_return1_sum_450": 79.71429789066315,
  "log_return1_realized_volatility_450": 574.5422901660204,
  "log_return1_mean_450": 117.09751343727112,
  "log_return1_std_450": 225.78481954336166,
  "log_return2_sum_450": 103.5117849111557,
  "log_return2_realized_volatility_450": 1989.8190819621086,
  "log_return2_mean_450": 68.85541227459908,
  "log_return2_std_450": 119.47907224297523,
  "wap_balance_sum_450": 166.45096218585968,
  "wap_balance_mean_450": 496.00528967380524,
  "wap_balance_std_450": 126.66100740432739,
  "price_spread_sum_450": 235.6277081668377,
  "price_spread_mean_450": 905.8997082412243,
  "price_spread_std_450": 240.01525112986565,
  "bid_spread_sum_450": 66.91195791959763,
  "bid_spread_mean_450": 83.33986163139343,
  "bid_spread_std_450": 77.8785602748394,
  "ask_spread_sum_450": 81.15154203772545,
  "ask_spread_mean_450": 641.7656975388527,
  "ask_spread_std_450": 84.96260622143745,
  "total_volume_sum_450": 63.50545787811279,
  "total_volume_mean_450": 63.22268545627594,
  "total_volume_std_450": 112.73699223995209,
  "volume_imbalance_sum_450": 85.6822761297226,
  "volume_imbalance_mean_450": 92.58553525805473,
  "volume_imbalance_std_450": 98.03042876720428,
  "wap1_sum_300": 65.32349616289139,
  "wap1_mean_300": 44.79554304480553,
  "wap1_std_300": 85.32026615738869,
  "wap2_sum_300": 39.15532496571541,
  "wap2_mean_300": 53.83171671628952,
  "wap2_std_300": 111.47899517416954,
  "log_return1_sum_300": 97.90868580341339,
  "log_return1_realized_volatility_300": 4158.5892088115215,
  "log_return1_mean_300": 84.40673944354057,
  "log_return1_std_300": 324.51810386776924,
  "log_return2_sum_300": 66.78136882185936,
  "log_return2_realized_volatility_300": 1830.4034311175346,
  "log_return2_mean_300": 86.21592500805855,
  "log_return2_std_300": 87.88364601135254,
  "wap_balance_sum_300": 168.43646451830864,
  "wap_balance_mean_300": 838.3394441008568,
  "wap_balance_std_300": 87.35873407125473,
  "price_spread_sum_300": 493.9892128407955,
  "price_spread_mean_300": 374.72241643071175,
  "price_spread_std_300": 60.843510031700134,
  "bid_spread_sum_300": 87.3651310801506,
  "bid_spread_mean_300": 81.93890935182571,
  "bid_spread_std_300": 66.44069331884384,
  "ask_spread_sum_300": 47.77169767022133,
  "ask_spread_mean_300": 90.04821276664734,
  "ask_spread_std_300": 78.09008201956749,
  "total_volume_sum_300": 63.201693028211594,
  "total_volume_mean_300": 63.488111048936844,
  "total_volume_std_300": 88.10010412335396,
  "volume_imbalance_sum_300": 46.59318572282791,
  "volume_imbalance_mean_300": 66.29797393083572,
  "volume_imbalance_std_300": 49.82190099358559,
  "wap1_sum_150": 89.82384368777275,
  "wap1_mean_150": 43.830688923597336,
  "wap1_std_150": 56.64027735590935,
  "wap2_sum_150": 41.46716496348381,
  "wap2_mean_150": 38.86845779418945,
  "wap2_std_150": 93.45377415418625,
  "log_return1_sum_150": 59.22574910521507,
  "log_return1_realized_volatility_150": 118628.44740119576,
  "log_return1_mean_150": 59.67089918255806,
  "log_return1_std_150": 333.0294660329819,
  "log_return2_sum_150": 55.47326275706291,
  "log_return2_realized_volatility_150": 2354.818936228752,
  "log_return2_mean_150": 61.771160304546356,
  "log_return2_std_150": 84.39621874690056,
  "wap_balance_sum_150": 244.2996221780777,
  "wap_balance_mean_150": 218.98661243915558,
  "wap_balance_std_150": 148.91129350662231,
  "price_spread_sum_150": 348.5869445204735,
  "price_spread_mean_150": 388.66690495610237,
  "price_spread_std_150": 93.12363800406456,
  "bid_spread_sum_150": 67.36323407292366,
  "bid_spread_mean_150": 67.52297109365463,
  "bid_spread_std_150": 69.55602666735649,
  "ask_spread_sum_150": 84.86608952283859,
  "ask_spread_mean_150": 97.38182431459427,
  "ask_spread_std_150": 70.1618871986866,
  "total_volume_sum_150": 134.44010537862778,
  "total_volume_mean_150": 60.65530523657799,
  "total_volume_std_150": 54.48397794365883,
  "volume_imbalance_sum_150": 33.80593991279602,
  "volume_imbalance_mean_150": 712.6379687488079,
  "volume_imbalance_std_150": 556.1600525975227,
  "trade_log_return_realized_volatility": 492.9077641069889,
  "trade_seconds_in_bucket_count_unique": 174.09462508559227,
  "trade_size_sum": 83.3098004758358,
  "trade_order_count_mean": 145.47462230920792,
  "trade_log_return_realized_volatility_450": 747.6973114013672,
  "trade_seconds_in_bucket_count_unique_450": 192.69838592410088,
  "trade_size_sum_450": 95.53733000159264,
  "trade_order_count_mean_450": 229.41370353102684,
  "trade_log_return_realized_volatility_300": 424.2173615396023,
  "trade_seconds_in_bucket_count_unique_300": 175.61743411421776,
  "trade_size_sum_300": 81.85428622364998,
  "trade_order_count_mean_300": 186.05272662639618,
  "trade_log_return_realized_volatility_150": 151.2019402384758,
  "trade_seconds_in_bucket_count_unique_150": 178.3321649134159,
  "trade_size_sum_150": 103.0840827524662,
  "trade_order_count_mean_150": 141.85590308904648,
  "log_return1_realized_volatility_mean_stock": 237.65395912528038,
  "log_return1_realized_volatility_std_stock": 27.719216972589493,
  "log_return1_realized_volatility_max_stock": 11.305946946144104,
  "log_return1_realized_volatility_min_stock": 26.450069069862366,
  "log_return2_realized_volatility_mean_stock": 64.40479803085327,
  "log_return2_realized_volatility_std_stock": 32.49382880330086,
  "log_return2_realized_volatility_max_stock": 12.360653936862946,
  "log_return2_realized_volatility_min_stock": 24.740536123514175,
  "log_return1_realized_volatility_450_mean_stock": 271.69226720929146,
  "log_return1_realized_volatility_450_std_stock": 18.403578966856003,
  "log_return1_realized_volatility_450_max_stock": 11.061373054981232,
  "log_return1_realized_volatility_450_min_stock": 21.42310482263565,
  "log_return2_realized_volatility_450_mean_stock": 81.19873276352882,
  "log_return2_realized_volatility_450_std_stock": 14.318007975816727,
  "log_return2_realized_volatility_450_max_stock": 18.80082780122757,
  "log_return2_realized_volatility_450_min_stock": 11.612593978643417,
  "log_return1_realized_volatility_300_mean_stock": 113.7355987727642,
  "log_return1_realized_volatility_300_std_stock": 8.354488998651505,
  "log_return1_realized_volatility_300_max_stock": 8.23383903503418,
  "log_return1_realized_volatility_300_min_stock": 30.56427425146103,
  "log_return2_realized_volatility_300_mean_stock": 23.397584944963455,