{
  "stock_id": 9871.386394441128,
  "wap1_sum": 138.65735456347466,
  "wap1_mean": 77.54529786109924,
  "wap1_std": 95.12730666995049,
  "wap2_sum": 59.973402976989746,
  "wap2_mean": 59.68470297753811,
  "wap2_std": 112.8805840164423,
  "log_return1_sum": 100.64135724306107,
  "log_return1_realized_volatility": 143799.84996175766,
  "log_return1_mean": 78.90555582940578,
  "log_return1_std": 327.18944415450096,
  "log_return2_sum": 80.93647009134293,
  "log_return2_realized_volatility": 17702.32173973322,
  "log_return2_mean": 76.4011757671833,
  "log_return2_std": 114.80055549740791,
  "wap_balance_sum": 385.5240467786789,
  "wap_balance_mean": 239.89045996963978,
  "wap_balance_std": 171.8845592737198,
  "price_spread_sum": 1012.5551319122314,
  "price_spread_mean": 857.2159277498722,
  "price_spread_std": 208.4916598647833,
  "bid_spread_sum": 58.79581135511398,
  "bid_spread_mean": 183.2747908681631,
  "bid_spread_std": 115.55044305324554,
  "ask_spread_sum": 55.61660893261433,
  "ask_spread_mean": 1020.6792178750038,
  "ask_spread_std": 96.9536192715168,
  "total_volume_sum": 74.50797605514526,
  "total_volume_mean": 218.79673621058464,
  "total_volume_std": 140.22399978339672,
  "volume_imbalance_sum": 49.361201107501984,
  "volume_imbalance_mean": 409.50534792244434,
  "volume_imbalance_std": 119.48030176758766,
  "wap1_sum_450": 59.18173076212406,
  "wap1_mean_450": 72.48602910339832,
  "wap1_std_450": 222.68930070102215,
  "wap2_sum_450": 42.32682804763317,
  "wap2_mean_450": 100.45636904239655,
  "wap2_std_450": 375.01292875409126,
  "log_return1_sum_450": 88.39839784801006,
  "log_return1_realized_volatility_450": 674.2581796348095,
  "log_return1_mean_450": 91.85438139736652,
  "log_return1_std_450": 528.8463291823864,
  "log_return2_sum_450": 93.05943936109543,
  "log_return2_realized_volatility_450": 2396.362725406885,
  "log_return2_mean_450": 73.67445892095566,
  "log_return2_std_450": 113.1071058511734,
  "wap_balance_sum_450": 488.29624778032303,
  "wap_balance_mean_450": 146.72245308756828,
  "wap_balance_std_450": 102.78896874189377,
  "price_spread_sum_450": 423.807332187891,
  "price_spread_mean_450": 607.4088474959135,
  "price_spread_std_450": 80.52144441008568,
  "bid_spread_sum_450": 83.80836297571659,
  "bid_spread_mean_450": 101.87079620361328,
  "bid_spread_std_450": 95.44125801324844,
  "ask_spread_sum_450": 82.75271409749985,
  "ask_spread_mean_450": 498.74947810173035,
  "ask_spread_std_450": 84.69347950816154,
  "total_volume_sum_450": 217.59198606014252,
  "total_volume_mean_450": 145.32511726021767,
  "total_volume_std_450": 74.24201995134354,
  "volume_imbalance_sum_450": 73.03419831395149,
  "volume_imbalance_mean_450": 79.24506404995918,
  "volume_imbalance_std_450": 70.10427805781364,
  "wap1_sum_300": 85.92114153504372,
  "wap1_mean_300": 47.93638148903847,
  "wap1_std_300": 115.43780109286308,
  "wap2_sum_300": 21.34084503352642,
  "wap2_mean_300": 42.650854244828224,
  "wap2_std_300": 121.0184725522995,
  "log_return1_sum_300": 73.40483295917511,
  "log_return1_realized_volatility_300": 12032.141706347466,
  "log_return1_mean_300": 96.7389407157898,
  "log_return1_std_300": 840.7769629359245,
  "log_return2_sum_300": 60.88119177520275,
  "log_return2_realized_volatility_300": 1356.437736093998,
  "log_return2_mean_300": 83.95307411253452,
  "log_return2_std_300": 73.88521188497543,
  "wap_balance_sum_300": 135.18897522985935,
  "wap_balance_mean_300": 686.0143617987633,
  "wap_balance_std_300": 72.20325501263142,
  "price_spread_sum_300": 561.2756840288639,
  "price_spread_mean_300": 578.3344119489193,
  "price_spread_std_300": 75.61676102876663,
  "bid_spread_sum_300": 48.79612582921982,
  "bid_spread_mean_300": 64.04500575363636,
  "bid_spread_std_300": 73.1852058172226,
  "ask_spread_sum_300": 71.49971675872803,
  "ask_spread_mean_300": 85.88885989785194,
  "ask_spread_std_300": 78.44348499178886,
  "total_volume_sum_300": 79.7122052013874,
  "total_volume_mean_300": 61.347945392131805,
  "total_volume_std_300": 169.262655377388,
  "volume_imbalance_sum_300": 54.98242478072643,
  "volume_imbalance_mean_300": 72.36573016643524,
  "volume_imbalance_std_300": 51.261657908558846,
  "wap1_sum_150": 82.25420373678207,
  "wap1_mean_150": 56.71698713302612,
  "wap1_std_150": 98.71519124507904,
  "wap2_sum_150": 46.17475973069668,
  "wap2_mean_150": 48.95851589739323,
  "wap2_std_150": 112.5871843546629,
  "log_return1_sum_150": 83.9517651796341,
  "log_return1_realized_volatility_150": 173803.276369825,
  "log_return1_mean_150": 83.34287118911743,
  "log_return1_std_150": 225.84430775046349,
  "log_return2_sum_150": 68.15384951233864,
  "log_return2_realized_volatility_150": 3941.604075461626,
  "log_return2_mean_150": 88.67521113157272,
  "log_return2_std_150": 174.6549193263054,
  "wap_balance_sum_150": 347.93341390788555,
  "wap_balance_mean_150": 90.66661700606346,
  "wap_balance_std_150": 96.67833507061005,
  "price_spread_sum_150": 348.2608589529991,
  "price_spread_mean_150": 571.2654690742493,
  "price_spread_std_150": 100.83396789431572,
  "bid_spread_sum_150": 77.50274097919464,
  "bid_spread_mean_150": 82.60029858350754,
  "bid_spread_std_150": 81.01772923767567,
  "ask_spread_sum_150": 60.95098087191582,
  "ask_spread_mean_150": 66.31617394089699,
  "ask_spread_std_150": 62.76167619228363,
  "total_volume_sum_150": 129.79576870799065,
  "total_volume_mean_150": 84.42939153313637,
  "total_volume_std_150": 138.86224249005318,
  "volume_imbalance_sum_150": 43.62739713490009,
  "volume_imbalance_mean_150": 914.2953161746264,
  "volume_imbalance_std_150": 253.7840425670147,
  "trade_log_return_realized_volatility": 818.0664969533682,
  "trade_seconds_in_bucket_count_unique": 196.659603998065,
  "trade_size_sum": 78.64101527631283,
  "trade_order_count_mean": 187.32254949212074,
  "trade_log_return_realized_volatility_450": 896.2403031736612,
  "trade_seconds_in_bucket_count_unique_450": 282.5627257525921,
  "trade_size_sum_450": 145.17323398590088,
  "trade_order_count_mean_450": 208.71454775333405,
  "trade_log_return_realized_volatility_300": 586.9028054773808,
  "trade_seconds_in_bucket_count_unique_300": 237.4212555885315,
  "trade_size_sum_300": 122.54384309053421,
  "trade_order_count_mean_300": 162.40049198269844,
  "trade_log_return_realized_volatility_150": 299.41250072419643,
  "trade_seconds_in_bucket_count_unique_150": 226.7760383039713,
  "trade_size_sum_150": 97.92917919158936,
  "trade_order_count_mean_150": 176.13595333695412,
  "log_return1_realized_volatility_mean_stock": 326.9356597959995,
  "log_return1_realized_volatility_std_stock": 40.978429675102234,
  "log_return1_realized_volatility_max_stock": 22.576642394065857,
  "log_return1_realized_volatility_min_stock": 35.632485777139664,
  "log_return2_realized_volatility_mean_stock": 64.33074286580086,
  "log_return2_realized_volatility_std_stock": 71.79864078760147,
  "log_return2_realized_volatility_max_stock": 20.680867820978165,
  "log_return2_realized_volatility_min_stock": 46.69240944087505,
  "log_return1_realized_volatility_450_mean_stock": 436.902606099844,
  "log_return1_realized_volatility_450_std_stock": 19.52243733406067,
  "log_return1_realized_volatility_450_max_stock": 20.161543920636177,
  "log_return1_realized_volatility_450_min_stock": 19.085434049367905,
  "log_return2_realized_volatility_450_mean_stock": 107.68448314070702,
  "log_return2_realized_volatility_450_std_stock": 25.339857161045074,
  "log_return2_realized_volatility_450_max_stock": 16.16454005241394,
  "log_return2_realized_volatility_450_min_stock": 10.94744385778904,
  "log_return1_realized_volatility_300_mean_stock": 236.3556079864502,
  "log_return1_realized_volatility_300_std_stock": 6.557752966880798,
  "log_return1_realized_volatility_300_max_stock": 10.281176894903183,
  "log_return1_realized_volatility_300_min_stock": 34.64417186379433,
  "log_return2_realized_volatility_300_mean_stock": 9.675890952348709,