{
  "stock_id": 9347.678400099277,
  "wap1_sum": 157.27462615072727,
  "wap1_mean": 86.40259584784508,
  "wap1_std": 114.60181498527527,
  "wap2_sum": 88.8624089807272,
  "wap2_mean": 70.41726393997669,
  "wap2_std": 93.42117141187191,
  "log_return1_sum": 108.38303434848785,
  "log_return1_realized_volatility": 92906.69946546853,
  "log_return1_mean": 91.76074008643627,
  "log_return1_std": 498.693511813879,
  "log_return2_sum": 87.16508340835571,
  "log_return2_realized_volatility": 14608.157320216298,
  "log_return2_mean": 89.78890718519688,
  "log_return2_std": 72.7928428798914,
  "wap_balance_sum": 522.0039644986391,
  "wap_balance_mean": 116.0045570731163,
  "wap_balance_std": 182.88941748440266,
  "price_spread_sum": 1153.6710107922554,
  "price_spread_mean": 1363.2748191058636,
  "price_spread_std": 172.00605602562428,
  "bid_spread_sum": 72.20006872713566,
  "bid_spread_mean": 1388.3588276952505,
  "bid_spread_std": 95.70594191551208,
  "ask_spread_sum": 84.19145022332668,
  "ask_spread_mean": 1084.8198556005955,
  "ask_spread_std": 120.64087890088558,
  "total_volume_sum": 241.34016454219818,
  "total_volume_mean": 236.35589475929737,
  "total_volume_std": 74.34716840088367,
  "volume_imbalance_sum": 58.69098813831806,
  "volume_imbalance_mean": 1247.9791705310345,
  "volume_imbalance_std": 146.09686303138733,
  "wap1_sum_450": 124.33255860209465,
  "wap1_mean_450": 77.84860533475876,
  "wap1_std_450": 221.98600094020367,
  "wap2_sum_450": 65.47208411991596,
  "wap2_mean_450": 135.4831001162529,
  "wap2_std_450": 242.4422922283411,
  "log_return1_sum_450": 91.4771317243576,
  "log_return1_realized_volatility_450": 826.9560219794512,
  "log_return1_mean_450": 95.97236470878124,
  "log_return1_std_450": 319.98017187416553,
  "log_return2_sum_450": 83.08603435754776,
  "log_return2_realized_volatility_450": 8766.400036334991,
  "log_return2_mean_450": 90.7719140201807,
  "log_return2_std_450": 134.65592631697655,
  "wap_balance_sum_450": 275.25645503401756,
  "wap_balance_mean_450": 183.05055691301823,
  "wap_balance_std_450": 93.58326801657677,
  "price_spread_sum_450": 443.60072097182274,
  "price_spread_mean_450": 632.285500600934,
  "price_spread_std_450": 91.36364902555943,
  "bid_spread_sum_450": 68.73737600445747,
  "bid_spread_mean_450": 96.76188690960407,
  "bid_spread_std_450": 98.55432470142841,
  "ask_spread_sum_450": 69.49944829940796,
  "ask_spread_mean_450": 730.845302566886,
  "ask_spread_std_450": 87.96394480764866,
  "total_volume_sum_450": 105.70190182328224,
  "total_volume_mean_450": 103.20688407123089,
  "total_volume_std_450": 84.71843919157982,
  "volume_imbalance_sum_450": 65.82774615287781,
  "volume_imbalance_mean_450": 105.90481753647327,
  "volume_imbalance_std_450": 56.99095706641674,
  "wap1_sum_300": 79.67187222838402,
  "wap1_mean_300": 60.9177451133728,
  "wap1_std_300": 129.47965562343597,
  "wap2_sum_300": 62.722852036356926,
  "wap2_mean_300": 53.77335399389267,
  "wap2_std_300": 143.95026163756847,
  "log_return1_sum_300": 75.9554605036974,
  "log_return1_realized_volatility_300": 7642.829469919205,
  "log_return1_mean_300": 108.84018741548061,
  "log_return1_std_300": 518.4182153046131,
  "log_return2_sum_300": 72.40969371795654,
  "log_return2_realized_volatility_300": 2777.498763933778,
  "log_return2_mean_300": 98.54281514883041,
  "log_return2_std_300": 127.54780811071396,
  "wap_balance_sum_300": 168.7200805991888,
  "wap_balance_mean_300": 545.3835532218218,
  "wap_balance_std_300": 104.13272282481194,
  "price_spread_sum_300": 813.9857041239738,
  "price_spread_mean_300": 655.1392693817616,
  "price_spread_std_300": 92.25252737104893,
  "bid_spread_sum_300": 60.681366831064224,
  "bid_spread_mean_300": 88.34584480524063,
  "bid_spread_std_300": 82.07392127811909,
  "ask_spread_sum_300": 74.37187194824219,
  "ask_spread_mean_300": 93.63041566312313,
  "ask_spread_std_300": 114.68699975311756,
  "total_volume_sum_300": 85.76433752477169,
  "total_volume_mean_300": 92.9649997651577,
  "total_volume_std_300": 92.84192264080048,
  "volume_imbalance_sum_300": 55.432470455765724,
  "volume_imbalance_mean_300": 95.10388118028641,
  "volume_imbalance_std_300": 55.65142102539539,
  "wap1_sum_150": 106.54886588454247,
  "wap1_mean_150": 63.59735180437565,
  "wap1_std_150": 64.2543521374464,
  "wap2_sum_150": 73.67711472511292,
  "wap2_mean_150": 52.6792937964201,
  "wap2_std_150": 102.9873648583889,
  "log_return1_sum_150": 78.74439904093742,
  "log_return1_realized_volatility_150": 252901.9855066985,
  "log_return1_mean_150": 81.3787043839693,
  "log_return1_std_150": 174.84797014296055,
  "log_return2_sum_150": 61.31091280281544,
  "log_return2_realized_volatility_150": 5504.692253306508,
  "log_return2_mean_150": 79.82264025509357,
  "log_return2_std_150": 97.17613729834557,
  "wap_balance_sum_150": 364.5685311406851,
  "wap_balance_mean_150": 118.26110166311264,
  "wap_balance_std_150": 110.62324014306068,
  "price_spread_sum_150": 321.7154420763254,
  "price_spread_mean_150": 952.335952848196,
  "price_spread_std_150": 106.9727952927351,
  "bid_spread_sum_150": 62.63067512214184,
  "bid_spread_mean_150": 71.18615889549255,
  "bid_spread_std_150": 81.40524914860725,
  "ask_spread_sum_150": 80.38925305008888,
  "ask_spread_mean_150": 67.38926921784878,
  "ask_spread_std_150": 57.902710288763046,
  "total_volume_sum_150": 88.18811784684658,
  "total_volume_mean_150": 93.83549240231514,
  "total_volume_std_150": 86.06368270516396,
  "volume_imbalance_sum_150": 104.76935659348965,
  "volume_imbalance_mean_150": 97.9265645891428,
  "volume_imbalance_std_150": 96.5856235474348,
  "trade_log_return_realized_volatility": 2156.034787788987,
  "trade_seconds_in_bucket_count_unique": 347.9375441968441,
  "trade_size_sum": 122.79377204179764,
  "trade_order_count_mean": 199.49677301943302,
  "trade_log_return_realized_volatility_450": 909.46722830832,
  "trade_seconds_in_bucket_count_unique_450": 243.84753246605396,
  "trade_size_sum_450": 144.03102234005928,
  "trade_order_count_mean_450": 201.63277140259743,
  "trade_log_return_realized_volatility_300": 252.3231283724308,
  "trade_seconds_in_bucket_count_unique_300": 296.37217827141285,
  "trade_size_sum_300": 160.50576408207417,
  "trade_order_count_mean_300": 157.16154326498508,
  "trade_log_return_realized_volatility_150": 268.73900996148586,
  "trade_seconds_in_bucket_count_unique_150": 242.52167680859566,
  "trade_size_sum_150": 104.39508253335953,
  "trade_order_count_mean_150": 242.46327558159828,
  "log_return1_realized_volatility_mean_stock": 472.61675302684307,
  "log_return1_realized_volatility_std_stock": 58.89015908539295,
  "log_return1_realized_volatility_max_stock": 17.79961107671261,
  "log_return1_realized_volatility_min_stock": 71.52440184354782,
  "log_return2_realized_volatility_mean_stock": 121.24810928106308,
  "log_return2_realized_volatility_std_stock": 44.51227708160877,
  "log_return2_realized_volatility_max_stock": 24.8807010948658,
  "log_return2_realized_volatility_min_stock": 89.86712846159935,
  "log_return1_realized_volatility_450_mean_stock": 589.0017206817865,
  "log_return1_realized_volatility_450_std_stock": 60.001132130622864,
  "log_return1_realized_volatility_450_max_stock": 19.16555006802082,
  "log_return1_realized_volatility_450_min_stock": 29.170460015535355,
  "log_return2_realized_volatility_450_mean_stock": 135.3745485395193,
  "log_return2_realized_volatility_450_std_stock": 41.96085289120674,
  "log_return2_realized_volatility_450_max_stock": 16.566922917962074,
  "log_return2_realized_volatility_450_min_stock": 26.84891787171364,
  "log_return1_realized_volatility_300_mean_stock": 253.95982857048512,
  "log_return1_realized_volatility_300_std_stock": 24.864311054348946,
  "log_return1_realized_volatility_300_max_stock": 24.035942807793617,
  "log_return1_realized_volatility_300_min_stock": 73.1909981817007,
  "log_return2_realized_volatility_300_mean_stock": 206.30180172622204,