{
  "stock_id": 5832.507310152054,
  "wap1_sum": 3.530590057373047,
  "wap1_mean": 4.688350200653076,
  "wap1_std": 0.0,
  "wap2_sum": 7.04298996925354,
  "wap2_mean": 6.28863000869751,
  "wap2_std": 0.0,
  "log_return1_sum": 8.548840045928955,
  "log_return1_realized_volatility": 74210.64041757584,
  "log_return1_mean": 3.71343994140625,
  "log_return1_std": 0.0,
  "log_return2_sum": 32.018760681152344,
  "log_return2_realized_volatility": 2853.5287170410156,
  "log_return2_mean": 5.748990058898926,
  "log_return2_std": 6.0531699657440186,
  "wap_balance_sum": 578.0586123466492,
  "wap_balance_mean": 35.84409046173096,
  "wap_balance_std": 11.189200401306152,
  "price_spread_sum": 305.7815568447113,
  "price_spread_mean": 6.188760042190552,
  "price_spread_std": 80.95719075202942,
  "bid_spread_sum": 78.67084074020386,
  "bid_spread_mean": 31.248180389404297,
  "bid_spread_std": 2.846169948577881,
  "ask_spread_sum": 77.95290040969849,
  "ask_spread_mean": 257.10146474838257,
  "ask_spread_std": 4.27564001083374,
  "total_volume_sum": 7.6296000480651855,
  "total_volume_mean": 17.552459716796875,
  "total_volume_std": 405.38168716430664,
  "volume_imbalance_sum": 46.257590532302856,
  "volume_imbalance_mean": 55.50878930091858,
  "volume_imbalance_std": 104.71231842041016,
  "wap1_sum_450": 0.0,
  "wap1_mean_450": 9.276800155639648,
  "wap1_std_450": 26.493650436401367,
  "wap2_sum_450": 0.0,
  "wap2_mean_450": 38.90560007095337,
  "wap2_std_450": 94.37587809562683,
  "log_return1_sum_450": 19.719419479370117,
  "log_return1_realized_volatility_450": 1763.141675710678,
  "log_return1_mean_450": 6.954349994659424,
  "log_return1_std_450": 188.38687753677368,
  "log_return2_sum_450": 4.537370204925537,
  "log_return2_realized_volatility_450": 7029.777804136276,
  "log_return2_mean_450": 0.0,
  "log_return2_std_450": 0.0,
  "wap_balance_sum_450": 1170.3355424404144,
  "wap_balance_mean_450": 625.3438813686371,
  "wap_balance_std_450": 14.336299896240234,
  "price_spread_sum_450": 410.8884644508362,
  "price_spread_mean_450": 43.60331988334656,
  "price_spread_std_450": 4.083799839019775,
  "bid_spread_sum_450": 50.87984037399292,
  "bid_spread_mean_450": 36.34664058685303,
  "bid_spread_std_450": 7.64982008934021,
  "ask_spread_sum_450": 52.85560941696167,
  "ask_spread_mean_450": 2002.3234422206879,
  "ask_spread_std_450": 0.0,
  "total_volume_sum_450": 52.881389141082764,
  "total_volume_mean_450": 0.0,
  "total_volume_std_450": 216.37398958206177,
  "volume_imbalance_sum_450": 4.422619819641113,
  "volume_imbalance_mean_450": 12.159199714660645,
  "volume_imbalance_std_450": 83.36376976966858,
  "wap1_sum_300": 2.642970085144043,
  "wap1_mean_300": 3.0218000411987305,
  "wap1_std_300": 0.0,
  "wap2_sum_300": 0.0,
  "wap2_mean_300": 0.0,
  "wap2_std_300": 21.120410203933716,
  "log_return1_sum_300": 18.81128978729248,
  "log_return1_realized_volatility_300": 6525.849635601044,
  "log_return1_mean_300": 12.35194993019104,
  "log_return1_std_300": 128.00411772727966,
  "log_return2_sum_300": 4.577010154724121,
  "log_return2_realized_volatility_300": 3271.3752341270447,
  "log_return2_mean_300": 7.834480047225952,
  "log_return2_std_300": 0.0,
  "wap_balance_sum_300": 1784.967230796814,
  "wap_balance_mean_300": 914.2319915294647,
  "wap_balance_std_300": 0.0,
  "price_spread_sum_300": 269.2249798774719,
  "price_spread_mean_300": 93.14099025726318,
  "price_spread_std_300": 56.91977047920227,
  "bid_spread_sum_300": 94.48766207695007,
  "bid_spread_mean_300": 15.160140037536621,
  "bid_spread_std_300": 7.53954005241394,
  "ask_spread_sum_300": 82.9209611415863,
  "ask_spread_mean_300": 33.638779640197754,
  "ask_spread_std_300": 3.9121599197387695,
  "total_volume_sum_300": 20.36310911178589,
  "total_volume_mean_300": 0.0,
  "total_volume_std_300": 203.2996416091919,
  "volume_imbalance_sum_300": 21.735680103302002,
  "volume_imbalance_mean_300": 6.425079822540283,
  "volume_imbalance_std_300": 340.85046577453613,
  "wap1_sum_150": 0.0,
  "wap1_mean_150": 0.0,
  "wap1_std_150": 0.0,
  "wap2_sum_150": 0.0,
  "wap2_mean_150": 0.0,
  "wap2_std_150": 0.0,
  "log_return1_sum_150": 0.0,
  "log_return1_realized_volatility_150": 67416.69507789612,
  "log_return1_mean_150": 0.0,
  "log_return1_std_150": 146.48916840553284,
  "log_return2_sum_150": 15.633899688720703,
  "log_return2_realized_volatility_150": 4679.7078557014465,
  "log_return2_mean_150": 9.734760046005249,
  "log_return2_std_150": 0.0,
  "wap_balance_sum_150": 4380.977253437042,
  "wap_balance_mean_150": 48.65211057662964,
  "wap_balance_std_150": 0.0,
  "price_spread_sum_150": 254.6534607410431,
  "price_spread_mean_150": 3.7139899730682373,
  "price_spread_std_150": 785.5039689540863,
  "bid_spread_sum_150": 104.94841957092285,
  "bid_spread_mean_150": 30.715839385986328,
  "bid_spread_std_150": 0.0,
  "ask_spread_sum_150": 32.708070278167725,
  "ask_spread_mean_150": 48.48519039154053,
  "ask_spread_std_150": 0.0,
  "total_volume_sum_150": 76.77162075042725,
  "total_volume_mean_150": 0.0,
  "total_volume_std_150": 268.848744392395,
  "volume_imbalance_sum_150": 8.110960006713867,
  "volume_imbalance_mean_150": 0.0,
  "volume_imbalance_std_150": 491.07194900512695,
  "trade_log_return_realized_volatility": 1380.456167936325,
  "trade_seconds_in_bucket_count_unique": 54.95394039154053,
  "trade_size_sum": 256.1639013290405,
  "trade_order_count_mean": 22.666229724884033,
  "trade_log_return_realized_volatility_450": 320.6236765384674,
  "trade_seconds_in_bucket_count_unique_450": 78.03034019470215,
  "trade_size_sum_450": 78.65685868263245,
  "trade_order_count_mean_450": 80.76187992095947,
  "trade_log_return_realized_volatility_300": 3.0626399517059326,
  "trade_seconds_in_bucket_count_unique_300": 53.58416986465454,
  "trade_size_sum_300": 72.16899013519287,
  "trade_order_count_mean_300": 6.072229862213135,
  "trade_log_return_realized_volatility_150": 4.6257500648498535,
  "trade_seconds_in_bucket_count_unique_150": 102.6440691947937,
  "trade_size_sum_150": 32.99653077125549,
  "trade_order_count_mean_150": 26.99010992050171,
  "log_return1_realized_volatility_mean_stock": 0.0,
  "log_return1_realized_volatility_std_stock": 0.0,
  "log_return1_realized_volatility_max_stock": 0.0,
  "log_return1_realized_volatility_min_stock": 0.0,
  "log_return2_realized_volatility_mean_stock": 0.0,
  "log_return2_realized_volatility_std_stock": 0.0,
  "log_return2_realized_volatility_max_stock": 0.0,
  "log_return2_realized_volatility_min_stock": 0.0,
  "log_return1_realized_volatility_450_mean_stock": 338.2374620437622,
  "log_return1_realized_volatility_450_std_stock": 0.0,
  "log_return1_realized_volatility_450_max_stock": 6.613490104675293,
  "log_return1_realized_volatility_450_min_stock": 0.0,
  "log_return2_realized_volatility_450_mean_stock": 0.0,
  "log_return2_realized_volatility_450_std_stock": 0.0,
  "log_return2_realized_volatility_450_max_stock": 0.0,
  "log_return2_realized_volatility_450_min_stock": 0.0,
  "log_return1_realized_volatility_300_mean_stock": 429.9419860839844,
  "log_return1_realized_volatility_300_std_stock": 0.0,
  "log_return1_realized_volatility_300_max_stock": 0.0,
  "log_return1_realized_volatility_300_min_stock": 0.0,
  "log_return2_realized_volatility_300_mean_stock": 0.0,
  "log_return2_realized_volatility_300_std_stock": 0.0,
  "log_return2_realized_volatility_300_max_stock": 0.0,
  "log_return2_realized_volatility_300_min_stock": 0.0,
  "log_return1_realized_volatility_150_mean_stock": 0.0,
  "log_return1_realized_volatility_150_std_stock": 0.0,
  "log_return1_realized_volatility_150_max_stock": 0.0,
  "log_return1_realized_volatility_150_min_stock": 0.0,
  "log_return2_realized_volatility_150_mean_stock": 0.0,
  "log_return2_realized_volatility_150_std_stock": 0.0,
  "log_return2_realized_volatility_150_max_stock": 0.0,
  "log_return2_realized_volatility_150_min_stock": 26.51807928085327,
  "trade_log_return_realized_volatility_mean_stock": 0.0,