{
  "stock_id": 11361.599671661854,
  "wap1_sum": 149.44090450555086,
  "wap1_mean": 86.51827803254128,
  "wap1_std": 107.91851469129324,
  "wap2_sum": 106.82031509280205,
  "wap2_mean": 67.01320824027061,
  "wap2_std": 98.4675820171833,
  "log_return1_sum": 107.3711369484663,
  "log_return1_realized_volatility": 119390.11537759006,
  "log_return1_mean": 81.16160587966442,
  "log_return1_std": 378.1941079348326,
  "log_return2_sum": 119.75658605992794,
  "log_return2_realized_volatility": 18875.73271884024,
  "log_return2_mean": 78.5315380692482,
  "log_return2_std": 100.71895672380924,
  "wap_balance_sum": 585.3161414861679,
  "wap_balance_mean": 131.33845441043377,
  "wap_balance_std": 107.10602001845837,
  "price_spread_sum": 1013.6614999324083,
  "price_spread_mean": 1412.0553623586893,
  "price_spread_std": 185.54540765285492,
  "bid_spread_sum": 95.49127116799355,
  "bid_spread_mean": 1339.3359800875187,
  "bid_spread_std": 123.1466133594513,
  "ask_spread_sum": 92.27161414921284,
  "ask_spread_mean": 477.04699574410915,
  "ask_spread_std": 78.79075548052788,
  "total_volume_sum": 131.40041971206665,
  "total_volume_mean": 258.4969252720475,
  "total_volume_std": 132.5983584523201,
  "volume_imbalance_sum": 64.25168396532536,
  "volume_imbalance_mean": 1442.9673646837473,
  "volume_imbalance_std": 173.42501766979694,
  "wap1_sum_450": 81.98006547987461,
  "wap1_mean_450": 58.76738499104977,
  "wap1_std_450": 234.81205083429813,
  "wap2_sum_450": 63.31282319128513,
  "wap2_mean_450": 131.42436821758747,
  "wap2_std_450": 259.95705419778824,
  "log_return1_sum_450": 104.82479554414749,
  "log_return1_realized_volatility_450": 870.4090976268053,
  "log_return1_mean_450": 101.61283105611801,
  "log_return1_std_450": 301.723035633564,
  "log_return2_sum_450": 92.00510522723198,
  "log_return2_realized_volatility_450": 2325.1446836292744,
  "log_return2_mean_450": 96.31044695526361,
  "log_return2_std_450": 220.69163221865892,
  "wap_balance_sum_450": 244.079070687294,
  "wap_balance_mean_450": 133.49253691732883,
  "wap_balance_std_450": 102.69394017755985,
  "price_spread_sum_450": 379.1954363286495,
  "price_spread_mean_450": 684.9001737833023,
  "price_spread_std_450": 166.8849686384201,
  "bid_spread_sum_450": 82.39637522399426,
  "bid_spread_mean_450": 110.10565386712551,
  "bid_spread_std_450": 101.72088372707367,
  "ask_spread_sum_450": 116.65483118593693,
  "ask_spread_mean_450": 972.6077089011669,
  "ask_spread_std_450": 86.1903879493475,
  "total_volume_sum_450": 89.3695120215416,
  "total_volume_mean_450": 94.99822905659676,
  "total_volume_std_450": 142.00126296281815,
  "volume_imbalance_sum_450": 75.97755612432957,
  "volume_imbalance_mean_450": 80.34746590256691,
  "volume_imbalance_std_450": 72.10030591487885,
  "wap1_sum_300": 73.52019213140011,
  "wap1_mean_300": 53.84577403962612,
  "wap1_std_300": 148.85786451399326,
  "wap2_sum_300": 56.921376183629036,
  "wap2_mean_300": 44.75252990424633,
  "wap2_std_300": 146.96319940686226,
  "log_return1_sum_300": 100.0983008146286,
  "log_return1_realized_volatility_300": 8639.989687077701,
  "log_return1_mean_300": 108.04158180952072,
  "log_return1_std_300": 381.275932431221,
  "log_return2_sum_300": 100.70702227950096,
  "log_return2_realized_volatility_300": 3407.813145637512,
  "log_return2_mean_300": 101.14937691390514,
  "log_return2_std_300": 139.3759786337614,
  "wap_balance_sum_300": 138.86767526715994,
  "wap_balance_mean_300": 297.8113936185837,
  "wap_balance_std_300": 96.81130987405777,
  "price_spread_sum_300": 866.4990774840117,
  "price_spread_mean_300": 680.3503652662039,
  "price_spread_std_300": 95.9290080666542,
  "bid_spread_sum_300": 78.47109793126583,
  "bid_spread_mean_300": 90.11486984789371,
  "bid_spread_std_300": 79.45902426540852,
  "ask_spread_sum_300": 73.15160332620144,
  "ask_spread_mean_300": 93.37783788144588,
  "ask_spread_std_300": 93.681963711977,
  "total_volume_sum_300": 74.02158026397228,
  "total_volume_mean_300": 227.27567851543427,
  "total_volume_std_300": 235.77749945223331,
  "volume_imbalance_sum_300": 55.1796108931303,
  "volume_imbalance_mean_300": 84.44990302622318,
  "volume_imbalance_std_300": 78.48709751665592,
  "wap1_sum_150": 99.68904272466898,
  "wap1_mean_150": 61.280706003308296,
  "wap1_std_150": 68.77855916321278,
  "wap2_sum_150": 86.49043095111847,
  "wap2_mean_150": 42.97883293032646,
  "wap2_std_150": 106.26248872280121,
  "log_return1_sum_150": 87.76484274864197,
  "log_return1_realized_volatility_150": 249005.1360047087,
  "log_return1_mean_150": 73.16255097091198,
  "log_return1_std_150": 780.9109349399805,
  "log_return2_sum_150": 84.73080550134182,
  "log_return2_realized_volatility_150": 4112.106598868966,
  "log_return2_mean_150": 69.70997682213783,
  "log_return2_std_150": 163.2545014321804,
  "wap_balance_sum_150": 338.31178902089596,
  "wap_balance_mean_150": 124.95284548401833,
  "wap_balance_std_150": 82.59614814817905,
  "price_spread_sum_150": 306.84930542111397,
  "price_spread_mean_150": 842.1561999320984,
  "price_spread_std_150": 99.54500579833984,
  "bid_spread_sum_150": 73.36656691133976,
  "bid_spread_mean_150": 91.52149404585361,
  "bid_spread_std_150": 97.85041914880276,
  "ask_spread_sum_150": 75.26975174248219,
  "ask_spread_mean_150": 82.76406885683537,
  "ask_spread_std_150": 69.47141708433628,
  "total_volume_sum_150": 95.2283016294241,
  "total_volume_mean_150": 105.22167783975601,
  "total_volume_std_150": 121.8569985628128,
  "volume_imbalance_sum_150": 62.27869099378586,
  "volume_imbalance_mean_150": 71.8041178882122,
  "volume_imbalance_std_150": 71.75902855396271,
  "trade_log_return_realized_volatility": 1199.3783017545938,
  "trade_seconds_in_bucket_count_unique": 245.01549100130796,
  "trade_size_sum": 154.49880078434944,
  "trade_order_count_mean": 257.666564643383,
  "trade_log_return_realized_volatility_450": 949.2306584566832,
  "trade_seconds_in_bucket_count_unique_450": 369.4371384829283,
  "trade_size_sum_450": 141.47919875383377,
  "trade_order_count_mean_450": 215.99388487637043,
  "trade_log_return_realized_volatility_300": 367.46178762614727,
  "trade_seconds_in_bucket_count_unique_300": 278.1163727939129,
  "trade_size_sum_300": 134.73105181753635,
  "trade_order_count_mean_300": 170.92940180003643,
  "trade_log_return_realized_volatility_150": 262.4972683787346,
  "trade_seconds_in_bucket_count_unique_150": 267.78143494576216,
  "trade_size_sum_150": 97.09622056782246,
  "trade_order_count_mean_150": 172.7710226252675,
  "log_return1_realized_volatility_mean_stock": 400.77609534561634,
  "log_return1_realized_volatility_std_stock": 43.64218898117542,
  "log_return1_realized_volatility_max_stock": 19.942904949188232,
  "log_return1_realized_volatility_min_stock": 83.23397901654243,
  "log_return2_realized_volatility_mean_stock": 118.67766082286835,
  "log_return2_realized_volatility_std_stock": 47.08103233575821,
  "log_return2_realized_volatility_max_stock": 16.915567964315414,
  "log_return2_realized_volatility_min_stock": 87.14092499017715,
  "log_return1_realized_volatility_450_mean_stock": 691.8781134188175,
  "log_return1_realized_volatility_450_std_stock": 75.19169096648693,
  "log_return1_realized_volatility_450_max_stock": 23.551855146884918,
  "log_return1_realized_volatility_450_min_stock": 31.383929148316383,
  "log_return2_realized_volatility_450_mean_stock": 113.39567518234253,
  "log_return2_realized_volatility_450_std_stock": 53.697016954422,
  "log_return2_realized_volatility_450_max_stock": 23.02937014400959,
  "log_return2_realized_volatility_450_min_stock": 16.482750058174133,
  "log_return1_realized_volatility_300_mean_stock": 162.1944881528616,
  "log_return1_realized_volatility_300_std_stock": 13.101804077625275,
  "log_return1_realized_volatility_300_max_stock": 13.294567033648491,
  "log_return1_realized_volatility_300_min_stock": 24.55547295510769,
  "log_return2_realized_volatility_300_mean_stock": 52.820166513323784,