{
  "stock_id": 10389.955375880003,
  "wap1_sum": 133.71843323111534,
  "wap1_mean": 86.42567294836044,
  "wap1_std": 99.40484856069088,
  "wap2_sum": 104.73789997398853,
  "wap2_mean": 73.04607506096363,
  "wap2_std": 98.93419396877289,
  "log_return1_sum": 96.79195922613144,
  "log_return1_realized_volatility": 99075.0732959956,
  "log_return1_mean": 90.7825952321291,
  "log_return1_std": 556.2592777758837,
  "log_return2_sum": 92.07652232050896,
  "log_return2_realized_volatility": 20877.758612930775,
  "log_return2_mean": 95.76903688907623,
  "log_return2_std": 151.47867019474506,
  "wap_balance_sum": 532.9874024540186,
  "wap_balance_mean": 115.13455127179623,
  "wap_balance_std": 150.3690372556448,
  "price_spread_sum": 1210.1075661927462,
  "price_spread_mean": 1247.586306169629,
  "price_spread_std": 190.60162697732449,
  "bid_spread_sum": 91.51377092301846,
  "bid_spread_mean": 1348.1239893436432,
  "bid_spread_std": 96.3167322576046,
  "ask_spread_sum": 86.67133775353432,
  "ask_spread_mean": 1515.074690669775,
  "ask_spread_std": 93.50214594602585,
  "total_volume_sum": 270.4219259619713,
  "total_volume_mean": 320.43276984989643,
  "total_volume_std": 133.2609984278679,
  "volume_imbalance_sum": 56.85495275259018,
  "volume_imbalance_mean": 830.223762601614,
  "volume_imbalance_std": 84.53868348896503,
  "wap1_sum_450": 126.3920305967331,
  "wap1_mean_450": 73.5064387768507,
  "wap1_std_450": 285.112511202693,
  "wap2_sum_450": 78.97521010041237,
  "wap2_mean_450": 104.85652284324169,
  "wap2_std_450": 297.6306145489216,
  "log_return1_sum_450": 106.55388753116131,
  "log_return1_realized_volatility_450": 1138.0024538189173,
  "log_return1_mean_450": 107.24471752345562,
  "log_return1_std_450": 363.32931584864855,
  "log_return2_sum_450": 97.27787604928017,
  "log_return2_realized_volatility_450": 9197.294126406312,
  "log_return2_mean_450": 90.26202772557735,
  "log_return2_std_450": 131.901975274086,
  "wap_balance_sum_450": 278.48012149333954,
  "wap_balance_mean_450": 121.28882317245007,
  "wap_balance_std_450": 117.1727802157402,
  "price_spread_sum_450": 469.2075819373131,
  "price_spread_mean_450": 732.0456837415695,
  "price_spread_std_450": 117.22353984415531,
  "bid_spread_sum_450": 74.85617035627365,
  "bid_spread_mean_450": 107.88554176688194,
  "bid_spread_std_450": 116.25786200165749,
  "ask_spread_sum_450": 92.0157059431076,
  "ask_spread_mean_450": 763.3759449869394,
  "ask_spread_std_450": 79.2233819514513,
  "total_volume_sum_450": 74.92293614149094,
  "total_volume_mean_450": 100.6326170116663,
  "total_volume_std_450": 107.85340325534344,
  "volume_imbalance_sum_450": 67.60906305909157,
  "volume_imbalance_mean_450": 68.20672999322414,
  "volume_imbalance_std_450": 64.77244816720486,
  "wap1_sum_300": 75.95181621611118,
  "wap1_mean_300": 61.835737727582455,
  "wap1_std_300": 130.80388052761555,
  "wap2_sum_300": 64.55607599020004,
  "wap2_mean_300": 57.5431162416935,
  "wap2_std_300": 141.03114579617977,
  "log_return1_sum_300": 98.86719018220901,
  "log_return1_realized_volatility_300": 9686.309055238962,
  "log_return1_mean_300": 106.29050274193287,
  "log_return1_std_300": 896.4245920181274,
  "log_return2_sum_300": 90.50223770737648,
  "log_return2_realized_volatility_300": 2096.303815305233,
  "log_return2_mean_300": 104.9311060756445,
  "log_return2_std_300": 100.5074508190155,
  "wap_balance_sum_300": 202.01651552319527,
  "wap_balance_mean_300": 576.5434342473745,
  "wap_balance_std_300": 92.11767981946468,
  "price_spread_sum_300": 1066.5739421248436,
  "price_spread_mean_300": 1281.7729846984148,
  "price_spread_std_300": 96.73081009089947,
  "bid_spread_sum_300": 66.06521341204643,
  "bid_spread_mean_300": 108.75664034485817,
  "bid_spread_std_300": 91.9010098874569,
  "ask_spread_sum_300": 65.07448998093605,
  "ask_spread_mean_300": 100.8557486385107,
  "ask_spread_std_300": 111.86280296742916,
  "total_volume_sum_300": 83.20432183146477,
  "total_volume_mean_300": 73.73767428100109,
  "total_volume_std_300": 119.05920419096947,
  "volume_imbalance_sum_300": 64.16336700320244,
  "volume_imbalance_mean_300": 84.798145160079,
  "volume_imbalance_std_300": 55.69671203196049,
  "wap1_sum_150": 85.42848771810532,
  "wap1_mean_150": 71.22987413406372,
  "wap1_std_150": 83.16424997150898,
  "wap2_sum_150": 56.79545333981514,
  "wap2_mean_150": 47.21533492207527,
  "wap2_std_150": 116.9079471975565,
  "log_return1_sum_150": 81.71134594082832,
  "log_return1_realized_volatility_150": 261171.8289949745,
  "log_return1_mean_150": 80.61209893226624,
  "log_return1_std_150": 274.6248117983341,
  "log_return2_sum_150": 67.83330911397934,
  "log_return2_realized_volatility_150": 5859.562202855945,
  "log_return2_mean_150": 70.61238579452038,
  "log_return2_std_150": 96.70087940990925,
  "wap_balance_sum_150": 290.86259128153324,
  "wap_balance_mean_150": 168.3172457665205,
  "wap_balance_std_150": 145.62522533535957,
  "price_spread_sum_150": 247.24653048813343,
  "price_spread_mean_150": 440.6703391671181,
  "price_spread_std_150": 101.54015697538853,
  "bid_spread_sum_150": 66.93125800788403,
  "bid_spread_mean_150": 71.20265670120716,
  "bid_spread_std_150": 63.22239011526108,
  "ask_spread_sum_150": 83.08514100313187,
  "ask_spread_mean_150": 116.91584712266922,
  "ask_spread_std_150": 63.08499392867088,
  "total_volume_sum_150": 74.56484296917915,
  "total_volume_mean_150": 138.71920196712017,
  "total_volume_std_150": 117.50142806768417,
  "volume_imbalance_sum_150": 84.56313920021057,
  "volume_imbalance_mean_150": 127.84611354768276,
  "volume_imbalance_std_150": 55.44092704355717,
  "trade_log_return_realized_volatility": 2262.9746793806553,
  "trade_seconds_in_bucket_count_unique": 380.21952352672815,
  "trade_size_sum": 111.50915214419365,
  "trade_order_count_mean": 309.0643401443958,
  "trade_log_return_realized_volatility_450": 859.0239142030478,
  "trade_seconds_in_bucket_count_unique_450": 320.2190311551094,
  "trade_size_sum_450": 126.21186782419682,
  "trade_order_count_mean_450": 192.66799914836884,
  "trade_log_return_realized_volatility_300": 402.81338745355606,
  "trade_seconds_in_bucket_count_unique_300": 265.04846750199795,
  "trade_size_sum_300": 149.90858000516891,
  "trade_order_count_mean_300": 234.96175453066826,
  "trade_log_return_realized_volatility_150": 214.04093776643276,
  "trade_seconds_in_bucket_count_unique_150": 236.09881976246834,
  "trade_size_sum_150": 158.13319659233093,
  "trade_order_count_mean_150": 183.49722822010517,
  "log_return1_realized_volatility_mean_stock": 408.5779026299715,
  "log_return1_realized_volatility_std_stock": 51.4789212346077,
  "log_return1_realized_volatility_max_stock": 21.51779767870903,
  "log_return1_realized_volatility_min_stock": 51.27582044899464,
  "log_return2_realized_volatility_mean_stock": 123.10092540085316,
  "log_return2_realized_volatility_std_stock": 49.802872613072395,
  "log_return2_realized_volatility_max_stock": 20.775396019220352,
  "log_return2_realized_volatility_min_stock": 76.62151066958904,
  "log_return1_realized_volatility_450_mean_stock": 687.2757893502712,
  "log_return1_realized_volatility_450_std_stock": 39.26562812924385,
  "log_return1_realized_volatility_450_max_stock": 21.340831115841866,
  "log_return1_realized_volatility_450_min_stock": 24.402897000312805,
  "log_return2_realized_volatility_450_mean_stock": 153.73480731248856,
  "log_return2_realized_volatility_450_std_stock": 64.17824643850327,
  "log_return2_realized_volatility_450_max_stock": 21.590898856520653,
  "log_return2_realized_volatility_450_min_stock": 15.328269079327583,
  "log_return1_realized_volatility_300_mean_stock": 305.6131244599819,
  "log_return1_realized_volatility_300_std_stock": 22.401025876402855,
  "log_return1_realized_volatility_300_max_stock": 20.132467925548553,
  "log_return1_realized_volatility_300_min_stock": 78.85202798247337,
  "log_return2_realized_volatility_300_mean_stock": 212.20016452670097,