{
  "stock_id": 10030.681694306433,
  "wap1_sum": 112.25946713984013,
  "wap1_mean": 83.88232064247131,
  "wap1_std": 93.33397801965475,
  "wap2_sum": 128.3733638226986,
  "wap2_mean": 73.23930320888758,
  "wap2_std": 82.91932375729084,
  "log_return1_sum": 110.6786402463913,
  "log_return1_realized_volatility": 100073.30353061855,
  "log_return1_mean": 81.35551999509335,
  "log_return1_std": 2431.9226780235767,
  "log_return2_sum": 88.33779700100422,
  "log_return2_realized_volatility": 19732.935293391347,
  "log_return2_mean": 93.65414807200432,
  "log_return2_std": 93.58977940678596,
  "wap_balance_sum": 485.10060526430607,
  "wap_balance_mean": 232.92876130342484,
  "wap_balance_std": 140.3455908447504,
  "price_spread_sum": 1242.3262596428394,
  "price_spread_mean": 823.542473308742,
  "price_spread_std": 162.48604509234428,
  "bid_spread_sum": 82.2513791397214,
  "bid_spread_mean": 1413.2679151818156,
  "bid_spread_std": 133.9783892929554,
  "ask_spread_sum": 62.22030520439148,
  "ask_spread_mean": 1299.966480076313,
  "ask_spread_std": 99.84769440442324,
  "total_volume_sum": 295.9325062930584,
  "total_volume_mean": 291.4537957534194,
  "total_volume_std": 196.85270573198795,
  "volume_imbalance_sum": 58.955950036644936,
  "volume_imbalance_mean": 671.9760240763426,
  "volume_imbalance_std": 75.07794009149075,
  "wap1_sum_450": 101.97224336862564,
  "wap1_mean_450": 71.5356992855668,
  "wap1_std_450": 264.62769958376884,
  "wap2_sum_450": 55.352001279592514,
  "wap2_mean_450": 113.68989789485931,
  "wap2_std_450": 240.68081787228584,
  "log_return1_sum_450": 83.12119001150131,
  "log_return1_realized_volatility_450": 1451.343846052885,
  "log_return1_mean_450": 101.98623111844063,
  "log_return1_std_450": 454.8825376778841,
  "log_return2_sum_450": 115.43300691246986,
  "log_return2_realized_volatility_450": 9695.411005616188,
  "log_return2_mean_450": 105.75912214815617,
  "log_return2_std_450": 133.84953191876411,
  "wap_balance_sum_450": 153.06009989976883,
  "wap_balance_mean_450": 86.75161191821098,
  "wap_balance_std_450": 113.58751884102821,
  "price_spread_sum_450": 412.85484279692173,
  "price_spread_mean_450": 679.7117840349674,
  "price_spread_std_450": 81.75935709476471,
  "bid_spread_sum_450": 106.53127852082253,
  "bid_spread_mean_450": 96.73373465240002,
  "bid_spread_std_450": 83.15894384682178,
  "ask_spread_sum_450": 63.5635374635458,
  "ask_spread_mean_450": 1097.4607129395008,
  "ask_spread_std_450": 79.85040889680386,
  "total_volume_sum_450": 137.056761354208,
  "total_volume_mean_450": 167.3707016184926,
  "total_volume_std_450": 91.71126671135426,
  "volume_imbalance_sum_450": 66.50153410434723,
  "volume_imbalance_mean_450": 64.01527217030525,
  "volume_imbalance_std_450": 71.2517229616642,
  "wap1_sum_300": 91.43420094251633,
  "wap1_mean_300": 86.69683349132538,
  "wap1_std_300": 153.15184572339058,
  "wap2_sum_300": 69.74238219857216,
  "wap2_mean_300": 58.191215962171555,
  "wap2_std_300": 115.61933371424675,
  "log_return1_sum_300": 90.40966933965683,
  "log_return1_realized_volatility_300": 22748.450900271535,
  "log_return1_mean_300": 120.92580479383469,
  "log_return1_std_300": 740.9807443022728,
  "log_return2_sum_300": 75.03116817772388,
  "log_return2_realized_volatility_300": 2650.378101103008,
  "log_return2_mean_300": 82.33059204369783,
  "log_return2_std_300": 152.63239699602127,
  "wap_balance_sum_300": 268.32712300121784,
  "wap_balance_mean_300": 453.63182140886784,
  "wap_balance_std_300": 76.63273791968822,
  "price_spread_sum_300": 1133.619772836566,
  "price_spread_mean_300": 1505.83712297678,
  "price_spread_std_300": 99.70300880074501,
  "bid_spread_sum_300": 58.38380913436413,
  "bid_spread_mean_300": 86.0465478003025,
  "bid_spread_std_300": 107.17151129245758,
  "ask_spread_sum_300": 75.99980513751507,
  "ask_spread_mean_300": 94.32353809475899,
  "ask_spread_std_300": 110.64166478812695,
  "total_volume_sum_300": 75.8671926856041,
  "total_volume_mean_300": 69.70574517548084,
  "total_volume_std_300": 120.97865077853203,
  "volume_imbalance_sum_300": 57.68229715526104,
  "volume_imbalance_mean_300": 194.55175325274467,
  "volume_imbalance_std_300": 60.42784418165684,
  "wap1_sum_150": 90.10537219792604,
  "wap1_mean_150": 70.1374619603157,
  "wap1_std_150": 69.11150813102722,
  "wap2_sum_150": 115.6423808336258,
  "wap2_mean_150": 46.42084813117981,
  "wap2_std_150": 156.52427619695663,
  "log_return1_sum_150": 85.17371889948845,
  "log_return1_realized_volatility_150": 257455.61782018095,
  "log_return1_mean_150": 75.06157717853785,
  "log_return1_std_150": 440.3454234749079,
  "log_return2_sum_150": 73.41908483207226,
  "log_return2_realized_volatility_150": 10392.28281596303,
  "log_return2_mean_150": 65.30959482491016,
  "log_return2_std_150": 83.00632407516241,
  "wap_balance_sum_150": 380.5312624722719,
  "wap_balance_mean_150": 139.40948942303658,
  "wap_balance_std_150": 99.95275665819645,
  "price_spread_sum_150": 270.99490639567375,
  "price_spread_mean_150": 717.0232692658901,
  "price_spread_std_150": 116.89784744381905,
  "bid_spread_sum_150": 66.2879597991705,
  "bid_spread_mean_150": 88.6421667188406,
  "bid_spread_std_150": 87.76862429082394,
  "ask_spread_sum_150": 78.05160266160965,
  "ask_spread_mean_150": 81.4018537402153,
  "ask_spread_std_150": 88.16739653795958,
  "total_volume_sum_150": 102.93025340139866,
  "total_volume_mean_150": 125.56585095822811,
  "total_volume_std_150": 132.48670062422752,
  "volume_imbalance_sum_150": 60.90716502070427,
  "volume_imbalance_mean_150": 414.7686886638403,
  "volume_imbalance_std_150": 61.31084282696247,
  "trade_log_return_realized_volatility": 3334.9409287571907,
  "trade_seconds_in_bucket_count_unique": 442.6055496260524,
  "trade_size_sum": 88.89706744998693,
  "trade_order_count_mean": 223.88176651299,
  "trade_log_return_realized_volatility_450": 1062.5442590415478,
  "trade_seconds_in_bucket_count_unique_450": 241.76653860509396,
  "trade_size_sum_450": 136.87619423866272,
  "trade_order_count_mean_450": 181.82049138844013,
  "trade_log_return_realized_volatility_300": 757.2605229914188,
  "trade_seconds_in_bucket_count_unique_300": 352.019574418664,
  "trade_size_sum_300": 143.92334274947643,
  "trade_order_count_mean_300": 176.7693585306406,
  "trade_log_return_realized_volatility_150": 199.41163432598114,
  "trade_seconds_in_bucket_count_unique_150": 210.99926257133484,
  "trade_size_sum_150": 104.2644567489624,
  "trade_order_count_mean_150": 221.88322353363037,
  "log_return1_realized_volatility_mean_stock": 495.8134478032589,
  "log_return1_realized_volatility_std_stock": 58.400593891739845,
  "log_return1_realized_volatility_max_stock": 20.05080895125866,
  "log_return1_realized_volatility_min_stock": 63.52813249826431,
  "log_return2_realized_volatility_mean_stock": 145.95820881426334,
  "log_return2_realized_volatility_std_stock": 66.90073300898075,
  "log_return2_realized_volatility_max_stock": 26.49044492840767,
  "log_return2_realized_volatility_min_stock": 59.64133922755718,
  "log_return1_realized_volatility_450_mean_stock": 819.550776347518,
  "log_return1_realized_volatility_450_std_stock": 35.20992323756218,
  "log_return1_realized_volatility_450_max_stock": 13.115298062562943,
  "log_return1_realized_volatility_450_min_stock": 32.9508201777935,
  "log_return2_realized_volatility_450_mean_stock": 158.29112355411053,
  "log_return2_realized_volatility_450_std_stock": 77.78003568947315,
  "log_return2_realized_volatility_450_max_stock": 27.128326937556267,
  "log_return2_realized_volatility_450_min_stock": 34.4819749891758,
  "log_return1_realized_volatility_300_mean_stock": 356.4167910218239,
  "log_return1_realized_volatility_300_std_stock": 26.306583285331726,
  "log_return1_realized_volatility_300_max_stock": 22.337983891367912,
  "log_return1_realized_volatility_300_min_stock": 61.095878571271896,
  "log_return2_realized_volatility_300_mean_stock": 105.98452781140804,