{
  "stock_id": 7972.670063644648,
  "wap1_sum": 125.86032651364803,
  "wap1_mean": 69.04376977682114,
  "wap1_std": 101.54834471642971,
  "wap2_sum": 93.27564214169979,
  "wap2_mean": 77.95160876214504,
  "wap2_std": 103.59107802808285,
  "log_return1_sum": 91.65547719597816,
  "log_return1_realized_volatility": 92800.47123549879,
  "log_return1_mean": 81.50179596245289,
  "log_return1_std": 2460.308044999838,
  "log_return2_sum": 103.2693510055542,
  "log_return2_realized_volatility": 22460.510612621903,
  "log_return2_mean": 102.16412195563316,
  "log_return2_std": 119.64124754071236,
  "wap_balance_sum": 411.9154014289379,
  "wap_balance_mean": 201.8412005752325,
  "wap_balance_std": 187.63615438342094,
  "price_spread_sum": 1407.8725047111511,
  "price_spread_mean": 1514.4534867703915,
  "price_spread_std": 188.92637871205807,
  "bid_spread_sum": 77.23911795020103,
  "bid_spread_mean": 1333.5981586426497,
  "bid_spread_std": 94.66040368378162,
  "ask_spread_sum": 80.5569820702076,
  "ask_spread_mean": 1059.3355961292982,
  "ask_spread_std": 111.88426305353642,
  "total_volume_sum": 257.65464873611927,
  "total_volume_mean": 236.96704779565334,
  "total_volume_std": 78.78782986104488,
  "volume_imbalance_sum": 50.16623272001743,
  "volume_imbalance_mean": 1315.0206214487553,
  "volume_imbalance_std": 100.57942906022072,
  "wap1_sum_450": 115.41361683607101,
  "wap1_mean_450": 123.22186848521233,
  "wap1_std_450": 247.2473306208849,
  "wap2_sum_450": 111.51840101182461,
  "wap2_mean_450": 79.67782312631607,
  "wap2_std_450": 239.4726646244526,
  "log_return1_sum_450": 94.2107405513525,
  "log_return1_realized_volatility_450": 1248.0700017660856,
  "log_return1_mean_450": 107.32566924393177,
  "log_return1_std_450": 327.9484232068062,
  "log_return2_sum_450": 106.56094732880592,
  "log_return2_realized_volatility_450": 9259.604248225689,
  "log_return2_mean_450": 72.49312199652195,
  "log_return2_std_450": 115.46574093401432,
  "wap_balance_sum_450": 186.05428510904312,
  "wap_balance_mean_450": 169.18946397304535,
  "wap_balance_std_450": 93.1661324352026,
  "price_spread_sum_450": 343.01726837456226,
  "price_spread_mean_450": 686.1179997473955,
  "price_spread_std_450": 149.38305434584618,
  "bid_spread_sum_450": 95.78870865702629,
  "bid_spread_mean_450": 88.79773682355881,
  "bid_spread_std_450": 102.06955415010452,
  "ask_spread_sum_450": 86.62421490252018,
  "ask_spread_mean_450": 686.423764526844,
  "ask_spread_std_450": 80.48398126661777,
  "total_volume_sum_450": 134.26943305134773,
  "total_volume_mean_450": 104.5189374089241,
  "total_volume_std_450": 84.51692961156368,
  "volume_imbalance_sum_450": 62.10148771107197,
  "volume_imbalance_mean_450": 144.44945827126503,
  "volume_imbalance_std_450": 55.6845331043005,
  "wap1_sum_300": 94.69998067617416,
  "wap1_mean_300": 61.666901871562004,
  "wap1_std_300": 136.67025001347065,
  "wap2_sum_300": 67.43854008615017,
  "wap2_mean_300": 62.90068303048611,
  "wap2_std_300": 132.14509062469006,
  "log_return1_sum_300": 80.3816047012806,
  "log_return1_realized_volatility_300": 23591.879619672894,
  "log_return1_mean_300": 118.79163445532322,
  "log_return1_std_300": 637.181867107749,
  "log_return2_sum_300": 69.85941690206528,
  "log_return2_realized_volatility_300": 2377.776620313525,
  "log_return2_mean_300": 100.17062655091286,
  "log_return2_std_300": 81.3221127986908,
  "wap_balance_sum_300": 176.8511035591364,
  "wap_balance_mean_300": 474.6195541471243,
  "wap_balance_std_300": 106.85134734213352,
  "price_spread_sum_300": 1299.1546423882246,
  "price_spread_mean_300": 575.897511228919,
  "price_spread_std_300": 105.506273701787,
  "bid_spread_sum_300": 77.92594875395298,
  "bid_spread_mean_300": 85.82447515428066,
  "bid_spread_std_300": 81.71656350791454,
  "ask_spread_sum_300": 58.96576203405857,
  "ask_spread_mean_300": 100.05179892480373,
  "ask_spread_std_300": 76.31581714749336,
  "total_volume_sum_300": 73.49434742331505,
  "total_volume_mean_300": 107.86385217308998,
  "total_volume_std_300": 112.82562518119812,
  "volume_imbalance_sum_300": 50.086731031537056,
  "volume_imbalance_mean_300": 66.77418313920498,
  "volume_imbalance_std_300": 67.03742119669914,
  "wap1_sum_150": 84.1511710435152,
  "wap1_mean_150": 63.661251321434975,
  "wap1_std_150": 71.0061696767807,
  "wap2_sum_150": 85.27200801670551,
  "wap2_mean_150": 45.68830308318138,
  "wap2_std_150": 99.67810682952404,
  "log_return1_sum_150": 110.23024687170982,
  "log_return1_realized_volatility_150": 234720.95164102316,
  "log_return1_mean_150": 83.89370906352997,
  "log_return1_std_150": 144.98493374884129,
  "log_return2_sum_150": 85.30983656644821,
  "log_return2_realized_volatility_150": 7718.932055622339,
  "log_return2_mean_150": 75.5743660479784,
  "log_return2_std_150": 107.17252340912819,
  "wap_balance_sum_150": 381.0619461685419,
  "wap_balance_mean_150": 101.09947980940342,
  "wap_balance_std_150": 113.99225653707981,
  "price_spread_sum_150": 258.144730001688,
  "price_spread_mean_150": 899.9419372677803,
  "price_spread_std_150": 99.91838786005974,
  "bid_spread_sum_150": 77.31178280711174,
  "bid_spread_mean_150": 72.34206666052341,
  "bid_spread_std_150": 94.14718708395958,
  "ask_spread_sum_150": 95.73300971090794,
  "ask_spread_mean_150": 108.88625465333462,
  "ask_spread_std_150": 66.16352996230125,
  "total_volume_sum_150": 123.2447375357151,
  "total_volume_mean_150": 91.11278207600117,
  "total_volume_std_150": 163.85787113010883,
  "volume_imbalance_sum_150": 65.008858948946,
  "volume_imbalance_mean_150": 371.30638614296913,
  "volume_imbalance_std_150": 47.73070181906223,
  "trade_log_return_realized_volatility": 3505.175721243024,
  "trade_seconds_in_bucket_count_unique": 382.36694610118866,
  "trade_size_sum": 103.97239044308662,
  "trade_order_count_mean": 280.94975413382053,
  "trade_log_return_realized_volatility_450": 879.2082135379314,
  "trade_seconds_in_bucket_count_unique_450": 246.9891186207533,
  "trade_size_sum_450": 112.3099469691515,
  "trade_order_count_mean_450": 237.71122135221958,
  "trade_log_return_realized_volatility_300": 279.73737716674805,
  "trade_seconds_in_bucket_count_unique_300": 312.97073905169964,
  "trade_size_sum_300": 187.11310228705406,
  "trade_order_count_mean_300": 168.7862885966897,
  "trade_log_return_realized_volatility_150": 149.12643398344517,
  "trade_seconds_in_bucket_count_unique_150": 162.71005754172802,
  "trade_size_sum_150": 113.01296834647655,
  "trade_order_count_mean_150": 211.50643548369408,
  "log_return1_realized_volatility_mean_stock": 488.1863268762827,
  "log_return1_realized_volatility_std_stock": 32.54720224440098,
  "log_return1_realized_volatility_max_stock": 22.525714173913002,
  "log_return1_realized_volatility_min_stock": 94.63979512453079,
  "log_return2_realized_volatility_mean_stock": 164.24887999892235,
  "log_return2_realized_volatility_std_stock": 90.9434011131525,
  "log_return2_realized_volatility_max_stock": 30.03334292769432,
  "log_return2_realized_volatility_min_stock": 62.18943311274052,
  "log_return1_realized_volatility_450_mean_stock": 985.372775554657,
  "log_return1_realized_volatility_450_std_stock": 68.6529256105423,
  "log_return1_realized_volatility_450_max_stock": 25.250726863741875,
  "log_return1_realized_volatility_450_min_stock": 40.71645666658878,
  "log_return2_realized_volatility_450_mean_stock": 139.53402376174927,
  "log_return2_realized_volatility_450_std_stock": 59.244194984436035,
  "log_return2_realized_volatility_450_max_stock": 25.01679703593254,
  "log_return2_realized_volatility_450_min_stock": 31.249891057610512,
  "log_return1_realized_volatility_300_mean_stock": 299.29021437466145,
  "log_return1_realized_volatility_300_std_stock": 27.801296144723892,
  "log_return1_realized_volatility_300_max_stock": 20.0161060243845,
  "log_return1_realized_volatility_300_min_stock": 85.08592019975185,
  "log_return2_realized_volatility_300_mean_stock": 77.48400782048702,