{
  "stock_id": 8277.079454272985,
  "wap1_sum": 103.92068645358086,
  "wap1_mean": 59.554989874362946,
  "wap1_std": 87.33087289333344,
  "wap2_sum": 82.05861485004425,
  "wap2_mean": 47.07308501005173,
  "wap2_std": 84.393301486969,
  "log_return1_sum": 84.07138121128082,
  "log_return1_realized_volatility": 103045.62693786621,
  "log_return1_mean": 86.63656681776047,
  "log_return1_std": 1045.1449284255505,
  "log_return2_sum": 77.06766393780708,
  "log_return2_realized_volatility": 17091.23790383339,
  "log_return2_mean": 75.58850100636482,
  "log_return2_std": 49.13710594177246,
  "wap_balance_sum": 410.89136040210724,
  "wap_balance_mean": 138.04561921954155,
  "wap_balance_std": 151.9519881606102,
  "price_spread_sum": 793.7970329225063,
  "price_spread_mean": 656.011956423521,
  "price_spread_std": 178.74411529302597,
  "bid_spread_sum": 69.92853504419327,
  "bid_spread_mean": 63.05636119842529,
  "bid_spread_std": 91.84669572114944,
  "ask_spread_sum": 42.09435793757439,
  "ask_spread_mean": 1031.081555813551,
  "ask_spread_std": 88.05986520648003,
  "total_volume_sum": 101.85597294569016,
  "total_volume_mean": 217.97762849926949,
  "total_volume_std": 80.92525881528854,
  "volume_imbalance_sum": 44.235065162181854,
  "volume_imbalance_mean": 1233.5951391160488,
  "volume_imbalance_std": 195.40404677391052,
  "wap1_sum_450": 80.99765476584435,
  "wap1_mean_450": 70.09706211090088,
  "wap1_std_450": 170.67318788170815,
  "wap2_sum_450": 61.609703212976456,
  "wap2_mean_450": 81.61498001217842,
  "wap2_std_450": 265.15602073073387,
  "log_return1_sum_450": 51.057995051145554,
  "log_return1_realized_volatility_450": 433.3330612182617,
  "log_return1_mean_450": 79.47735294699669,
  "log_return1_std_450": 213.30025446414948,
  "log_return2_sum_450": 87.8171229660511,
  "log_return2_realized_volatility_450": 2655.698056936264,
  "log_return2_mean_450": 66.35382795333862,
  "log_return2_std_450": 116.08918005228043,
  "wap_balance_sum_450": 411.52270686626434,
  "wap_balance_mean_450": 144.15018379688263,
  "wap_balance_std_450": 101.98020887374878,
  "price_spread_sum_450": 358.05335730314255,
  "price_spread_mean_450": 848.4904979467392,
  "price_spread_std_450": 92.16721501946449,
  "bid_spread_sum_450": 40.25977396965027,
  "bid_spread_mean_450": 73.32345640659332,
  "bid_spread_std_450": 64.65375500917435,
  "ask_spread_sum_450": 78.45787918567657,
  "ask_spread_mean_450": 873.1991264224052,
  "ask_spread_std_450": 64.73616805672646,
  "total_volume_sum_450": 345.0493766069412,
  "total_volume_mean_450": 75.59351941943169,
  "total_volume_std_450": 107.45172700285912,
  "volume_imbalance_sum_450": 60.420656859874725,
  "volume_imbalance_mean_450": 49.15968984365463,
  "volume_imbalance_std_450": 57.32122141122818,
  "wap1_sum_300": 84.86409664154053,
  "wap1_mean_300": 45.321551471948624,
  "wap1_std_300": 123.08247342705727,
  "wap2_sum_300": 48.213254570961,
  "wap2_mean_300": 36.18444582819939,
  "wap2_std_300": 109.98033875226974,
  "log_return1_sum_300": 64.75467699766159,
  "log_return1_realized_volatility_300": 6260.486729174852,
  "log_return1_mean_300": 84.51667627692223,
  "log_return1_std_300": 641.328299254179,
  "log_return2_sum_300": 66.39382001757622,
  "log_return2_realized_volatility_300": 1668.965904712677,
  "log_return2_mean_300": 82.5559076666832,
  "log_return2_std_300": 68.27157089114189,
  "wap_balance_sum_300": 114.44014450907707,
  "wap_balance_mean_300": 655.3482644855976,
  "wap_balance_std_300": 95.85937750339508,
  "price_spread_sum_300": 901.6288069486618,
  "price_spread_mean_300": 547.9506003856659,
  "price_spread_std_300": 68.4787839949131,
  "bid_spread_sum_300": 56.0315879881382,
  "bid_spread_mean_300": 54.47128665447235,
  "bid_spread_std_300": 73.46373125910759,
  "ask_spread_sum_300": 38.9557486474514,
  "ask_spread_mean_300": 60.468883872032166,
  "ask_spread_std_300": 78.94945603609085,
  "total_volume_sum_300": 72.52242130041122,
  "total_volume_mean_300": 201.0400973558426,
  "total_volume_std_300": 137.15001764893532,
  "volume_imbalance_sum_300": 43.84138506650925,
  "volume_imbalance_mean_300": 67.48819056153297,
  "volume_imbalance_std_300": 29.607990831136703,
  "wap1_sum_150": 60.18480071425438,
  "wap1_mean_150": 37.45118197798729,
  "wap1_std_150": 46.96546196937561,
  "wap2_sum_150": 41.88895124197006,
  "wap2_mean_150": 38.21028891205788,
  "wap2_std_150": 144.33268159627914,
  "log_return1_sum_150": 87.11856481432915,
  "log_return1_realized_volatility_150": 204050.83428910375,
  "log_return1_mean_150": 42.56420212984085,
  "log_return1_std_150": 406.57012116909027,
  "log_return2_sum_150": 58.613169342279434,
  "log_return2_realized_volatility_150": 6194.306368678808,
  "log_return2_mean_150": 63.37013778090477,
  "log_return2_std_150": 81.53432616591454,
  "wap_balance_sum_150": 297.1998397409916,
  "wap_balance_mean_150": 92.68269714713097,
  "wap_balance_std_150": 88.14739015698433,
  "price_spread_sum_150": 200.73363506793976,
  "price_spread_mean_150": 320.17016902565956,
  "price_spread_std_150": 93.01837682723999,
  "bid_spread_sum_150": 50.112894147634506,
  "bid_spread_mean_150": 44.39372706413269,
  "bid_spread_std_150": 91.42274048924446,
  "ask_spread_sum_150": 65.03549194335938,
  "ask_spread_mean_150": 73.66160395741463,
  "ask_spread_std_150": 58.14540034532547,
  "total_volume_sum_150": 91.31849151849747,
  "total_volume_mean_150": 67.48701110482216,
  "total_volume_std_150": 62.06576916575432,
  "volume_imbalance_sum_150": 37.22043704986572,
  "volume_imbalance_mean_150": 940.2082761526108,
  "volume_imbalance_std_150": 40.935996025800705,
  "trade_log_return_realized_volatility": 1194.2509983181953,
  "trade_seconds_in_bucket_count_unique": 211.54795929789543,
  "trade_size_sum": 96.04485088586807,
  "trade_order_count_mean": 122.02029836177826,
  "trade_log_return_realized_volatility_450": 857.3751436769962,
  "trade_seconds_in_bucket_count_unique_450": 234.7821469604969,
  "trade_size_sum_450": 75.76374688744545,
  "trade_order_count_mean_450": 122.89000445604324,
  "trade_log_return_realized_volatility_300": 304.4312576651573,
  "trade_seconds_in_bucket_count_unique_300": 196.02716526389122,
  "trade_size_sum_300": 90.2215131521225,
  "trade_order_count_mean_300": 120.94151875376701,
  "trade_log_return_realized_volatility_150": 165.83973130583763,
  "trade_seconds_in_bucket_count_unique_150": 158.53658437728882,
  "trade_size_sum_150": 98.20450729131699,
  "trade_order_count_mean_150": 158.11259147524834,
  "log_return1_realized_volatility_mean_stock": 315.303096562624,
  "log_return1_realized_volatility_std_stock": 48.94758266210556,
  "log_return1_realized_volatility_max_stock": 10.9496890604496,
  "log_return1_realized_volatility_min_stock": 50.688020050525665,
  "log_return2_realized_volatility_mean_stock": 115.40880903601646,
  "log_return2_realized_volatility_std_stock": 50.04912379384041,
  "log_return2_realized_volatility_max_stock": 20.315626055002213,
  "log_return2_realized_volatility_min_stock": 53.38031151890755,
  "log_return1_realized_volatility_450_mean_stock": 493.20940378308296,
  "log_return1_realized_volatility_450_std_stock": 14.749870002269745,
  "log_return1_realized_volatility_450_max_stock": 14.827146977186203,
  "log_return1_realized_volatility_450_min_stock": 14.391363024711609,
  "log_return2_realized_volatility_450_mean_stock": 126.15066266059875,
  "log_return2_realized_volatility_450_std_stock": 32.43155983090401,
  "log_return2_realized_volatility_450_max_stock": 8.437617063522339,
  "log_return2_realized_volatility_450_min_stock": 19.135194033384323,
  "log_return1_realized_volatility_300_mean_stock": 216.1258688569069,
  "log_return1_realized_volatility_300_std_stock": 10.008345127105713,
  "log_return1_realized_volatility_300_max_stock": 14.027580887079239,
  "log_return1_realized_volatility_300_min_stock": 25.64304691553116,
  "log_return2_realized_volatility_300_mean_stock": 57.87322610616684,