{
  "stock_id": 11429.801650166512,
  "wap1_sum": 150.2813165485859,
  "wap1_mean": 83.14074425399303,
  "wap1_std": 122.64130338281393,
  "wap2_sum": 109.15787316858768,
  "wap2_mean": 72.03023788332939,
  "wap2_std": 121.5754433721304,
  "log_return1_sum": 100.1005379408598,
  "log_return1_realized_volatility": 121349.43839432299,
  "log_return1_mean": 87.50928591191769,
  "log_return1_std": 265.2820474356413,
  "log_return2_sum": 140.50677540898323,
  "log_return2_realized_volatility": 17770.71279039979,
  "log_return2_mean": 100.851443618536,
  "log_return2_std": 100.63574004173279,
  "wap_balance_sum": 497.8284724727273,
  "wap_balance_mean": 116.32250206917524,
  "wap_balance_std": 135.3306673169136,
  "price_spread_sum": 1162.6376543194056,
  "price_spread_mean": 1302.4745557010174,
  "price_spread_std": 191.1441782489419,
  "bid_spread_sum": 110.78837202489376,
  "bid_spread_mean": 1366.4291649609804,
  "bid_spread_std": 137.95629427582026,
  "ask_spread_sum": 73.15606236457825,
  "ask_spread_mean": 1312.3830147236586,
  "ask_spread_std": 103.16844883561134,
  "total_volume_sum": 129.1598105430603,
  "total_volume_mean": 355.55184884369373,
  "total_volume_std": 172.4142348319292,
  "volume_imbalance_sum": 61.953327998518944,
  "volume_imbalance_mean": 1315.5703415125608,
  "volume_imbalance_std": 223.57452455163002,
  "wap1_sum_450": 93.85724367201328,
  "wap1_mean_450": 89.8622922077775,
  "wap1_std_450": 306.8737694695592,
  "wap2_sum_450": 78.15606787800789,
  "wap2_mean_450": 141.30506590753794,
  "wap2_std_450": 292.704211845994,
  "log_return1_sum_450": 133.80849523842335,
  "log_return1_realized_volatility_450": 983.040920779109,
  "log_return1_mean_450": 104.74976301938295,
  "log_return1_std_450": 428.63915069401264,
  "log_return2_sum_450": 119.99726519733667,
  "log_return2_realized_volatility_450": 2031.6790503114462,
  "log_return2_mean_450": 125.34145782887936,
  "log_return2_std_450": 108.43567641824484,
  "wap_balance_sum_450": 168.77350461483002,
  "wap_balance_mean_450": 170.07065048068762,
  "wap_balance_std_450": 109.86353308707476,
  "price_spread_sum_450": 526.7464824542403,
  "price_spread_mean_450": 668.4331451505423,
  "price_spread_std_450": 99.75637739896774,
  "bid_spread_sum_450": 83.54508413374424,
  "bid_spread_mean_450": 108.05660843849182,
  "bid_spread_std_450": 123.9273162484169,
  "ask_spread_sum_450": 87.0694569349289,
  "ask_spread_mean_450": 743.7112349495292,
  "ask_spread_std_450": 109.67461856454611,
  "total_volume_sum_450": 131.31840135157108,
  "total_volume_mean_450": 121.74386482685804,
  "total_volume_std_450": 107.13801664113998,
  "volume_imbalance_sum_450": 73.80966504663229,
  "volume_imbalance_mean_450": 90.17416878044605,
  "volume_imbalance_std_450": 96.22587180137634,
  "wap1_sum_300": 88.64718924462795,
  "wap1_mean_300": 95.76808778196573,
  "wap1_std_300": 183.09822687506676,
  "wap2_sum_300": 49.28487964719534,
  "wap2_mean_300": 53.27259510755539,
  "wap2_std_300": 147.71999557316303,
  "log_return1_sum_300": 104.62404408305883,
  "log_return1_realized_volatility_300": 9727.55042424798,
  "log_return1_mean_300": 108.92883794754744,
  "log_return1_std_300": 239.9105200469494,
  "log_return2_sum_300": 101.29381044954062,
  "log_return2_realized_volatility_300": 2710.5919430553913,
  "log_return2_mean_300": 98.88739208877087,
  "log_return2_std_300": 184.567548699677,
  "wap_balance_sum_300": 149.23586754500866,
  "wap_balance_mean_300": 331.6240210533142,
  "wap_balance_std_300": 104.43664570897818,
  "price_spread_sum_300": 854.542404524982,
  "price_spread_mean_300": 935.7649455219507,
  "price_spread_std_300": 93.59137255698442,
  "bid_spread_sum_300": 60.02710708975792,
  "bid_spread_mean_300": 92.4359153136611,
  "bid_spread_std_300": 88.90799948573112,
  "ask_spread_sum_300": 81.75193456560373,
  "ask_spread_mean_300": 107.16826717555523,
  "ask_spread_std_300": 97.48215498775244,
  "total_volume_sum_300": 82.23006454110146,
  "total_volume_mean_300": 82.34200759977102,
  "total_volume_std_300": 89.45868676900864,
  "volume_imbalance_sum_300": 71.92345710843801,
  "volume_imbalance_mean_300": 171.49827305972576,
  "volume_imbalance_std_300": 74.98910930007696,
  "wap1_sum_150": 126.91984775662422,
  "wap1_mean_150": 70.10023283958435,
  "wap1_std_150": 87.26666302978992,
  "wap2_sum_150": 73.16061022877693,
  "wap2_mean_150": 58.809204913675785,
  "wap2_std_150": 100.03463207185268,
  "log_return1_sum_150": 92.88991229236126,
  "log_return1_realized_volatility_150": 257773.5204187259,
  "log_return1_mean_150": 93.68668884038925,
  "log_return1_std_150": 715.0623600780964,
  "log_return2_sum_150": 95.94260051846504,
  "log_return2_realized_volatility_150": 4952.617393992841,
  "log_return2_mean_150": 107.08772872388363,
  "log_return2_std_150": 75.16064995527267,
  "wap_balance_sum_150": 279.69901095330715,
  "wap_balance_mean_150": 143.1028781235218,
  "wap_balance_std_150": 95.19680313020945,
  "price_spread_sum_150": 222.88143864274025,
  "price_spread_mean_150": 667.6114106178284,
  "price_spread_std_150": 129.09121058136225,
  "bid_spread_sum_150": 69.7543301358819,
  "bid_spread_mean_150": 84.07178916782141,
  "bid_spread_std_150": 85.21254609525204,
  "ask_spread_sum_150": 94.00205509364605,
  "ask_spread_mean_150": 97.32388792932034,
  "ask_spread_std_150": 72.08102103322744,
  "total_volume_sum_150": 90.49478505551815,
  "total_volume_mean_150": 93.37504352629185,
  "total_volume_std_150": 104.1524083763361,
  "volume_imbalance_sum_150": 54.34430409967899,
  "volume_imbalance_mean_150": 115.09385173767805,
  "volume_imbalance_std_150": 78.82178539037704,
  "trade_log_return_realized_volatility": 1277.5158497318625,
  "trade_seconds_in_bucket_count_unique": 382.49761117994785,
  "trade_size_sum": 94.8824784308672,
  "trade_order_count_mean": 288.0901725515723,
  "trade_log_return_realized_volatility_450": 968.2233152389526,
  "trade_seconds_in_bucket_count_unique_450": 329.95019868016243,
  "trade_size_sum_450": 139.64734325557947,
  "trade_order_count_mean_450": 226.4188889041543,
  "trade_log_return_realized_volatility_300": 369.53463695943356,
  "trade_seconds_in_bucket_count_unique_300": 284.32016598433256,
  "trade_size_sum_300": 167.4493719637394,
  "trade_order_count_mean_300": 211.81121134757996,
  "trade_log_return_realized_volatility_150": 309.7850863188505,
  "trade_seconds_in_bucket_count_unique_150": 194.10886286199093,
  "trade_size_sum_150": 157.9748091250658,
  "trade_order_count_mean_150": 300.84298089146614,
  "log_return1_realized_volatility_mean_stock": 426.8373450487852,
  "log_return1_realized_volatility_std_stock": 65.28704817593098,
  "log_return1_realized_volatility_max_stock": 23.731210947036743,
  "log_return1_realized_volatility_min_stock": 77.15098401904106,
  "log_return2_realized_volatility_mean_stock": 138.19638992846012,
  "log_return2_realized_volatility_std_stock": 40.934643268585205,
  "log_return2_realized_volatility_max_stock": 28.43166594952345,
  "log_return2_realized_volatility_min_stock": 92.10526594519615,
  "log_return1_realized_volatility_450_mean_stock": 674.7561089172959,
  "log_return1_realized_volatility_450_std_stock": 38.55671609938145,
  "log_return1_realized_volatility_450_max_stock": 21.189125046133995,
  "log_return1_realized_volatility_450_min_stock": 38.29874913394451,
  "log_return2_realized_volatility_450_mean_stock": 119.63882380723953,
  "log_return2_realized_volatility_450_std_stock": 46.70618537068367,
  "log_return2_realized_volatility_450_max_stock": 21.442626997828484,
  "log_return2_realized_volatility_450_min_stock": 22.430569872260094,
  "log_return1_realized_volatility_300_mean_stock": 285.0801138728857,
  "log_return1_realized_volatility_300_std_stock": 19.558379143476486,
  "log_return1_realized_volatility_300_max_stock": 27.79121096432209,
  "log_return1_realized_volatility_300_min_stock": 34.20918878912926,
  "log_return2_realized_volatility_300_mean_stock": 56.1564167290926,