{
  "stock_id": 9100.603221200407,
  "wap1_sum": 136.63082033395767,
  "wap1_mean": 68.5680845528841,
  "wap1_std": 124.53943157196045,
  "wap2_sum": 121.00798861682415,
  "wap2_mean": 98.71282628178596,
  "wap2_std": 106.73958675563335,
  "log_return1_sum": 126.57794405519962,
  "log_return1_realized_volatility": 100270.14412609488,
  "log_return1_mean": 95.38202717900276,
  "log_return1_std": 2441.5271881222725,
  "log_return2_sum": 112.25998994708061,
  "log_return2_realized_volatility": 19732.807969346642,
  "log_return2_mean": 93.41757329553366,
  "log_return2_std": 136.84810264408588,
  "wap_balance_sum": 419.13790142536163,
  "wap_balance_mean": 288.35873678326607,
  "wap_balance_std": 131.8156336247921,
  "price_spread_sum": 1413.2772602513433,
  "price_spread_mean": 837.6270175203681,
  "price_spread_std": 192.3332605138421,
  "bid_spread_sum": 76.11605510860682,
  "bid_spread_mean": 1448.6561143249273,
  "bid_spread_std": 118.75128369033337,
  "ask_spread_sum": 80.90099766850471,
  "ask_spread_mean": 1310.6189250648022,
  "ask_spread_std": 108.92872233688831,
  "total_volume_sum": 301.9961687847972,
  "total_volume_mean": 349.51419592648745,
  "total_volume_std": 245.4908019900322,
  "volume_imbalance_sum": 52.296580880880356,
  "volume_imbalance_mean": 662.4045074433088,
  "volume_imbalance_std": 159.49891158938408,
  "wap1_sum_450": 144.83780594170094,
  "wap1_mean_450": 93.83967018127441,
  "wap1_std_450": 290.0542453080416,
  "wap2_sum_450": 80.82870343327522,
  "wap2_mean_450": 92.91256558895111,
  "wap2_std_450": 262.9755654335022,
  "log_return1_sum_450": 101.59193920344114,
  "log_return1_realized_volatility_450": 1437.4206435531378,
  "log_return1_mean_450": 115.9958269521594,
  "log_return1_std_450": 474.2534496560693,
  "log_return2_sum_450": 110.76508797705173,
  "log_return2_realized_volatility_450": 9768.793221354485,
  "log_return2_mean_450": 118.09317794442177,
  "log_return2_std_450": 131.5446982830763,
  "wap_balance_sum_450": 150.7535443007946,
  "wap_balance_mean_450": 150.06517796218395,
  "wap_balance_std_450": 115.58958984911442,
  "price_spread_sum_450": 329.01405541598797,
  "price_spread_mean_450": 658.160328052938,
  "price_spread_std_450": 91.35248292982578,
  "bid_spread_sum_450": 146.0357689857483,
  "bid_spread_mean_450": 95.62372257560492,
  "bid_spread_std_450": 108.83247363567352,
  "ask_spread_sum_450": 95.22364082932472,
  "ask_spread_mean_450": 997.2143263891339,
  "ask_spread_std_450": 71.76197615265846,
  "total_volume_sum_450": 113.7415502667427,
  "total_volume_mean_450": 107.60336486250162,
  "total_volume_std_450": 101.1133167296648,
  "volume_imbalance_sum_450": 80.69140803068876,
  "volume_imbalance_mean_450": 125.8752516657114,
  "volume_imbalance_std_450": 64.96152801811695,
  "wap1_sum_300": 90.6453350931406,
  "wap1_mean_300": 65.8133310675621,
  "wap1_std_300": 117.67948144674301,
  "wap2_sum_300": 72.86821979284286,
  "wap2_mean_300": 78.71461912989616,
  "wap2_std_300": 128.86257644742727,
  "log_return1_sum_300": 85.71503762155771,
  "log_return1_realized_volatility_300": 22859.411911301315,
  "log_return1_mean_300": 121.9779289662838,
  "log_return1_std_300": 736.6863145679235,
  "log_return2_sum_300": 76.23356281220913,
  "log_return2_realized_volatility_300": 2377.7310173884034,
  "log_return2_mean_300": 119.55003330111504,
  "log_return2_std_300": 138.67595340311527,
  "wap_balance_sum_300": 174.86128263175488,
  "wap_balance_mean_300": 325.014735519886,
  "wap_balance_std_300": 105.76459231972694,
  "price_spread_sum_300": 1186.4596220701933,
  "price_spread_mean_300": 1534.1624363809824,
  "price_spread_std_300": 98.27505888044834,
  "bid_spread_sum_300": 72.23662406951189,
  "bid_spread_mean_300": 89.67421823740005,
  "bid_spread_std_300": 87.63988484442234,
  "ask_spread_sum_300": 99.80221530795097,
  "ask_spread_mean_300": 103.66735325753689,
  "ask_spread_std_300": 74.21531001478434,
  "total_volume_sum_300": 86.3666108995676,
  "total_volume_mean_300": 91.59799395501614,
  "total_volume_std_300": 112.45776809751987,
  "volume_imbalance_sum_300": 59.78530113399029,
  "volume_imbalance_mean_300": 158.64872889220715,
  "volume_imbalance_std_300": 54.328233040869236,
  "wap1_sum_150": 99.50577293336391,
  "wap1_mean_150": 70.15039197355509,
  "wap1_std_150": 75.17057797312737,
  "wap2_sum_150": 108.40927729010582,
  "wap2_mean_150": 64.07433779537678,
  "wap2_std_150": 159.4677729010582,
  "log_return1_sum_150": 86.47516115009785,
  "log_return1_realized_volatility_150": 258074.61671409756,
  "log_return1_mean_150": 96.35301394760609,
  "log_return1_std_150": 421.7127327248454,
  "log_return2_sum_150": 84.92213368415833,
  "log_return2_realized_volatility_150": 10303.982487477362,
  "log_return2_mean_150": 86.24597391486168,
  "log_return2_std_150": 93.6471274793148,
  "wap_balance_sum_150": 413.6096202433109,
  "wap_balance_mean_150": 143.3368363082409,
  "wap_balance_std_150": 112.09857262670994,
  "price_spread_sum_150": 249.7074820101261,
  "price_spread_mean_150": 757.6320130974054,
  "price_spread_std_150": 100.26978926360607,
  "bid_spread_sum_150": 70.03079771995544,
  "bid_spread_mean_150": 97.89674293994904,
  "bid_spread_std_150": 84.05474972724915,
  "ask_spread_sum_150": 80.95779597759247,
  "ask_spread_mean_150": 92.6103600859642,
  "ask_spread_std_150": 74.78636468946934,
  "total_volume_sum_150": 198.00308012217283,
  "total_volume_mean_150": 141.1988244652748,
  "total_volume_std_150": 137.46374090015888,
  "volume_imbalance_sum_150": 125.65712457895279,
  "volume_imbalance_mean_150": 379.73268006742,
  "volume_imbalance_std_150": 80.84728387743235,
  "trade_log_return_realized_volatility": 3424.018028855324,
  "trade_seconds_in_bucket_count_unique": 352.2994120121002,
  "trade_size_sum": 168.65151531994343,
  "trade_order_count_mean": 276.9914986640215,
  "trade_log_return_realized_volatility_450": 999.708359003067,
  "trade_seconds_in_bucket_count_unique_450": 276.17711382359266,
  "trade_size_sum_450": 139.76599193364382,
  "trade_order_count_mean_450": 179.40713504701853,
  "trade_log_return_realized_volatility_300": 836.5979407057166,
  "trade_seconds_in_bucket_count_unique_300": 305.31133734434843,
  "trade_size_sum_300": 151.52902173995972,
  "trade_order_count_mean_300": 149.99292713403702,
  "trade_log_return_realized_volatility_150": 146.8736133724451,
  "trade_seconds_in_bucket_count_unique_150": 256.56066128611565,
  "trade_size_sum_150": 125.5483488664031,
  "trade_order_count_mean_150": 234.07441081106663,
  "log_return1_realized_volatility_mean_stock": 601.7458293586969,
  "log_return1_realized_volatility_std_stock": 49.711231008172035,
  "log_return1_realized_volatility_max_stock": 23.61221107840538,
  "log_return1_realized_volatility_min_stock": 101.76935864984989,
  "log_return2_realized_volatility_mean_stock": 149.38926188647747,
  "log_return2_realized_volatility_std_stock": 68.76500348746777,
  "log_return2_realized_volatility_max_stock": 33.42359001934528,
  "log_return2_realized_volatility_min_stock": 90.51547366380692,
  "log_return1_realized_volatility_450_mean_stock": 953.2624836564064,
  "log_return1_realized_volatility_450_std_stock": 70.44543309509754,
  "log_return1_realized_volatility_450_max_stock": 24.668530091643333,
  "log_return1_realized_volatility_450_min_stock": 30.00091713666916,
  "log_return2_realized_volatility_450_mean_stock": 135.7658808529377,
  "log_return2_realized_volatility_450_std_stock": 81.2027553319931,
  "log_return2_realized_volatility_450_max_stock": 24.760208129882812,
  "log_return2_realized_volatility_450_min_stock": 33.870110139250755,
  "log_return1_realized_volatility_300_mean_stock": 336.67522267997265,
  "log_return1_realized_volatility_300_std_stock": 17.789154790341854,
  "log_return1_realized_volatility_300_max_stock": 29.74672508239746,
  "log_return1_realized_volatility_300_min_stock": 62.06888376176357,
  "log_return2_realized_volatility_300_mean_stock": 100.68413425981998,