{
  "stock_id": 10631.089601442218,
  "wap1_sum": 143.47540670633316,
  "wap1_mean": 72.09792664647102,
  "wap1_std": 109.09828159213066,
  "wap2_sum": 88.06629613041878,
  "wap2_mean": 57.84871889650822,
  "wap2_std": 97.12168972194195,
  "log_return1_sum": 112.77103954553604,
  "log_return1_realized_volatility": 181565.55475524068,
  "log_return1_mean": 98.25222222507,
  "log_return1_std": 305.3864586055279,
  "log_return2_sum": 96.25124351680279,
  "log_return2_realized_volatility": 25176.828530058265,
  "log_return2_mean": 84.40241892635822,
  "log_return2_std": 81.35008092224598,
  "wap_balance_sum": 376.0777296423912,
  "wap_balance_mean": 137.77302101254463,
  "wap_balance_std": 151.6962404847145,
  "price_spread_sum": 762.3942709565163,
  "price_spread_mean": 446.14903227984905,
  "price_spread_std": 227.24178913235664,
  "bid_spread_sum": 89.22717683017254,
  "bid_spread_mean": 329.464889511466,
  "bid_spread_std": 113.02274653315544,
  "ask_spread_sum": 74.54095906019211,
  "ask_spread_mean": 781.8101241886616,
  "ask_spread_std": 92.777133628726,
  "total_volume_sum": 114.34282898902893,
  "total_volume_mean": 281.19503480196,
  "total_volume_std": 94.86561526358128,
  "volume_imbalance_sum": 39.94538897275925,
  "volume_imbalance_mean": 1276.14103987813,
  "volume_imbalance_std": 209.36287313699722,
  "wap1_sum_450": 86.16006506979465,
  "wap1_mean_450": 74.98285982012749,
  "wap1_std_450": 251.51234659552574,
  "wap2_sum_450": 54.62767618894577,
  "wap2_mean_450": 107.97106185555458,
  "wap2_std_450": 365.51973378658295,
  "log_return1_sum_450": 97.19162447750568,
  "log_return1_realized_volatility_450": 891.7807972282171,
  "log_return1_mean_450": 100.4839800298214,
  "log_return1_std_450": 175.17223346233368,
  "log_return2_sum_450": 91.21142643690109,
  "log_return2_realized_volatility_450": 2162.1886901557446,
  "log_return2_mean_450": 108.29132442176342,
  "log_return2_std_450": 105.04503604769707,
  "wap_balance_sum_450": 127.89315702021122,
  "wap_balance_mean_450": 534.6513346582651,
  "wap_balance_std_450": 117.8864980340004,
  "price_spread_sum_450": 598.2313853800297,
  "price_spread_mean_450": 234.83293402194977,
  "price_spread_std_450": 91.79762196540833,
  "bid_spread_sum_450": 61.95299179852009,
  "bid_spread_mean_450": 86.32704697549343,
  "bid_spread_std_450": 96.8479914367199,
  "ask_spread_sum_450": 70.2204651683569,
  "ask_spread_mean_450": 800.3199948072433,
  "ask_spread_std_450": 105.60427424311638,
  "total_volume_sum_450": 579.2411652505398,
  "total_volume_mean_450": 96.85585790872574,
  "total_volume_std_450": 83.68065106868744,
  "volume_imbalance_sum_450": 67.27697589993477,
  "volume_imbalance_mean_450": 99.11382925510406,
  "volume_imbalance_std_450": 58.55167278647423,
  "wap1_sum_300": 101.26276901364326,
  "wap1_mean_300": 64.85991990566254,
  "wap1_std_300": 138.76465786993504,
  "wap2_sum_300": 38.5124349296093,
  "wap2_mean_300": 47.055377155542374,
  "wap2_std_300": 133.43790546059608,
  "log_return1_sum_300": 103.63027186691761,
  "log_return1_realized_volatility_300": 10663.093578636646,
  "log_return1_mean_300": 92.40887814760208,
  "log_return1_std_300": 421.509501516819,
  "log_return2_sum_300": 72.53706596791744,
  "log_return2_realized_volatility_300": 3149.5826748758554,
  "log_return2_mean_300": 91.98963868618011,
  "log_return2_std_300": 210.14847710728645,
  "wap_balance_sum_300": 83.19891709089279,
  "wap_balance_mean_300": 207.1475602388382,
  "wap_balance_std_300": 172.95396226644516,
  "price_spread_sum_300": 333.8231094777584,
  "price_spread_mean_300": 1147.3360784053802,
  "price_spread_std_300": 87.28100392222404,
  "bid_spread_sum_300": 70.30457705259323,
  "bid_spread_mean_300": 84.71600487828255,
  "bid_spread_std_300": 90.88229182362556,
  "ask_spread_sum_300": 79.01199328899384,
  "ask_spread_mean_300": 66.85299664735794,
  "ask_spread_std_300": 94.74235671758652,
  "total_volume_sum_300": 67.20755714178085,
  "total_volume_mean_300": 62.7673859000206,
  "total_volume_std_300": 183.29480704665184,
  "volume_imbalance_sum_300": 59.30231301486492,
  "volume_imbalance_mean_300": 72.74343103170395,
  "volume_imbalance_std_300": 59.64904402196407,
  "wap1_sum_150": 86.45452177524567,
  "wap1_mean_150": 38.31881673634052,
  "wap1_std_150": 85.42151716351509,
  "wap2_sum_150": 48.68175685405731,
  "wap2_mean_150": 56.75203350186348,
  "wap2_std_150": 145.18834844231606,
  "log_return1_sum_150": 74.63262030482292,
  "log_return1_realized_volatility_150": 138301.3469646126,
  "log_return1_mean_150": 100.23386186361313,
  "log_return1_std_150": 313.02943570911884,
  "log_return2_sum_150": 69.24926988780499,
  "log_return2_realized_volatility_150": 4558.315168350935,
  "log_return2_mean_150": 81.53906951844692,
  "log_return2_std_150": 295.9903519153595,
  "wap_balance_sum_150": 408.4411363899708,
  "wap_balance_mean_150": 109.69948130846024,
  "wap_balance_std_150": 78.5083538889885,
  "price_spread_sum_150": 317.19416266679764,
  "price_spread_mean_150": 420.1933445930481,
  "price_spread_std_150": 106.72675216197968,
  "bid_spread_sum_150": 76.20027004182339,
  "bid_spread_mean_150": 65.00758504867554,
  "bid_spread_std_150": 117.71453151106834,
  "ask_spread_sum_150": 65.41710090637207,
  "ask_spread_mean_150": 884.2885110527277,
  "ask_spread_std_150": 77.06944917142391,
  "total_volume_sum_150": 74.94172720611095,
  "total_volume_mean_150": 80.16111043095589,
  "total_volume_std_150": 94.85364305973053,
  "volume_imbalance_sum_150": 45.866478234529495,
  "volume_imbalance_mean_150": 105.69613274931908,
  "volume_imbalance_std_150": 156.08897031843662,
  "trade_log_return_realized_volatility": 636.0721583664417,
  "trade_seconds_in_bucket_count_unique": 184.40498706698418,
  "trade_size_sum": 132.77619986236095,
  "trade_order_count_mean": 214.22387996315956,
  "trade_log_return_realized_volatility_450": 1201.2275054454803,
  "trade_seconds_in_bucket_count_unique_450": 246.7145789116621,
  "trade_size_sum_450": 114.24236595630646,
  "trade_order_count_mean_450": 189.0455932468176,
  "trade_log_return_realized_volatility_300": 759.2771168649197,
  "trade_seconds_in_bucket_count_unique_300": 232.08559241890907,
  "trade_size_sum_300": 129.4672724455595,
  "trade_order_count_mean_300": 135.56020268797874,
  "trade_log_return_realized_volatility_150": 297.0899707823992,
  "trade_seconds_in_bucket_count_unique_150": 196.11500780284405,
  "trade_size_sum_150": 135.30181369185448,
  "trade_order_count_mean_150": 110.77183525264263,
  "log_return1_realized_volatility_mean_stock": 316.23122665286064,
  "log_return1_realized_volatility_std_stock": 52.357300132513046,
  "log_return1_realized_volatility_max_stock": 34.34393233060837,
  "log_return1_realized_volatility_min_stock": 31.916138857603073,
  "log_return2_realized_volatility_mean_stock": 39.03950151801109,
  "log_return2_realized_volatility_std_stock": 48.32528880238533,
  "log_return2_realized_volatility_max_stock": 13.619933128356934,
  "log_return2_realized_volatility_min_stock": 19.721181839704514,
  "log_return1_realized_volatility_450_mean_stock": 405.6639775633812,
  "log_return1_realized_volatility_450_std_stock": 16.55540207028389,
  "log_return1_realized_volatility_450_max_stock": 7.984804064035416,
  "log_return1_realized_volatility_450_min_stock": 19.370864897966385,
  "log_return2_realized_volatility_450_mean_stock": 89.59742987155914,
  "log_return2_realized_volatility_450_std_stock": 44.30880892276764,
  "log_return2_realized_volatility_450_max_stock": 15.710609883069992,
  "log_return2_realized_volatility_450_min_stock": 14.098318219184875,
  "log_return1_realized_volatility_300_mean_stock": 205.13021710515022,
  "log_return1_realized_volatility_300_std_stock": 11.305399030447006,
  "log_return1_realized_volatility_300_max_stock": 18.12592613697052,
  "log_return1_realized_volatility_300_min_stock": 29.604706972837448,
  "log_return2_realized_volatility_300_mean_stock": 22.779161512851715,