{
  "stock_id": 10029.100813873112,
  "wap1_sum": 151.87738101184368,
  "wap1_mean": 73.07362921535969,
  "wap1_std": 150.78464379906654,
  "wap2_sum": 98.15520772337914,
  "wap2_mean": 86.70550891757011,
  "wap2_std": 128.4969837665558,
  "log_return1_sum": 104.44120270013809,
  "log_return1_realized_volatility": 95462.35355000198,
  "log_return1_mean": 101.47441409528255,
  "log_return1_std": 478.2655392885208,
  "log_return2_sum": 106.12968763709068,
  "log_return2_realized_volatility": 19876.539549589157,
  "log_return2_mean": 132.6679017841816,
  "log_return2_std": 67.01709789037704,
  "wap_balance_sum": 525.1027144640684,
  "wap_balance_mean": 210.45092660188675,
  "wap_balance_std": 172.8887493610382,
  "price_spread_sum": 1213.7172237336636,
  "price_spread_mean": 1549.2024111449718,
  "price_spread_std": 178.98514488339424,
  "bid_spread_sum": 100.55082097649574,
  "bid_spread_mean": 1340.591023683548,
  "bid_spread_std": 136.88340298831463,
  "ask_spread_sum": 80.58259417116642,
  "ask_spread_mean": 1043.2239950299263,
  "ask_spread_std": 130.3397388458252,
  "total_volume_sum": 254.15617123246193,
  "total_volume_mean": 290.16847221553326,
  "total_volume_std": 309.90438121557236,
  "volume_imbalance_sum": 68.75946329534054,
  "volume_imbalance_mean": 1327.878309711814,
  "volume_imbalance_std": 174.41535711288452,
  "wap1_sum_450": 135.48584538698196,
  "wap1_mean_450": 107.6562337577343,
  "wap1_std_450": 214.29610796272755,
  "wap2_sum_450": 109.54103891551495,
  "wap2_mean_450": 112.75603698194027,
  "wap2_std_450": 309.0763529241085,
  "log_return1_sum_450": 109.57418398559093,
  "log_return1_realized_volatility_450": 873.2684108167887,
  "log_return1_mean_450": 121.92203363776207,
  "log_return1_std_450": 336.96559551358223,
  "log_return2_sum_450": 111.54026414453983,
  "log_return2_realized_volatility_450": 9051.905441075563,
  "log_return2_mean_450": 104.24597422778606,
  "log_return2_std_450": 136.0245342105627,
  "wap_balance_sum_450": 171.43927013874054,
  "wap_balance_mean_450": 147.26171830296516,
  "wap_balance_std_450": 120.69564715027809,
  "price_spread_sum_450": 367.4822120219469,
  "price_spread_mean_450": 700.5592591762543,
  "price_spread_std_450": 183.90379157662392,
  "bid_spread_sum_450": 92.74689511954784,
  "bid_spread_mean_450": 102.99025590717793,
  "bid_spread_std_450": 131.49972984194756,
  "ask_spread_sum_450": 98.6459068953991,
  "ask_spread_mean_450": 764.2666323333979,
  "ask_spread_std_450": 82.41760490834713,
  "total_volume_sum_450": 138.412955224514,
  "total_volume_mean_450": 130.61354067921638,
  "total_volume_std_450": 104.02305990457535,
  "volume_imbalance_sum_450": 71.59336380660534,
  "volume_imbalance_mean_450": 83.96452277898788,
  "volume_imbalance_std_450": 86.33944183588028,
  "wap1_sum_300": 92.7650820761919,
  "wap1_mean_300": 83.80984222888947,
  "wap1_std_300": 161.13185469806194,
  "wap2_sum_300": 94.26074187457561,
  "wap2_mean_300": 70.97874097526073,
  "wap2_std_300": 117.82989969849586,
  "log_return1_sum_300": 109.76402899622917,
  "log_return1_realized_volatility_300": 9506.485288903117,
  "log_return1_mean_300": 137.46042722463608,
  "log_return1_std_300": 830.006820872426,
  "log_return2_sum_300": 92.8017208725214,
  "log_return2_realized_volatility_300": 2499.404476866126,
  "log_return2_mean_300": 113.20119747519493,
  "log_return2_std_300": 107.48551732301712,
  "wap_balance_sum_300": 188.62515170872211,
  "wap_balance_mean_300": 404.19551435112953,
  "wap_balance_std_300": 148.62264461815357,
  "price_spread_sum_300": 862.172308832407,
  "price_spread_mean_300": 807.6124602258205,
  "price_spread_std_300": 94.42634457349777,
  "bid_spread_sum_300": 71.82972347736359,
  "bid_spread_mean_300": 101.26092512905598,
  "bid_spread_std_300": 93.1856457144022,
  "ask_spread_sum_300": 80.98107627034187,
  "ask_spread_mean_300": 130.33604706823826,
  "ask_spread_std_300": 106.22679699957371,
  "total_volume_sum_300": 81.51654624938965,
  "total_volume_mean_300": 98.58651155233383,
  "total_volume_std_300": 101.23732268065214,
  "volume_imbalance_sum_300": 78.89139710366726,
  "volume_imbalance_mean_300": 98.77090576291084,
  "volume_imbalance_std_300": 68.83790019154549,
  "wap1_sum_150": 106.65080808103085,
  "wap1_mean_150": 79.63893122971058,
  "wap1_std_150": 75.94311410188675,
  "wap2_sum_150": 59.64081086218357,
  "wap2_mean_150": 54.144009068608284,
  "wap2_std_150": 112.52752907574177,
  "log_return1_sum_150": 97.54303988814354,
  "log_return1_realized_volatility_150": 254215.60330744833,
  "log_return1_mean_150": 83.94698658585548,
  "log_return1_std_150": 202.65360184013844,
  "log_return2_sum_150": 107.47854615747929,
  "log_return2_realized_volatility_150": 7367.376230336726,
  "log_return2_mean_150": 83.03599898517132,
  "log_return2_std_150": 87.47793762385845,
  "wap_balance_sum_150": 348.95129965245724,
  "wap_balance_mean_150": 187.7811712771654,
  "wap_balance_std_150": 131.61695647239685,
  "price_spread_sum_150": 409.705138631165,
  "price_spread_mean_150": 853.5821821391582,
  "price_spread_std_150": 128.14049749076366,
  "bid_spread_sum_150": 95.21917580068111,
  "bid_spread_mean_150": 104.39260087907314,
  "bid_spread_std_150": 108.04315213859081,
  "ask_spread_sum_150": 107.57008601725101,
  "ask_spread_mean_150": 125.1168482452631,
  "ask_spread_std_150": 81.64208489656448,
  "total_volume_sum_150": 142.1425218731165,
  "total_volume_mean_150": 108.34972554445267,
  "total_volume_std_150": 128.7044651955366,
  "volume_imbalance_sum_150": 64.48875696957111,
  "volume_imbalance_mean_150": 106.45553085207939,
  "volume_imbalance_std_150": 93.2417796254158,
  "trade_log_return_realized_volatility": 2395.741178229451,
  "trade_seconds_in_bucket_count_unique": 420.13586313277483,
  "trade_size_sum": 117.88062287867069,
  "trade_order_count_mean": 323.3084163367748,
  "trade_log_return_realized_volatility_450": 866.3682060688734,
  "trade_seconds_in_bucket_count_unique_450": 333.6158446967602,
  "trade_size_sum_450": 140.77878737449646,
  "trade_order_count_mean_450": 270.1251049786806,
  "trade_log_return_realized_volatility_300": 219.09061028063297,
  "trade_seconds_in_bucket_count_unique_300": 239.52356774359941,
  "trade_size_sum_300": 188.23289300501347,
  "trade_order_count_mean_300": 192.31745553016663,
  "trade_log_return_realized_volatility_150": 230.6673645824194,
  "trade_seconds_in_bucket_count_unique_150": 205.45756646245718,
  "trade_size_sum_150": 181.92142833769321,
  "trade_order_count_mean_150": 204.43916019797325,
  "log_return1_realized_volatility_mean_stock": 431.2882294654846,
  "log_return1_realized_volatility_std_stock": 55.04677680134773,
  "log_return1_realized_volatility_max_stock": 24.25774097442627,
  "log_return1_realized_volatility_min_stock": 64.91804407536983,
  "log_return2_realized_volatility_mean_stock": 145.09331159293652,
  "log_return2_realized_volatility_std_stock": 73.34756977856159,
  "log_return2_realized_volatility_max_stock": 29.72186280786991,
  "log_return2_realized_volatility_min_stock": 76.98385000228882,
  "log_return1_realized_volatility_450_mean_stock": 640.6965672820807,
  "log_return1_realized_volatility_450_std_stock": 56.32051411271095,
  "log_return1_realized_volatility_450_max_stock": 24.383309856057167,
  "log_return1_realized_volatility_450_min_stock": 31.41704997420311,
  "log_return2_realized_volatility_450_mean_stock": 143.1057567000389,
  "log_return2_realized_volatility_450_std_stock": 55.682101771235466,
  "log_return2_realized_volatility_450_max_stock": 24.63604509830475,
  "log_return2_realized_volatility_450_min_stock": 25.38181409239769,
  "log_return1_realized_volatility_300_mean_stock": 332.98743426799774,
  "log_return1_realized_volatility_300_std_stock": 19.9840000718832,
  "log_return1_realized_volatility_300_max_stock": 23.176864877343178,
  "log_return1_realized_volatility_300_min_stock": 67.29524648189545,
  "log_return2_realized_volatility_300_mean_stock": 234.95755410194397,